Argument provided: Using install path g54r2
Building model server with Python
Building model server without tests
Building model server without integrity checks
[INFO] Using MSVC "C:\BuildTools"
Python 3.12.10
[setupvars.bat] OpenVINO environment initialized
Setting vars for OpenCV 4.14.0 
Append PYTHONPATH: C:\opt\opencv_4.14.0\\python_loader_is_not_installed 
Provided bazel build flags: --config=win_mp_on_py_on
Provided openvino directory: C:\g54r2
Starting local Bazel server and connecting to it...
WARNING: The following configs were expanded more than once: [short_logs, v2, monolithic]. For repeatable flags, repeats are counted twice and may lead to unexpected behavior.
INFO: Options provided by the client:
  Inherited 'common' options: --isatty=0 --terminal_columns=80
INFO: Options provided by the client:
  'build' options: --python_path=C:/opt/Python312/python.exe
INFO: Reading rc options for 'build' from c:\git\gemmamonster-2026.4-unified-20260911\.bazelrc:
  'build' options: --define=no_cuda=1 --spawn_strategy=standalone --genrule_strategy=standalone --define=grpc_no_ares=true --define=MEDIAPIPE_DISABLE_GPU=1 --define=MEDIAPIPE_DISABLE=0 --define=CLOUD_DISABLE=0 --define=PYTHON_DISABLE=0 --apple_platform_type=macos -c opt --copt=-O2 --copt=-DGRPC_BAZEL_BUILD --cxxopt=-D_GLIBCXX_USE_CXX11_ABI=1 --enable_platform_specific_config --experimental_repo_remote_exec --experimental_cc_shared_library --check_visibility=true --incompatible_strict_action_env --cxxopt=-DOVMS_DUMP_TO_FILE=0 --remote_upload_local_results=true
INFO: Found applicable config definition build:win_mp_on_py_on in file c:\git\gemmamonster-2026.4-unified-20260911\.bazelrc: --config=windows --define=MEDIAPIPE_DISABLE=0 --define=PYTHON_DISABLE=0
INFO: Found applicable config definition build:windows in file c:\git\gemmamonster-2026.4-unified-20260911\.bazelrc: --host_cxxopt=/std:c++17 --cxxopt=/std:c++17 --noenable_bzlmod --define=use_fast_cpp_protos=true --define=allow_oversize_protos=true --announce_rc --noincompatible_remove_legacy_whole_archive --features=-force_no_whole_archive --define=with_xla_support=true --config=short_logs --config=v2 --define=no_aws_support=true --define=no_hdfs_support=true --experimental_link_static_libraries_once=false --incompatible_enforce_config_setting_visibility --config=monolithic --copt=/W0 --host_copt=/W0 --copt=/external:anglebrackets --host_copt=/external:anglebrackets --copt=/external:W0 --host_copt=/external:W0 --copt=/Zc:__cplusplus --host_copt=/Zc:__cplusplus --copt=/D_USE_MATH_DEFINES --host_copt=/D_USE_MATH_DEFINES --features=compiler_param_file --features=archive_param_file --copt=/d2ReducedOptimizeHugeFunctions --host_copt=/d2ReducedOptimizeHugeFunctions --copt=-DWIN32_LEAN_AND_MEAN --host_copt=-DWIN32_LEAN_AND_MEAN --copt=-DNOGDI --host_copt=-DNOGDI --copt=/Zc:preprocessor --host_copt=/Zc:preprocessor --linkopt=/OPT:REF --host_linkopt=/OPT:REF --linkopt=/OPT:ICF --host_linkopt=/OPT:ICF --action_env PYTHON_BIN_PATH=C:/opt/Python312/python.exe --action_env PYTHON_LIB_PATH=C:/opt/Python312/lib/site-packages --repo_env PYTHON_BIN_PATH=C:/opt/Python312/python.exe --python_path=C:/opt/Python312/python.exe --define=override_eigen_strong_inline=true --deleted_packages=tensorflow/core/tfrt/stubs,tensorflow/compiler/mlir/tfrt,tensorflow/compiler/mlir/tfrt/benchmarks,tensorflow/compiler/mlir/tfrt/ir,tensorflow/compiler/mlir/tfrt/ir/mlrt,tensorflow/compiler/mlir/tfrt/jit/python_binding,tensorflow/compiler/mlir/tfrt/jit/transforms,tensorflow/compiler/mlir/tfrt/python_tests,tensorflow/compiler/mlir/tfrt/tests,tensorflow/compiler/mlir/tfrt/tests/mlrt,tensorflow/compiler/mlir/tfrt/tests/ir,tensorflow/compiler/mlir/tfrt/tests/analysis,tensorflow/compiler/mlir/tfrt/tests/jit,tensorflow/compiler/mlir/tfrt/tests/lhlo_to_tfrt,tensorflow/compiler/mlir/tfrt/tests/lhlo_to_jitrt,tensorflow/compiler/mlir/tfrt/tests/tf_to_corert,tensorflow/compiler/mlir/tfrt/tests/tf_to_tfrt_data,tensorflow/compiler/mlir/tfrt/tests/saved_model,tensorflow/compiler/mlir/tfrt/transforms/lhlo_gpu_to_tfrt_gpu,tensorflow/compiler/mlir/tfrt/transforms/mlrt,tensorflow/core/runtime_fallback,tensorflow/core/runtime_fallback/conversion,tensorflow/core/runtime_fallback/kernel,tensorflow/core/runtime_fallback/opdefs,tensorflow/core/runtime_fallback/runtime,tensorflow/core/runtime_fallback/util,tensorflow/core/tfrt/mlrt,tensorflow/core/tfrt/mlrt/attribute,tensorflow/core/tfrt/mlrt/kernel,tensorflow/core/tfrt/mlrt/bytecode,tensorflow/core/tfrt/mlrt/interpreter,tensorflow/compiler/mlir/tfrt/translate/mlrt,tensorflow/compiler/mlir/tfrt/translate/mlrt/testdata,tensorflow/core/tfrt/gpu,tensorflow/core/tfrt/run_handler_thread_pool,tensorflow/core/tfrt/runtime,tensorflow/core/tfrt/saved_model,tensorflow/core/tfrt/graph_executor,tensorflow/core/tfrt/saved_model/tests,tensorflow/core/tfrt/tpu,tensorflow/core/tfrt/utils,tensorflow/core/tfrt/utils/debug,tensorflow/core/tfrt/saved_model/python,tensorflow/core/tfrt/graph_executor/python --override_repository=boringssl=C:\opt\boringSSL-SwiftPM --define=CLOUD_DISABLE=1 --define=PYTHON_DISABLE=1 --define=MEDIAPIPE_DISABLE=0 --action_env OpenVINO_DIR=c:/opt/openvino/runtime/cmake --action_env OpenCV_DIR=c:/opt/opencv_4.14.0 --repo_env=HERMETIC_PYTHON_VERSION=3.12
INFO: Found applicable config definition build:short_logs in file c:\git\gemmamonster-2026.4-unified-20260911\.bazelrc: --output_filter=DONT_MATCH_ANYTHING
INFO: Found applicable config definition build:v2 in file c:\git\gemmamonster-2026.4-unified-20260911\.bazelrc: --define=tf_api_version=2 --action_env=TF2_BEHAVIOR=1
INFO: Found applicable config definition build:monolithic in file c:\git\gemmamonster-2026.4-unified-20260911\.bazelrc: --define framework_shared_object=false --define tsl_protobuf_header_only=false
INFO: Found applicable config definition build:windows in file c:\git\gemmamonster-2026.4-unified-20260911\.bazelrc: --host_cxxopt=/std:c++17 --cxxopt=/std:c++17 --noenable_bzlmod --define=use_fast_cpp_protos=true --define=allow_oversize_protos=true --announce_rc --noincompatible_remove_legacy_whole_archive --features=-force_no_whole_archive --define=with_xla_support=true --config=short_logs --config=v2 --define=no_aws_support=true --define=no_hdfs_support=true --experimental_link_static_libraries_once=false --incompatible_enforce_config_setting_visibility --config=monolithic --copt=/W0 --host_copt=/W0 --copt=/external:anglebrackets --host_copt=/external:anglebrackets --copt=/external:W0 --host_copt=/external:W0 --copt=/Zc:__cplusplus --host_copt=/Zc:__cplusplus --copt=/D_USE_MATH_DEFINES --host_copt=/D_USE_MATH_DEFINES --features=compiler_param_file --features=archive_param_file --copt=/d2ReducedOptimizeHugeFunctions --host_copt=/d2ReducedOptimizeHugeFunctions --copt=-DWIN32_LEAN_AND_MEAN --host_copt=-DWIN32_LEAN_AND_MEAN --copt=-DNOGDI --host_copt=-DNOGDI --copt=/Zc:preprocessor --host_copt=/Zc:preprocessor --linkopt=/OPT:REF --host_linkopt=/OPT:REF --linkopt=/OPT:ICF --host_linkopt=/OPT:ICF --action_env PYTHON_BIN_PATH=C:/opt/Python312/python.exe --action_env PYTHON_LIB_PATH=C:/opt/Python312/lib/site-packages --repo_env PYTHON_BIN_PATH=C:/opt/Python312/python.exe --python_path=C:/opt/Python312/python.exe --define=override_eigen_strong_inline=true --deleted_packages=tensorflow/core/tfrt/stubs,tensorflow/compiler/mlir/tfrt,tensorflow/compiler/mlir/tfrt/benchmarks,tensorflow/compiler/mlir/tfrt/ir,tensorflow/compiler/mlir/tfrt/ir/mlrt,tensorflow/compiler/mlir/tfrt/jit/python_binding,tensorflow/compiler/mlir/tfrt/jit/transforms,tensorflow/compiler/mlir/tfrt/python_tests,tensorflow/compiler/mlir/tfrt/tests,tensorflow/compiler/mlir/tfrt/tests/mlrt,tensorflow/compiler/mlir/tfrt/tests/ir,tensorflow/compiler/mlir/tfrt/tests/analysis,tensorflow/compiler/mlir/tfrt/tests/jit,tensorflow/compiler/mlir/tfrt/tests/lhlo_to_tfrt,tensorflow/compiler/mlir/tfrt/tests/lhlo_to_jitrt,tensorflow/compiler/mlir/tfrt/tests/tf_to_corert,tensorflow/compiler/mlir/tfrt/tests/tf_to_tfrt_data,tensorflow/compiler/mlir/tfrt/tests/saved_model,tensorflow/compiler/mlir/tfrt/transforms/lhlo_gpu_to_tfrt_gpu,tensorflow/compiler/mlir/tfrt/transforms/mlrt,tensorflow/core/runtime_fallback,tensorflow/core/runtime_fallback/conversion,tensorflow/core/runtime_fallback/kernel,tensorflow/core/runtime_fallback/opdefs,tensorflow/core/runtime_fallback/runtime,tensorflow/core/runtime_fallback/util,tensorflow/core/tfrt/mlrt,tensorflow/core/tfrt/mlrt/attribute,tensorflow/core/tfrt/mlrt/kernel,tensorflow/core/tfrt/mlrt/bytecode,tensorflow/core/tfrt/mlrt/interpreter,tensorflow/compiler/mlir/tfrt/translate/mlrt,tensorflow/compiler/mlir/tfrt/translate/mlrt/testdata,tensorflow/core/tfrt/gpu,tensorflow/core/tfrt/run_handler_thread_pool,tensorflow/core/tfrt/runtime,tensorflow/core/tfrt/saved_model,tensorflow/core/tfrt/graph_executor,tensorflow/core/tfrt/saved_model/tests,tensorflow/core/tfrt/tpu,tensorflow/core/tfrt/utils,tensorflow/core/tfrt/utils/debug,tensorflow/core/tfrt/saved_model/python,tensorflow/core/tfrt/graph_executor/python --override_repository=boringssl=C:\opt\boringSSL-SwiftPM --define=CLOUD_DISABLE=1 --define=PYTHON_DISABLE=1 --define=MEDIAPIPE_DISABLE=0 --action_env OpenVINO_DIR=c:/opt/openvino/runtime/cmake --action_env OpenCV_DIR=c:/opt/opencv_4.14.0 --repo_env=HERMETIC_PYTHON_VERSION=3.12
INFO: Found applicable config definition build:short_logs in file c:\git\gemmamonster-2026.4-unified-20260911\.bazelrc: --output_filter=DONT_MATCH_ANYTHING
INFO: Found applicable config definition build:v2 in file c:\git\gemmamonster-2026.4-unified-20260911\.bazelrc: --define=tf_api_version=2 --action_env=TF2_BEHAVIOR=1
INFO: Found applicable config definition build:monolithic in file c:\git\gemmamonster-2026.4-unified-20260911\.bazelrc: --define framework_shared_object=false --define tsl_protobuf_header_only=false
Loading: 
Loading: 
Loading: 
Loading: 
Loading: 
Loading: 
DEBUG: Rule 'rules_foreign_cc' indicated that a canonical reproducible form can be obtained by modifying arguments commit = "1fb8a1ed9100236590c2a9441d79811aefaabcf8"
DEBUG: Repository rules_foreign_cc instantiated at:
  C:/git/gemmamonster-2026.4-unified-20260911/WORKSPACE:223:15: in <toplevel>
Repository rule git_repository defined at:
  C:/g54r2/f3bslrdg/external/bazel_tools/tools/build_defs/repo/git.bzl:181:33: in <toplevel>
Loading: 
Loading: 
Loading: 
DEBUG: Rule 'pybind11_bazel' indicated that a canonical reproducible form can be obtained by modifying arguments sha256 = "b72c5b44135b90d1ffaba51e08240be0b91707ac60bea08bb4d84b47316211bb"
DEBUG: Repository pybind11_bazel instantiated at:
  C:/git/gemmamonster-2026.4-unified-20260911/WORKSPACE:334:13: in <toplevel>
Repository rule http_archive defined at:
  C:/g54r2/f3bslrdg/external/bazel_tools/tools/build_defs/repo/http.bzl:372:31: in <toplevel>
Loading: 
Loading: 
DEBUG: C:/g54r2/f3bslrdg/external/org_tensorflow/third_party/py/python_repo.bzl:107:10: Using hermetic Python 3.12
Loading: 
Loading: 
Loading: 
Loading: 
DEBUG: C:/g54r2/f3bslrdg/external/org_tensorflow/third_party/repo.bzl:132:14: 
Warning: skipping import of repository 'com_google_absl' because it already exists.
DEBUG: C:/g54r2/f3bslrdg/external/org_tensorflow/third_party/repo.bzl:132:14: 
Warning: skipping import of repository 'pybind11_bazel' because it already exists.
DEBUG: C:/g54r2/f3bslrdg/external/org_tensorflow/third_party/repo.bzl:132:14: 
Warning: skipping import of repository 'com_google_protobuf' because it already exists.
DEBUG: C:/g54r2/f3bslrdg/external/org_tensorflow/third_party/repo.bzl:132:14: 
Warning: skipping import of repository 'com_github_gflags_gflags' because it already exists.
DEBUG: C:/g54r2/f3bslrdg/external/org_tensorflow/third_party/repo.bzl:132:14: 
Warning: skipping import of repository 'boringssl' because it already exists.
DEBUG: C:/g54r2/f3bslrdg/external/org_tensorflow/third_party/repo.bzl:132:14: 
Warning: skipping import of repository 'zlib' because it already exists.
DEBUG: C:/g54r2/f3bslrdg/external/org_tensorflow/third_party/repo.bzl:132:14: 
Warning: skipping import of repository 'pybind11' because it already exists.
DEBUG: C:/g54r2/f3bslrdg/external/org_tensorflow/third_party/repo.bzl:132:14: 
Warning: skipping import of repository 'upb' because it already exists.
DEBUG: C:/g54r2/f3bslrdg/external/org_tensorflow/third_party/repo.bzl:132:14: 
Warning: skipping import of repository 'com_github_glog_glog' because it already exists.
Loading: 
Loading: 
Loading: 
Loading: 
Loading: 
Loading: 
Loading: 
Loading: 
DEBUG: Rule 'com_github_jupp0r_prometheus_cpp' indicated that a canonical reproducible form can be obtained by modifying arguments sha256 = "281b6d9a26da35375c9958954e03616d71ea28d57ec193b0e75c3e10ff3da55d"
DEBUG: Repository com_github_jupp0r_prometheus_cpp instantiated at:
  C:/git/gemmamonster-2026.4-unified-20260911/WORKSPACE:565:13: in <toplevel>
Repository rule http_archive defined at:
  C:/g54r2/f3bslrdg/external/bazel_tools/tools/build_defs/repo/http.bzl:372:31: in <toplevel>
WARNING: The following configs were expanded more than once: [short_logs, v2, monolithic]. For repeatable flags, repeats are counted twice and may lead to unexpected behavior.
Loading: 
Loading: 0 packages loaded
Loading: 1 packages loaded
    currently loading: src
Loading: 1 packages loaded
    currently loading: src
Loading: 1 packages loaded
    currently loading: src
Loading: 1 packages loaded
    currently loading: src
Loading: 1 packages loaded
    currently loading: src
Analyzing: 3 targets (2 packages loaded, 0 targets configured)
Analyzing: 3 targets (6 packages loaded, 6 targets configured)
Analyzing: 3 targets (6 packages loaded, 6 targets configured)
Analyzing: 3 targets (46 packages loaded, 9 targets configured)
Analyzing: 3 targets (47 packages loaded, 9 targets configured)
Analyzing: 3 targets (47 packages loaded, 9 targets configured)
DEBUG: Rule 'espeak_ng' indicated that a canonical reproducible form can be obtained by modifying arguments shallow_since = "1742642714 +0300"
DEBUG: Repository espeak_ng instantiated at:
  C:/git/gemmamonster-2026.4-unified-20260911/WORKSPACE:484:10: in <toplevel>
  C:/git/gemmamonster-2026.4-unified-20260911/third_party/espeak_ng/espeak_ng.bzl:35:23: in espeak_ng
Repository rule git_repository defined at:
  C:/g54r2/f3bslrdg/external/bazel_tools/tools/build_defs/repo/git.bzl:181:33: in <toplevel>
Analyzing: 3 targets (49 packages loaded, 15 targets configured)
Analyzing: 3 targets (49 packages loaded, 15 targets configured)
Analyzing: 3 targets (60 packages loaded, 332 targets configured)
Analyzing: 3 targets (64 packages loaded, 332 targets configured)
Analyzing: 3 targets (65 packages loaded, 332 targets configured)
DEBUG: C:/git/gemmamonster-2026.4-unified-20260911/third_party/drogon/drogon.bzl:107:14: Script executed successfully!
DEBUG: C:/git/gemmamonster-2026.4-unified-20260911/third_party/drogon/drogon.bzl:108:14: Output: Working in C:\g54r2\f3bslrdg\external\_drogon_cpp/../drogon/lib/tests/integration_test/server/
Analyzing: 3 targets (115 packages loaded, 756 targets configured)
DEBUG: Rule 'pybind11' indicated that a canonical reproducible form can be obtained by modifying arguments sha256 = "d475978da0cdc2d43b73f30910786759d593a9d8ee05b1b6846d1eb16c6d2e0c"
DEBUG: Repository pybind11 instantiated at:
  C:/git/gemmamonster-2026.4-unified-20260911/WORKSPACE:340:13: in <toplevel>
Repository rule http_archive defined at:
  C:/g54r2/f3bslrdg/external/bazel_tools/tools/build_defs/repo/http.bzl:372:31: in <toplevel>
Analyzing: 3 targets (115 packages loaded, 756 targets configured)
Analyzing: 3 targets (120 packages loaded, 1124 targets configured)
Analyzing: 3 targets (153 packages loaded, 2757 targets configured)
Analyzing: 3 targets (158 packages loaded, 2778 targets configured)
Analyzing: 3 targets (179 packages loaded, 5665 targets configured)
Analyzing: 3 targets (201 packages loaded, 6410 targets configured)
Analyzing: 3 targets (227 packages loaded, 6709 targets configured)
Analyzing: 3 targets (242 packages loaded, 18864 targets configured)
Analyzing: 3 targets (268 packages loaded, 20253 targets configured)
Analyzing: 3 targets (308 packages loaded, 22080 targets configured)
DEBUG: Rule 'nlohmann_json' indicated that a canonical reproducible form can be obtained by modifying arguments commit = "9cca280a4d0ccf0c08f47a99aa71d1b0e52f8d03" and dropping ["tag"]
DEBUG: Repository nlohmann_json instantiated at:
  C:/git/gemmamonster-2026.4-unified-20260911/WORKSPACE:583:15: in <toplevel>
Repository rule git_repository defined at:
  C:/g54r2/f3bslrdg/external/bazel_tools/tools/build_defs/repo/git.bzl:181:33: in <toplevel>
Analyzing: 3 targets (330 packages loaded, 24007 targets configured)
Analyzing: 3 targets (331 packages loaded, 24103 targets configured)
Analyzing: 3 targets (332 packages loaded, 24103 targets configured)
Analyzing: 3 targets (333 packages loaded, 24828 targets configured)
Analyzing: 3 targets (336 packages loaded, 25822 targets configured)
Analyzing: 3 targets (336 packages loaded, 25822 targets configured)
Analyzing: 3 targets (337 packages loaded, 25822 targets configured)
Analyzing: 3 targets (337 packages loaded, 27953 targets configured)
Analyzing: 3 targets (344 packages loaded, 32665 targets configured)
INFO: Analyzed 3 targets (344 packages loaded, 32857 targets configured).
INFO: Found 3 targets...
[0 / 1,005] [Prepa] BazelWorkspaceStatusAction stable-status.txt ... (3 actions, 1 running)
[73 / 1,763] Compiling absl/numeric/int128.cc; 0s local ... (3 actions, 2 running)
[145 / 1,763] Compiling absl/numeric/int128.cc; 1s local ... (3 actions, 2 running)
[229 / 1,768] Compiling absl/numeric/int128.cc; 2s local ... (4 actions, 3 running)
[301 / 1,783] Executing genrule @local_config_python//:python_include; 1s local ... (4 actions, 3 running)
[382 / 1,783] Executing genrule @local_config_python//:python_include; 2s local ... (4 actions, 3 running)
[460 / 1,825] Executing genrule @local_config_python//:python_include; 3s local ... (4 actions, 3 running)
[539 / 1,839] Executing genrule @local_config_python//:python_include; 4s local ... (5 actions, 4 running)
[611 / 1,839] Executing genrule @local_config_python//:python_include; 5s local ... (5 actions, 4 running)
[640 / 1,849] Executing genrule @local_config_python//:python_include; 6s local ... (4 actions running)
[662 / 1,868] Executing genrule @local_config_python//:python_include; 7s local ... (5 actions, 4 running)
[668 / 1,868] Executing genrule @local_config_python//:python_include; 8s local ... (4 actions running)
[672 / 1,868] Executing genrule @local_config_python//:python_include; 10s local ... (3 actions running)
[675 / 1,910] Executing genrule @local_config_python//:python_include; 11s local ... (4 actions running)
[677 / 1,911] Executing genrule @local_config_python//:python_include; 12s local ... (4 actions running)
[693 / 1,928] Executing genrule @local_config_python//:python_include; 13s local ... (4 actions running)
[696 / 1,939] Executing genrule @local_config_python//:python_include; 14s local ... (4 actions running)
[710 / 1,941] Executing genrule @local_config_python//:python_include; 15s local ... (5 actions running)
[712 / 1,946] Executing genrule @local_config_python//:python_include; 16s local ... (4 actions running)
[718 / 2,076] Executing genrule @local_config_python//:python_include; 17s local ... (5 actions running)
[742 / 2,130] Executing genrule @local_config_python//:python_include; 18s local ... (5 actions running)
[760 / 2,130] Compiling absl/time/internal/cctz/src/time_zone_impl.cc; 0s local ... (5 actions running)
[764 / 2,131] Compiling src/code_generators.cpp [for tool]; 1s local ... (6 actions running)
[771 / 2,134] Compiling src/python/binding/ovms_py_tensor.cpp; 1s local ... (7 actions running)
[776 / 2,134] Compiling src/python/binding/ovms_py_tensor.cpp; 2s local ... (7 actions running)
[779 / 2,134] Compiling src/python/binding/ovms_py_tensor.cpp; 3s local ... (7 actions running)
[782 / 2,134] Compiling src/python/binding/ovms_py_tensor.cpp; 4s local ... (7 actions running)
[821 / 2,176] Compiling src/python/binding/ovms_py_tensor.cpp; 5s local ... (7 actions running)
[826 / 2,176] Compiling src/python/binding/ovms_py_tensor.cpp; 6s local ... (7 actions running)
[835 / 2,178] Compiling src/python/binding/ovms_py_tensor.cpp; 7s local ... (6 actions, 5 running)
[840 / 2,180] Compiling src/python/binding/ovms_py_tensor.cpp; 8s local ... (7 actions running)
[844 / 2,180] Compiling src/python/binding/ovms_py_tensor.cpp; 9s local ... (7 actions running)
[849 / 2,182] Compiling src/python/binding/ovms_py_tensor.cpp; 10s local ... (7 actions, 6 running)
[854 / 2,184] Compiling src/python/binding/ovms_py_tensor.cpp; 12s local ... (7 actions running)
[859 / 2,190] Compiling src/python/binding/ovms_py_tensor.cpp; 13s local ... (7 actions running)
[865 / 2,190] Compiling src/python/binding/ovms_py_tensor.cpp; 14s local ... (7 actions running)
[868 / 2,192] Compiling src/python/binding/ovms_py_tensor.cpp; 15s local ... (7 actions running)
[873 / 2,192] Compiling src/python/binding/ovms_py_tensor.cpp; 16s local ... (7 actions running)
[877 / 2,194] Compiling src/python/binding/ovms_py_tensor.cpp; 17s local ... (7 actions running)
[880 / 2,194] Compiling src/python/binding/ovms_py_tensor.cpp; 18s local ... (7 actions running)
[885 / 2,198] Compiling src/python/binding/ovms_py_tensor.cpp; 19s local ... (7 actions, 6 running)
[893 / 2,200] Compiling src/idl_parser.cpp [for tool]; 9s local ... (6 actions running)
[903 / 2,206] Compiling src/idl_parser.cpp [for tool]; 10s local ... (6 actions running)
[906 / 2,301] Compiling absl/strings/internal/charconv_bigint.cc; 1s local ... (5 actions running)
[917 / 2,317] Compiling src/google/protobuf/io/strtod.cc [for tool]; 1s local ... (5 actions, 4 running)
[955 / 2,419] Compiling src/idl_gen_text.cpp [for tool]; 2s local ... (5 actions running)
[977 / 2,464] Compiling src/idl_gen_text.cpp [for tool]; 3s local ... (5 actions running)
[1,046 / 2,587] Compiling src/compiler/ruby_generator.cc [for tool]; 2s local ... (6 actions running)
[1,058 / 2,614] Compiling src/compiler/ruby_generator.cc [for tool]; 3s local ... (6 actions running)
[1,069 / 2,622] Compiling src/compiler/python_generator.cc [for tool]; 0s local ... (6 actions running)
[1,091 / 2,655] Compiling src/compiler/python_generator.cc [for tool]; 2s local ... (6 actions, 5 running)
[1,093 / 2,655] Compiling src/compiler/python_generator.cc [for tool]; 3s local ... (6 actions, 5 running)
[1,138 / 2,798] Compiling src/google/protobuf/generated_message_util.cc [for tool]; 2s local ... (6 actions, 5 running)
[1,144 / 2,800] Compiling src/compiler/php_generator.cc [for tool]; 1s local ... (6 actions, 5 running)
[1,151 / 2,804] Compiling src/compiler/php_generator.cc [for tool]; 2s local ... (6 actions, 5 running)
[1,172 / 2,828] Compiling grpc/src/compiler/java_generator.cc [for tool]; 1s local ... (7 actions, 6 running)
[1,185 / 2,832] Compiling grpc/src/compiler/java_generator.cc [for tool]; 2s local ... (7 actions, 6 running)
[1,251 / 3,064] Compiling src/google/protobuf/generated_message_table_driven_lite.cc [for tool]; 2s local ... (7 actions, 6 running)
[1,256 / 3,066] Compiling grpc/src/compiler/go_generator.cc [for tool]; 1s local ... (7 actions, 6 running)
[1,260 / 3,066] Compiling grpc/src/compiler/go_generator.cc [for tool]; 2s local ... (7 actions, 6 running)
[1,271 / 3,072] Compiling src/compiler/node_generator.cc [for tool]; 2s local ... (7 actions, 6 running)
[1,274 / 3,072] Compiling src/google/protobuf/extension_set.cc [for tool]; 2s local ... (7 actions, 6 running)
[1,278 / 3,074] Compiling grpc/src/compiler/cpp_generator.cc [for tool]; 2s local ... (7 actions running)
[1,294 / 3,089] Compiling src/compiler/csharp_generator.cc [for tool]; 2s local ... (7 actions running)
[1,298 / 3,091] Compiling src/flatc.cpp [for tool]; 1s local ... (7 actions running)
[1,310 / 3,097] Compiling src/flatc.cpp [for tool]; 2s local ... (7 actions running)
[1,314 / 3,106] Compiling src/flatc.cpp [for tool]; 3s local ... (7 actions, 6 running)
[1,324 / 3,165] Compiling src/flatc.cpp [for tool]; 4s local ... (7 actions running)
[1,329 / 3,172] Compiling src/compiler/cpp_generator.cc [for tool]; 4s local ... (7 actions running)
[1,337 / 3,174] Compiling tsl/platform/protobuf_util.cc [for tool]; 2s local ... (7 actions running)
[1,341 / 3,176] Compiling tsl/platform/protobuf_util.cc [for tool]; 3s local ... (7 actions running)
[1,345 / 3,176] Compiling src/binary_annotator.cpp [for tool]; 3s local ... (7 actions running)
[1,350 / 3,178] Compiling src/binary_annotator.cpp [for tool]; 4s local ... (6 actions running)
[1,352 / 3,178] Compiling tsl/platform/protobuf.cc [for tool]; 2s local ... (6 actions running)
[1,360 / 3,180] Compiling src/bfbs_gen_nim.cpp [for tool]; 1s local ... (6 actions running)
[1,364 / 3,187] Compiling src/bfbs_gen_nim.cpp [for tool]; 2s local ... (6 actions running)
[1,372 / 3,189] Compiling src/bfbs_gen_nim.cpp [for tool]; 3s local ... (6 actions running)
[1,379 / 3,194] Compiling src/google/protobuf/util/time_util.cc [for tool]; 1s local ... (6 actions running)
[1,387 / 3,198] Compiling tsl/platform/strcat.cc [for tool]; 1s local ... (6 actions running)
[1,389 / 3,198] Compiling src/bfbs_gen_lua.cpp [for tool]; 2s local ... (6 actions running)
[1,398 / 3,211] Compiling src/bfbs_gen_lua.cpp [for tool]; 3s local ... (6 actions running)
[1,403 / 3,213] Compiling src/google/protobuf/util/message_differencer.cc [for tool]; 3s local ... (6 actions running)
[1,406 / 3,213] Compiling tsl/platform/numbers.cc [for tool]; 3s local ... (6 actions running)
[1,459 / 3,826] Compiling src/annotated_binary_text_gen.cpp [for tool]; 2s local ... (7 actions, 6 running)
[1,588 / 3,855] Compiling absl/strings/cord.cc; 1s local ... (7 actions, 6 running)
[1,692 / 3,857] Compiling absl/strings/cord.cc; 2s local ... (7 actions, 6 running)
[1,792 / 3,859] Compiling src/util.cpp [for tool]; 2s local ... (7 actions, 6 running)
[1,911 / 3,869] Compiling src/google/protobuf/util/internal/type_info.cc [for tool]; 1s local ... (7 actions, 6 running)
[2,011 / 3,869] Compiling src/google/protobuf/util/internal/type_info.cc [for tool]; 2s local ... (7 actions, 6 running)
[2,054 / 3,871] Compiling src/idl_gen_ts.cpp [for tool]; 3s local ... (6 actions running)
[2,060 / 3,885] Compiling src/idl_gen_ts.cpp [for tool]; 4s local ... (6 actions running)
[2,062 / 3,892] Compiling src/idl_gen_ts.cpp [for tool]; 5s local ... (6 actions running)
[2,079 / 4,013] Compiling src/idl_gen_ts.cpp [for tool]; 6s local ... (7 actions, 6 running)
[2,149 / 4,214] Compiling src/idl_gen_ts.cpp [for tool]; 7s local ... (7 actions, 6 running)
[2,183 / 4,257] Compiling absl/time/internal/cctz/src/time_zone_lookup.cc [for tool]; 2s local ... (6 actions running)
[2,189 / 4,262] Compiling absl/time/internal/cctz/src/time_zone_lookup.cc [for tool]; 3s local ... (6 actions running)
[2,192 / 4,282] Compiling absl/time/internal/cctz/src/time_zone_lookup.cc [for tool]; 4s local ... (6 actions running)
[2,202 / 4,286] Compiling absl/time/internal/cctz/src/time_zone_libc.cc [for tool]; 0s local ... (6 actions running)
[2,208 / 4,289] Compiling absl/flags/internal/usage.cc [for tool]; 1s local ... (6 actions running)
[2,215 / 4,293] Compiling src/idl_gen_swift.cpp [for tool]; 2s local ... (6 actions running)
[2,219 / 4,293] Compiling src/idl_gen_swift.cpp [for tool]; 3s local ... (6 actions running)
[2,249 / 4,326] Compiling src/idl_gen_swift.cpp [for tool]; 4s local ... (7 actions, 6 running)
[2,318 / 4,398] Compiling src/idl_gen_swift.cpp [for tool]; 5s local ... (7 actions, 6 running)
[2,323 / 4,400] Compiling absl/flags/parse.cc [for tool]; 2s local ... (7 actions running)
[2,330 / 4,404] Compiling absl/flags/parse.cc [for tool]; 3s local ... (7 actions running)
[2,334 / 4,407] Compiling src/idl_gen_rust.cpp [for tool]; 3s local ... (7 actions running)
[2,341 / 4,411] Compiling src/idl_gen_rust.cpp [for tool]; 4s local ... (7 actions running)
[2,344 / 4,411] Compiling src/idl_gen_rust.cpp [for tool]; 5s local ... (7 actions running)
[2,352 / 4,419] Compiling mediapipe/framework/deps/file_helpers.cc [for tool]; 2s local ... (7 actions running)
[2,357 / 4,419] Compiling mediapipe/framework/deps/status.cc [for tool]; 1s local ... (7 actions running)
[2,366 / 4,423] Compiling src/idl_gen_python.cpp [for tool]; 2s local ... (7 actions running)
[2,371 / 4,425] Compiling src/idl_gen_python.cpp [for tool]; 3s local ... (7 actions running)
[2,375 / 4,436] Compiling src/idl_gen_python.cpp [for tool]; 4s local ... (6 actions, 5 running)
[2,432 / 4,580] Compiling internal/mu_wait.c [for tool]; 1s local ... (7 actions, 6 running)
[2,456 / 4,624] Compiling absl/log/internal/log_format.cc; 1s local ... (7 actions, 6 running)
[2,503 / 4,740] Compiling src/idl_gen_php.cpp [for tool]; 2s local ... (7 actions, 6 running)
[2,516 / 4,774] Compiling src/idl_gen_php.cpp [for tool]; 3s local ... (6 actions running)
[2,525 / 4,778] Compiling src/google/protobuf/util/field_comparator.cc [for tool]; 2s local ... (6 actions running)
[2,531 / 4,781] Compiling src/idl_gen_lobster.cpp [for tool]; 1s local ... (6 actions running)
[2,534 / 4,783] Compiling src/idl_gen_lobster.cpp [for tool]; 2s local ... (6 actions running)
[2,541 / 4,787] Compiling src/google/protobuf/unknown_field_set.cc [for tool]; 1s local ... (6 actions running)
[2,545 / 4,787] Compiling src/idl_gen_kotlin_kmp.cpp [for tool]; 1s local ... (6 actions running)
[2,557 / 4,800] Compiling src/idl_gen_kotlin_kmp.cpp [for tool]; 2s local ... (6 actions, 5 running)
[2,559 / 4,800] Compiling src/idl_gen_kotlin_kmp.cpp [for tool]; 3s local ... (6 actions running)
[2,562 / 4,802] Compiling src/idl_gen_kotlin_kmp.cpp [for tool]; 4s local ... (6 actions running)
[2,570 / 4,809] Compiling src/google/protobuf/timestamp.pb.cc [for tool]; 2s local ... (6 actions running)
[2,576 / 4,816] Compiling src/idl_gen_kotlin.cpp [for tool]; 1s local ... (7 actions running)
[2,615 / 4,880] Compiling src/idl_gen_kotlin.cpp [for tool]; 2s local ... (7 actions, 6 running)
[2,675 / 4,988] Compiling src/idl_gen_kotlin.cpp [for tool]; 3s local ... (7 actions running)
[2,676 / 4,990] Compiling src/idl_gen_kotlin.cpp [for tool]; 4s local ... (7 actions running)
[2,681 / 4,990] Compiling src/gflags_completions.cc [for tool]; 2s local ... (8 actions running)
[2,684 / 4,990] Compiling tensorflow/lite/delegates/gpu/common/model_transformer.cc; 3s local ... (8 actions running)
[2,694 / 5,004] Compiling src/idl_gen_json_schema.cpp [for tool]; 2s local ... (8 actions running)
[2,701 / 5,013] Compiling src/google/protobuf/struct.pb.cc [for tool]; 2s local ... (8 actions running)
[2,704 / 5,013] Compiling tensorflow/lite/delegates/gpu/common/model.cc; 2s local ... (7 actions running)
[2,709 / 5,013] Compiling src/idl_gen_java.cpp [for tool]; 2s local ... (7 actions, 6 running)
[2,713 / 5,015] Compiling src/idl_gen_java.cpp [for tool]; 3s local ... (7 actions running)
[2,721 / 5,017] Compiling src/idl_gen_java.cpp [for tool]; 4s local ... (7 actions running)
[2,725 / 5,021] Compiling src/idl_gen_java.cpp [for tool]; 5s local ... (7 actions running)
[2,735 / 5,025] Compiling src/idl_gen_java.cpp [for tool]; 6s local ... (7 actions running)
[2,742 / 5,027] Compiling absl/strings/internal/cordz_info.cc [for tool]; 1s local ... (8 actions, 7 running)
[2,747 / 5,034] Compiling src/google/protobuf/message.cc [for tool]; 2s local ... (8 actions, 7 running)
[2,755 / 5,038] Compiling src/idl_gen_grpc.cpp [for tool]; 2s local ... (8 actions, 7 running)
[2,834 / 5,165] Foreign Cc - CMake: Building git2; 3s local ... (8 actions, 7 running)
[2,846 / 5,175] Foreign Cc - CMake: Building git2; 4s local ... (8 actions, 7 running)
[2,855 / 5,184] Foreign Cc - CMake: Building git2; 5s local ... (8 actions, 7 running)
[2,864 / 5,223] Foreign Cc - CMake: Building git2; 6s local ... (8 actions, 7 running)
[2,953 / 5,371] Foreign Cc - CMake: Building git2; 7s local ... (7 actions, 6 running)
[2,997 / 5,461] Foreign Cc - CMake: Building git2; 8s local ... (8 actions, 7 running)
[3,013 / 5,484] Foreign Cc - CMake: Building git2; 10s local ... (8 actions, 7 running)
[3,021 / 5,489] Foreign Cc - CMake: Building git2; 11s local ... (8 actions, 7 running)
[3,037 / 5,510] Foreign Cc - CMake: Building git2; 12s local ... (8 actions, 7 running)
[3,042 / 5,513] Foreign Cc - CMake: Building git2; 13s local ... (8 actions running)
[3,043 / 5,513] Foreign Cc - CMake: Building git2; 14s local ... (8 actions running)
[3,046 / 5,513] Foreign Cc - CMake: Building git2; 15s local ... (8 actions running)
[3,054 / 5,519] Foreign Cc - CMake: Building git2; 16s local ... (8 actions running)
[3,057 / 5,603] Foreign Cc - CMake: Building git2; 17s local ... (8 actions running)
[3,059 / 5,603] Foreign Cc - CMake: Building git2; 18s local ... (8 actions running)
[3,061 / 5,603] Foreign Cc - CMake: Building git2; 19s local ... (8 actions running)
[3,064 / 5,603] Foreign Cc - CMake: Building git2; 20s local ... (8 actions running)
[3,066 / 5,603] Foreign Cc - CMake: Building git2; 21s local ... (8 actions running)
[3,067 / 5,603] Foreign Cc - CMake: Building git2; 23s local ... (8 actions, 7 running)
[3,070 / 5,603] Foreign Cc - CMake: Building git2; 24s local ... (8 actions, 7 running)
[3,072 / 5,603] Foreign Cc - CMake: Building git2; 25s local ... (8 actions running)
[3,074 / 5,603] Foreign Cc - CMake: Building git2; 26s local ... (8 actions running)
[3,077 / 5,603] Foreign Cc - CMake: Building git2; 27s local ... (8 actions running)
[3,080 / 5,603] Foreign Cc - CMake: Building git2; 28s local ... (8 actions running)
[3,084 / 5,603] Foreign Cc - CMake: Building git2; 29s local ... (7 actions running)
[3,087 / 5,603] Foreign Cc - CMake: Building git2; 30s local ... (8 actions running)
[3,092 / 5,603] Foreign Cc - CMake: Building git2; 31s local ... (8 actions, 7 running)
[3,094 / 5,603] Foreign Cc - CMake: Building git2; 32s local ... (8 actions running)
[3,099 / 5,603] Foreign Cc - CMake: Building git2; 33s local ... (8 actions running)
[3,100 / 5,603] Foreign Cc - CMake: Building git2; 34s local ... (8 actions running)
[3,103 / 5,603] Foreign Cc - CMake: Building git2; 35s local ... (8 actions, 7 running)
[3,104 / 5,603] Foreign Cc - CMake: Building git2; 36s local ... (8 actions running)
[3,107 / 5,603] Foreign Cc - CMake: Building git2; 37s local ... (8 actions running)
[3,108 / 5,603] Foreign Cc - CMake: Building git2; 38s local ... (8 actions running)
[3,115 / 5,620] Foreign Cc - CMake: Building git2; 39s local ... (8 actions, 7 running)
[3,124 / 5,634] Foreign Cc - CMake: Building git2; 40s local ... (7 actions running)
[3,125 / 5,634] Foreign Cc - CMake: Building git2; 41s local ... (7 actions running)
[3,128 / 5,634] Foreign Cc - CMake: Building git2; 42s local ... (7 actions running)
[3,132 / 5,638] Foreign Cc - CMake: Building git2; 43s local ... (7 actions running)
[3,134 / 5,638] Foreign Cc - CMake: Building git2; 44s local ... (7 actions running)
[3,140 / 5,638] Foreign Cc - CMake: Building git2; 46s local ... (7 actions running)
[3,141 / 5,638] Foreign Cc - CMake: Building git2; 47s local ... (7 actions, 6 running)
[3,145 / 5,641] Foreign Cc - CMake: Building git2; 49s local ... (7 actions running)
[3,153 / 5,643] Foreign Cc - CMake: Building git2; 50s local ... (7 actions running)
[3,154 / 5,643] Foreign Cc - CMake: Building git2; 52s local ... (7 actions, 6 running)
[3,157 / 5,643] Foreign Cc - CMake: Building git2; 53s local ... (7 actions running)
[3,158 / 5,643] Foreign Cc - CMake: Building git2; 54s local ... (7 actions running)
[3,162 / 5,643] Foreign Cc - CMake: Building git2; 55s local ... (7 actions running)
[3,165 / 5,697] Foreign Cc - CMake: Building git2; 56s local ... (7 actions running)
[3,166 / 5,699] Foreign Cc - CMake: Building git2; 57s local ... (8 actions running)
[3,168 / 5,699] Foreign Cc - CMake: Building git2; 58s local ... (8 actions running)
[3,171 / 5,699] Foreign Cc - CMake: Building git2; 59s local ... (8 actions running)
[3,173 / 5,699] Foreign Cc - CMake: Building git2; 60s local ... (8 actions running)
[3,174 / 5,699] Foreign Cc - CMake: Building git2; 61s local ... (8 actions running)
[3,175 / 5,699] Foreign Cc - CMake: Building git2; 62s local ... (8 actions running)
[3,178 / 5,699] Foreign Cc - CMake: Building git2; 63s local ... (8 actions running)
[3,182 / 5,699] Foreign Cc - CMake: Building git2; 64s local ... (8 actions running)
[3,183 / 5,699] Foreign Cc - CMake: Building git2; 65s local ... (8 actions, 7 running)
[3,186 / 5,699] Foreign Cc - CMake: Building git2; 66s local ... (8 actions, 7 running)
[3,188 / 5,699] Foreign Cc - CMake: Building git2; 68s local ... (8 actions running)
[3,189 / 5,699] Foreign Cc - CMake: Building git2; 69s local ... (8 actions running)
[3,191 / 5,699] Foreign Cc - CMake: Building git2; 70s local ... (8 actions running)
[3,192 / 5,699] Foreign Cc - CMake: Building git2; 73s local ... (8 actions, 7 running)
[3,192 / 5,699] Foreign Cc - CMake: Building git2; 75s local ... (8 actions running)
[3,193 / 5,699] Foreign Cc - CMake: Building git2; 76s local ... (8 actions running)
[3,195 / 5,699] Foreign Cc - CMake: Building git2; 77s local ... (8 actions running)
[3,196 / 5,699] Foreign Cc - CMake: Building git2; 78s local ... (8 actions running)
[3,197 / 5,699] Foreign Cc - CMake: Building git2; 80s local ... (8 actions, 7 running)
[3,197 / 5,699] Foreign Cc - CMake: Building git2; 81s local ... (8 actions running)
[3,198 / 5,699] Foreign Cc - CMake: Building git2; 82s local ... (8 actions running)
[3,199 / 5,699] Foreign Cc - CMake: Building git2; 83s local ... (8 actions running)
[3,200 / 5,699] Foreign Cc - CMake: Building git2; 85s local ... (8 actions, 7 running)
[3,201 / 5,699] Foreign Cc - CMake: Building git2; 86s local ... (8 actions, 7 running)
[3,209 / 5,706] Foreign Cc - CMake: Building git2; 87s local ... (8 actions running)
[3,210 / 5,706] Foreign Cc - CMake: Building git2; 88s local ... (8 actions running)
[3,211 / 5,706] Foreign Cc - CMake: Building git2; 89s local ... (8 actions running)
[3,212 / 5,706] Foreign Cc - CMake: Building git2; 90s local ... (8 actions running)
[3,216 / 5,708] Foreign Cc - CMake: Building git2; 91s local ... (8 actions running)
[3,217 / 5,708] Foreign Cc - CMake: Building git2; 92s local ... (8 actions running)
[3,218 / 5,708] Foreign Cc - CMake: Building git2; 93s local ... (8 actions running)
[3,219 / 5,708] Foreign Cc - CMake: Building git2; 94s local ... (8 actions running)
[3,220 / 5,708] Foreign Cc - CMake: Building git2; 95s local ... (8 actions running)
[3,221 / 5,708] Foreign Cc - CMake: Building git2; 96s local ... (8 actions running)
[3,222 / 5,708] Foreign Cc - CMake: Building git2; 97s local ... (8 actions, 7 running)
[3,222 / 5,708] Foreign Cc - CMake: Building git2; 99s local ... (8 actions running)
[3,223 / 5,708] Foreign Cc - CMake: Building git2; 100s local ... (8 actions running)
[3,225 / 5,708] Foreign Cc - CMake: Building git2; 101s local ... (8 actions running)
[3,228 / 5,710] Foreign Cc - CMake: Building git2; 102s local ... (8 actions running)
[3,229 / 5,710] Foreign Cc - CMake: Building git2; 103s local ... (8 actions, 7 running)
[3,230 / 5,710] Foreign Cc - CMake: Building git2; 105s local ... (8 actions running)
[3,231 / 5,710] Foreign Cc - CMake: Building git2; 106s local ... (8 actions running)
[3,232 / 5,710] Foreign Cc - CMake: Building git2; 107s local ... (8 actions running)
[3,233 / 5,710] Foreign Cc - CMake: Building git2; 108s local ... (8 actions running)
[3,235 / 5,710] Foreign Cc - CMake: Building git2; 109s local ... (8 actions running)
[3,237 / 5,710] Foreign Cc - CMake: Building git2; 110s local ... (8 actions, 7 running)
[3,237 / 5,710] Foreign Cc - CMake: Building git2; 111s local ... (8 actions running)
[3,238 / 5,710] Foreign Cc - CMake: Building git2; 112s local ... (8 actions running)
[3,239 / 5,710] Foreign Cc - CMake: Building git2; 113s local ... (8 actions running)
[3,240 / 5,710] Foreign Cc - CMake: Building git2; 114s local ... (8 actions running)
[3,241 / 5,710] Foreign Cc - CMake: Building git2; 115s local ... (8 actions, 7 running)
[3,242 / 5,710] Foreign Cc - CMake: Building git2; 117s local ... (8 actions, 7 running)
[3,242 / 5,710] Foreign Cc - CMake: Building git2; 118s local ... (8 actions running)
[3,243 / 5,710] Foreign Cc - CMake: Building git2; 119s local ... (8 actions, 7 running)
[3,247 / 5,712] Foreign Cc - CMake: Building git2; 121s local ... (8 actions running)
[3,248 / 5,712] Foreign Cc - CMake: Building git2; 122s local ... (8 actions running)
[3,249 / 5,712] Foreign Cc - CMake: Building git2; 123s local ... (8 actions running)
[3,250 / 5,712] Foreign Cc - CMake: Building git2; 125s local ... (8 actions, 7 running)
[3,254 / 5,714] Foreign Cc - CMake: Building git2; 126s local ... (8 actions, 7 running)
[3,256 / 5,714] Foreign Cc - CMake: Building git2; 128s local ... (8 actions running)
[3,258 / 5,714] Foreign Cc - CMake: Building git2; 129s local ... (8 actions running)
[3,259 / 5,714] Foreign Cc - CMake: Building git2; 131s local ... (8 actions, 7 running)
[3,260 / 5,714] Foreign Cc - CMake: Building git2; 132s local ... (8 actions running)
[3,261 / 5,714] Foreign Cc - CMake: Building git2; 134s local ... (8 actions, 7 running)
[3,268 / 5,718] Foreign Cc - CMake: Building git2; 136s local ... (8 actions running)
[3,271 / 5,720] Foreign Cc - CMake: Building espeak-ng; 55s local ... (8 actions running)
[3,272 / 5,720] Foreign Cc - CMake: Building espeak-ng; 56s local ... (8 actions running)
[3,273 / 5,720] Foreign Cc - CMake: Building espeak-ng; 57s local ... (8 actions running)
[3,274 / 5,720] Foreign Cc - CMake: Building espeak-ng; 58s local ... (8 actions running)
[3,277 / 5,720] Foreign Cc - CMake: Building espeak-ng; 59s local ... (8 actions running)
[3,278 / 5,720] Foreign Cc - CMake: Building espeak-ng; 60s local ... (8 actions, 7 running)
[3,279 / 5,720] Foreign Cc - CMake: Building espeak-ng; 62s local ... (8 actions running)
[3,281 / 5,720] Foreign Cc - CMake: Building espeak-ng; 63s local ... (8 actions running)
[3,284 / 5,722] Foreign Cc - CMake: Building espeak-ng; 64s local ... (8 actions running)
[3,285 / 5,722] Foreign Cc - CMake: Building espeak-ng; 65s local ... (8 actions, 7 running)
[3,286 / 5,722] Foreign Cc - CMake: Building espeak-ng; 66s local ... (8 actions running)
[3,287 / 5,722] Foreign Cc - CMake: Building espeak-ng; 67s local ... (8 actions running)
[3,289 / 5,722] Foreign Cc - CMake: Building espeak-ng; 68s local ... (8 actions running)
[3,293 / 5,726] Foreign Cc - CMake: Building espeak-ng; 69s local ... (8 actions running)
[3,294 / 5,726] Foreign Cc - CMake: Building espeak-ng; 70s local ... (8 actions running)
[3,301 / 5,737] Foreign Cc - CMake: Building espeak-ng; 71s local ... (7 actions running)
[3,307 / 5,748] Foreign Cc - CMake: Building espeak-ng; 72s local ... (8 actions running)
[3,308 / 5,748] Foreign Cc - CMake: Building espeak-ng; 73s local ... (8 actions running)
[3,310 / 5,748] Foreign Cc - CMake: Building espeak-ng; 74s local ... (8 actions running)
[3,311 / 5,748] Foreign Cc - CMake: Building espeak-ng; 76s local ... (8 actions, 7 running)
[3,319 / 5,756] Foreign Cc - CMake: Building espeak-ng; 77s local ... (8 actions, 7 running)
[3,320 / 5,756] Foreign Cc - CMake: Building espeak-ng; 78s local ... (8 actions running)
[3,321 / 5,756] Foreign Cc - CMake: Building espeak-ng; 79s local ... (8 actions running)
[3,322 / 5,756] Foreign Cc - CMake: Building espeak-ng; 80s local ... (8 actions running)
[3,329 / 5,777] Foreign Cc - CMake: Building espeak-ng; 81s local ... (8 actions running)
[3,330 / 5,777] Foreign Cc - CMake: Building espeak-ng; 83s local ... (8 actions, 7 running)
[3,331 / 5,777] Foreign Cc - CMake: Building espeak-ng; 84s local ... (8 actions running)
[3,333 / 5,777] Foreign Cc - CMake: Building espeak-ng; 86s local ... (8 actions running)
[3,339 / 5,783] Foreign Cc - CMake: Building espeak-ng; 87s local ... (8 actions running)
[3,345 / 5,800] Foreign Cc - CMake: Building espeak-ng; 88s local ... (8 actions running)
[3,346 / 5,800] Foreign Cc - CMake: Building espeak-ng; 89s local ... (8 actions, 7 running)
[3,351 / 5,806] Foreign Cc - CMake: Building espeak-ng; 91s local ... (8 actions running)
[3,352 / 5,806] Foreign Cc - CMake: Building espeak-ng; 92s local ... (8 actions running)
[3,353 / 5,806] Foreign Cc - CMake: Building espeak-ng; 93s local ... (8 actions running)
[3,354 / 5,806] Foreign Cc - CMake: Building espeak-ng; 94s local ... (8 actions running)
[3,355 / 5,806] Foreign Cc - CMake: Building espeak-ng; 95s local ... (8 actions, 7 running)
[3,355 / 5,806] Foreign Cc - CMake: Building espeak-ng; 97s local ... (8 actions running)
[3,357 / 5,806] Foreign Cc - CMake: Building espeak-ng; 98s local ... (8 actions running)
[3,358 / 5,806] Foreign Cc - CMake: Building espeak-ng; 99s local ... (8 actions, 7 running)
[3,363 / 5,818] Compiling src/python/python_backend.cpp; 24s local ... (8 actions running)
[3,365 / 5,818] Compiling src/python/python_backend.cpp; 25s local ... (8 actions running)
[3,366 / 5,818] Compiling src/python/python_backend.cpp; 26s local ... (8 actions running)
[3,367 / 5,818] Compiling src/python/python_backend.cpp; 27s local ... (8 actions running)
[3,371 / 5,820] Compiling src/python/python_backend.cpp; 28s local ... (8 actions running)
[3,372 / 5,820] Compiling src/python/python_backend.cpp; 29s local ... (8 actions running)
[3,375 / 5,822] Compiling src/python/python_backend.cpp; 30s local ... (8 actions running)
[3,376 / 5,822] Compiling src/python/python_backend.cpp; 31s local ... (8 actions running)
[3,388 / 5,840] Compiling src/llm/ovms_text_streamer.cpp; 23s local ... (8 actions running)
[3,390 / 5,842] Compiling src/llm/ovms_text_streamer.cpp; 24s local ... (8 actions running)
[3,394 / 5,844] Compiling src/llm/ovms_text_streamer.cpp; 25s local ... (8 actions running)
[3,396 / 5,847] Compiling src/llm/ovms_text_streamer.cpp; 26s local ... (8 actions running)
[3,399 / 5,849] Compiling src/llm/ovms_text_streamer.cpp; 27s local ... (8 actions running)
[3,400 / 5,849] Compiling src/llm/ovms_text_streamer.cpp; 28s local ... (8 actions running)
[3,403 / 5,851] Compiling src/llm/ovms_text_streamer.cpp; 29s local ... (8 actions running)
[3,404 / 5,851] Compiling src/llm/ovms_text_streamer.cpp; 30s local ... (8 actions running)
[3,407 / 5,854] Compiling src/llm/ovms_text_streamer.cpp; 31s local ... (8 actions running)
[3,409 / 5,856] Compiling src/llm/ovms_text_streamer.cpp; 32s local ... (8 actions running)
[3,412 / 5,856] Compiling src/llm/io_processing/output_parser.cpp; 19s local ... (8 actions running)
[3,418 / 5,860] Compiling src/llm/io_processing/output_parser.cpp; 20s local ... (8 actions running)
[3,419 / 5,860] Compiling src/llm/io_processing/output_parser.cpp; 21s local ... (8 actions, 7 running)
[3,423 / 5,862] Compiling src/llm/io_processing/output_parser.cpp; 23s local ... (8 actions, 7 running)
[3,425 / 5,864] Compiling src/llm/io_processing/output_parser.cpp; 24s local ... (8 actions running)
[3,426 / 5,864] Compiling src/llm/io_processing/output_parser.cpp; 25s local ... (8 actions running)
[3,429 / 5,866] Compiling src/llm/io_processing/output_parser.cpp; 26s local ... (8 actions running)
[3,430 / 5,866] Compiling src/llm/io_processing/output_parser.cpp; 27s local ... (8 actions running)
[3,431 / 5,866] Compiling src/llm/io_processing/output_parser.cpp; 29s local ... (8 actions, 7 running)
[3,434 / 5,868] Compiling src/llm/io_processing/output_parser.cpp; 30s local ... (8 actions, 7 running)
[3,436 / 5,870] Compiling src/llm/io_processing/output_parser.cpp; 31s local ... (8 actions running)
[3,437 / 5,870] Compiling src/llm/io_processing/output_parser.cpp; 33s local ... (8 actions, 7 running)
[3,437 / 5,870] Compiling src/llm/io_processing/output_parser.cpp; 34s local ... (8 actions running)
[3,441 / 5,872] Compiling src/llm/io_processing/qwen3coder/qwen3coder_tool_parser.cpp; 28s local ... (8 actions running)
[3,442 / 5,872] Compiling src/llm/io_processing/qwen3coder/qwen3coder_tool_parser.cpp; 29s local ... (8 actions running)
[3,443 / 5,872] Compiling src/llm/io_processing/qwen3coder/qwen3coder_tool_parser.cpp; 30s local ... (8 actions, 7 running)
[3,446 / 5,874] Compiling src/llm/io_processing/qwen3coder/qwen3coder_tool_parser.cpp; 31s local ... (8 actions, 7 running)
[3,446 / 5,874] Compiling src/llm/io_processing/qwen3coder/qwen3coder_tool_parser.cpp; 33s local ... (8 actions running)
[3,447 / 5,874] Compiling src/llm/io_processing/qwen3coder/qwen3coder_tool_parser.cpp; 34s local ... (8 actions, 7 running)
[3,455 / 5,882] Compiling src/llm/io_processing/qwen3coder/qwen3coder_tool_parser.cpp; 35s local ... (8 actions, 7 running)
[3,461 / 5,886] Compiling src/llm/io_processing/qwen3coder/qwen3coder_tool_parser.cpp; 36s local ... (8 actions, 7 running)
[3,466 / 5,890] Compiling src/llm/io_processing/minicpm5/minicpm5_tool_parser.cpp; 27s local ... (8 actions, 7 running)
[3,469 / 5,892] Compiling src/llm/io_processing/minicpm5/minicpm5_tool_parser.cpp; 29s local ... (8 actions running)
[3,473 / 5,894] Compiling src/llm/io_processing/minicpm5/minicpm5_tool_parser.cpp; 30s local ... (8 actions running)
[3,476 / 5,896] Compiling src/llm/io_processing/minicpm5/minicpm5_tool_parser.cpp; 31s local ... (8 actions running)
[3,477 / 5,896] Compiling src/llm/io_processing/minicpm5/minicpm5_tool_parser.cpp; 32s local ... (8 actions running)
[3,478 / 5,896] Compiling src/llm/io_processing/minicpm5/minicpm5_tool_parser.cpp; 33s local ... (8 actions running)
[3,480 / 5,898] Compiling src/llm/io_processing/minicpm5/minicpm5_tool_parser.cpp; 34s local ... (8 actions running)
[3,481 / 5,898] Compiling src/llm/io_processing/minicpm5/minicpm5_tool_parser.cpp; 35s local ... (8 actions running)
[3,484 / 5,900] Compiling src/llm/io_processing/minicpm5/minicpm5_tool_parser.cpp; 36s local ... (8 actions running)
[3,485 / 5,900] Compiling src/llm/io_processing/minicpm5/minicpm5_tool_parser.cpp; 37s local ... (8 actions running)
[3,488 / 5,902] Compiling src/llm/io_processing/minicpm5/minicpm5_tool_parser.cpp; 38s local ... (8 actions running)
[3,491 / 5,904] Compiling src/llm/io_processing/onyx/onyx_tool_parser.cpp; 37s local ... (8 actions running)
[3,494 / 5,906] Compiling src/llm/io_processing/onyx/onyx_tool_parser.cpp; 38s local ... (8 actions running)
[3,496 / 5,906] Compiling src/llm/io_processing/gptoss/harmony.cpp; 23s local ... (8 actions running)
[3,499 / 5,908] Compiling src/llm/io_processing/gptoss/harmony.cpp; 24s local ... (8 actions running)
[3,501 / 5,910] Compiling src/llm/io_processing/gptoss/harmony.cpp; 25s local ... (8 actions running)
[3,504 / 5,912] Compiling src/llm/io_processing/gptoss/harmony.cpp; 26s local ... (8 actions running)
[3,505 / 5,912] Compiling src/llm/io_processing/gptoss/harmony.cpp; 27s local ... (8 actions, 7 running)
[3,507 / 5,915] Compiling src/llm/io_processing/gptoss/harmony.cpp; 29s local ... (8 actions running)
[3,513 / 5,917] Compiling src/llm/io_processing/gptoss/harmony.cpp; 30s local ... (8 actions running)
[3,515 / 5,917] Compiling src/llm/io_processing/gptoss/harmony.cpp; 31s local ... (8 actions running)
[3,518 / 5,917] Compiling src/llm/io_processing/gptoss/harmony.cpp; 32s local ... (8 actions running)
[3,520 / 5,917] Compiling src/llm/io_processing/gemma4/gemma4_tool_parser.cpp; 27s local ... (8 actions running)
[3,522 / 5,917] Compiling src/llm/io_processing/gemma4/gemma4_tool_parser.cpp; 28s local ... (8 actions running)
[3,527 / 5,919] Compiling src/llm/io_processing/gemma4/gemma4_tool_parser.cpp; 29s local ... (8 actions running)
[3,528 / 5,919] Compiling src/llm/io_processing/gemma4/gemma4_tool_parser.cpp; 30s local ... (8 actions running)
[3,531 / 5,919] Compiling src/llm/io_processing/gemma4/gemma4_tool_parser.cpp; 31s local ... (8 actions running)
[3,538 / 5,923] Compiling src/llm/io_processing/gemma4/gemma4_tool_parser.cpp; 32s local ... (8 actions running)
[3,539 / 5,923] Compiling src/llm/io_processing/gemma4/gemma4_tool_parser.cpp; 33s local ... (8 actions running)
[3,543 / 5,931] Compiling src/llm/io_processing/gemma4/gemma4_tool_parser.cpp; 34s local ... (8 actions running)
[3,555 / 5,943] Compiling src/llm/io_processing/qwen3/reasoning_parser.cpp; 17s local ... (8 actions running)
[3,557 / 5,943] Compiling src/llm/io_processing/qwen3/reasoning_parser.cpp; 18s local ... (8 actions running)
[3,559 / 5,943] Compiling src/llm/io_processing/qwen3/reasoning_parser.cpp; 19s local ... (8 actions running)
[3,569 / 5,949] Compiling src/llm/io_processing/qwen3/reasoning_parser.cpp; 20s local ... (8 actions running)
[3,574 / 5,949] Compiling src/llm/io_processing/qwen3/reasoning_parser.cpp; 21s local ... (8 actions running)
[3,575 / 5,949] Compiling src/llm/io_processing/qwen3/reasoning_parser.cpp; 22s local ... (8 actions running)
[3,579 / 5,951] Compiling src/llm/io_processing/qwen3/reasoning_parser.cpp; 23s local ... (8 actions running)
[3,583 / 5,951] Compiling src/llm/io_processing/qwen3/reasoning_parser.cpp; 24s local ... (8 actions running)
[3,591 / 5,961] Compiling src/llm/io_processing/qwen3/reasoning_parser.cpp; 25s local ... (8 actions running)
[3,597 / 5,961] Compiling src/llm/io_processing/qwen3/reasoning_parser.cpp; 27s local ... (8 actions running)
[3,609 / 5,965] Compiling src/llm/io_processing/gptoss/tool_parser.cpp; 18s local ... (8 actions running)
[3,610 / 5,965] Compiling src/llm/io_processing/gptoss/tool_parser.cpp; 19s local ... (8 actions, 7 running)
[3,618 / 5,965] Compiling src/llm/io_processing/gptoss/tool_parser.cpp; 20s local ... (8 actions, 7 running)
[3,630 / 5,969] Compiling src/llm/io_processing/gptoss/tool_parser.cpp; 21s local ... (8 actions, 7 running)
[3,639 / 5,969] Compiling src/llm/io_processing/gptoss/tool_parser.cpp; 22s local ... (8 actions, 7 running)
[3,650 / 5,975] Compiling src/llm/io_processing/gptoss/tool_parser.cpp; 24s local ... (8 actions running)
[3,664 / 5,993] Compiling src/llm/io_processing/gptoss/tool_parser.cpp; 25s local ... (7 actions running)
[3,665 / 5,995] Compiling src/llm/io_processing/gptoss/tool_parser.cpp; 26s local ... (8 actions running)
[3,668 / 5,995] Compiling src/llm/io_processing/gptoss/tool_parser.cpp; 27s local ... (8 actions, 7 running)
[3,676 / 5,999] Compiling src/llm/io_processing/gptoss/tool_parser.cpp; 28s local ... (8 actions running)
[3,687 / 6,005] Compiling src/model.cpp; 21s local ... (8 actions running)
[3,688 / 6,005] Compiling src/model.cpp; 22s local ... (8 actions, 7 running)
[3,692 / 6,007] Compiling src/model.cpp; 24s local ... (8 actions running)
[3,695 / 6,007] Compiling src/model.cpp; 25s local ... (8 actions running)
[3,700 / 6,009] Compiling src/model.cpp; 26s local ... (8 actions running)
[3,704 / 6,009] Compiling src/model.cpp; 27s local ... (8 actions running)
[3,716 / 6,013] Compiling src/modelinstance.cpp; 25s local ... (8 actions running)
[3,724 / 6,013] Compiling src/modelinstance.cpp; 26s local ... (8 actions running)
[3,732 / 6,016] Compiling src/modelinstance.cpp; 27s local ... (8 actions running)
[3,737 / 6,016] Compiling src/modelinstance.cpp; 28s local ... (8 actions running)
[3,747 / 6,021] Compiling src/modelinstance.cpp; 29s local ... (8 actions running)
[3,753 / 6,021] Compiling src/modelinstance.cpp; 30s local ... (8 actions running)
[3,754 / 6,021] Compiling src/modelinstance.cpp; 31s local ... (8 actions, 7 running)
[3,761 / 6,028] Compiling src/modelinstance.cpp; 33s local ... (8 actions running)
[3,762 / 6,028] Compiling src/modelinstance.cpp; 35s local ... (8 actions, 7 running)
[3,767 / 6,028] Compiling src/modelinstance.cpp; 36s local ... (8 actions, 7 running)
[3,778 / 6,046] Compiling src/modelinstance.cpp; 37s local ... (8 actions running)
[3,779 / 6,046] Compiling src/modelinstance.cpp; 38s local ... (8 actions running)
[3,780 / 6,046] Compiling src/modelinstance.cpp; 39s local ... (8 actions running)
[3,781 / 6,046] Compiling src/modelinstance.cpp; 40s local ... (8 actions, 7 running)
[3,784 / 6,048] Compiling src/modelinstance.cpp; 42s local ... (8 actions, 7 running)
[3,788 / 6,050] Compiling src/modelinstance.cpp; 43s local ... (8 actions, 7 running)
[3,789 / 6,050] Compiling src/modelinstance.cpp; 44s local ... (8 actions, 7 running)
[3,796 / 6,058] Compiling src/llm/io_processing/gptoss/reasoning_parser.cpp; 27s local ... (8 actions running)
[3,801 / 6,058] Compiling src/llm/io_processing/gptoss/reasoning_parser.cpp; 28s local ... (8 actions running)
[3,813 / 6,075] Compiling src/llm/io_processing/gptoss/reasoning_parser.cpp; 29s local ... (8 actions running)
[3,814 / 6,075] Compiling src/llm/io_processing/gptoss/reasoning_parser.cpp; 30s local ... (8 actions running)
[3,822 / 6,077] Compiling src/llm/io_processing/gptoss/reasoning_parser.cpp; 31s local ... (7 actions running)
[3,824 / 6,077] Compiling src/dags/pipeline_factory.cpp; 26s local ... (7 actions running)
[3,831 / 6,079] Compiling src/dags/pipelinedefinition.cpp; 26s local ... (8 actions running)
[3,838 / 6,079] Compiling src/dags/pipelinedefinition.cpp; 27s local ... (8 actions running)
[3,839 / 6,079] Compiling src/dags/pipelinedefinition.cpp; 28s local ... (8 actions, 7 running)
[3,840 / 6,079] Compiling src/dags/pipelinedefinition.cpp; 30s local ... (8 actions running)
[3,842 / 6,079] Compiling src/dags/pipelinedefinition.cpp; 31s local ... (8 actions running)
[3,843 / 6,079] Compiling src/dags/pipelinedefinition.cpp; 32s local ... (8 actions, 7 running)
[3,844 / 6,079] Compiling src/dags/pipelinedefinition.cpp; 34s local ... (8 actions running)
[3,847 / 6,079] Compiling src/dags/pipelinedefinition.cpp; 35s local ... (8 actions, 7 running)
[3,847 / 6,079] Compiling src/dags/pipelinedefinition.cpp; 36s local ... (8 actions running)
[3,848 / 6,079] Compiling src/dags/pipelinedefinition.cpp; 37s local ... (8 actions running)
[3,850 / 6,081] Compiling src/dags/pipelinedefinition.cpp; 38s local ... (8 actions running)
[3,862 / 6,085] Compiling src/dags/customnodesession.cpp; 22s local ... (8 actions running)
[3,866 / 6,085] Compiling src/dags/customnodesession.cpp; 23s local ... (8 actions running)
[3,867 / 6,085] Compiling src/dags/customnodesession.cpp; 24s local ... (8 actions running)
[3,874 / 6,089] Compiling src/llm/io_processing/mistral/tool_parser.cpp; 17s local ... (8 actions running)
[3,875 / 6,089] Compiling src/llm/io_processing/mistral/tool_parser.cpp; 19s local ... (8 actions, 7 running)
[3,879 / 6,089] Compiling src/llm/io_processing/mistral/tool_parser.cpp; 20s local ... (8 actions running)
[3,880 / 6,089] Compiling src/llm/io_processing/mistral/tool_parser.cpp; 22s local ... (8 actions, 7 running)
[3,885 / 6,089] Compiling src/llm/io_processing/mistral/tool_parser.cpp; 23s local ... (8 actions running)
[3,886 / 6,089] Compiling src/llm/io_processing/mistral/tool_parser.cpp; 24s local ... (8 actions, 7 running)
[3,888 / 6,089] Compiling src/llm/io_processing/mistral/tool_parser.cpp; 26s local ... (8 actions running)
[3,890 / 6,089] Compiling src/llm/io_processing/mistral/tool_parser.cpp; 27s local ... (8 actions running)
[3,894 / 6,089] Compiling src/llm/io_processing/mistral/tool_parser.cpp; 28s local ... (8 actions running)
[3,895 / 6,089] Compiling src/dags/dl_node.cpp; 31s local ... (8 actions, 7 running)
[3,897 / 6,091] Foreign Cc - CMake: Building model_api_cmake; 31s local ... (8 actions, 7 running)
[3,898 / 6,091] Foreign Cc - CMake: Building model_api_cmake; 33s local ... (8 actions running)
[3,899 / 6,091] Foreign Cc - CMake: Building model_api_cmake; 36s local ... (8 actions, 7 running)
[3,901 / 6,093] Foreign Cc - CMake: Building model_api_cmake; 37s local ... (8 actions running)
[3,902 / 6,093] Foreign Cc - CMake: Building model_api_cmake; 39s local ... (8 actions, 7 running)
[3,904 / 6,093] Foreign Cc - CMake: Building model_api_cmake; 41s local ... (8 actions, 7 running)
[3,906 / 6,095] Foreign Cc - CMake: Building model_api_cmake; 42s local ... (8 actions running)
[3,909 / 6,097] Foreign Cc - CMake: Building model_api_cmake; 43s local ... (8 actions running)
[3,914 / 6,099] Foreign Cc - CMake: Building model_api_cmake; 44s local ... (8 actions running)
[3,915 / 6,099] Foreign Cc - CMake: Building model_api_cmake; 50s local ... (8 actions, 7 running)
[3,916 / 6,099] Foreign Cc - CMake: Building model_api_cmake; 51s local ... (8 actions running)
[3,917 / 6,099] Foreign Cc - CMake: Building model_api_cmake; 55s local ... (8 actions, 7 running)
[3,922 / 6,099] Foreign Cc - CMake: Building model_api_cmake; 56s local ... (8 actions running)
[3,923 / 6,099] Foreign Cc - CMake: Building model_api_cmake; 57s local ... (8 actions running)
[3,924 / 6,099] Foreign Cc - CMake: Building model_api_cmake; 58s local ... (8 actions running)
[3,925 / 6,099] Foreign Cc - CMake: Building model_api_cmake; 60s local ... (8 actions, 7 running)
[3,929 / 6,101] Foreign Cc - CMake: Building model_api_cmake; 61s local ... (8 actions running)
[3,934 / 6,103] Foreign Cc - CMake: Building model_api_cmake; 62s local ... (8 actions running)
[3,936 / 6,105] Foreign Cc - CMake: Building model_api_cmake; 63s local ... (8 actions running)
[3,937 / 6,105] Foreign Cc - CMake: Building model_api_cmake; 65s local ... (8 actions, 7 running)
[3,940 / 6,107] Foreign Cc - CMake: Building model_api_cmake; 66s local ... (8 actions, 7 running)
[3,941 / 6,107] Foreign Cc - CMake: Building model_api_cmake; 67s local ... (8 actions running)
[3,954 / 6,123] Foreign Cc - CMake: Building model_api_cmake; 68s local ... (8 actions running)
[3,957 / 6,125] Foreign Cc - CMake: Building model_api_cmake; 69s local ... (8 actions running)
[3,959 / 6,125] Foreign Cc - CMake: Building model_api_cmake; 70s local ... (8 actions running)
[3,960 / 6,125] Foreign Cc - CMake: Building model_api_cmake; 73s local ... (8 actions, 7 running)
[3,961 / 6,125] Foreign Cc - CMake: Building model_api_cmake; 74s local ... (8 actions running)
[3,967 / 6,129] Foreign Cc - CMake: Building model_api_cmake; 75s local ... (8 actions running)
[3,969 / 6,129] Foreign Cc - CMake: Building model_api_cmake; 77s local ... (8 actions running)
[3,970 / 6,129] Foreign Cc - CMake: Building model_api_cmake; 78s local ... (8 actions, 7 running)
[3,977 / 6,133] Foreign Cc - CMake: Building model_api_cmake; 79s local ... (8 actions, 7 running)
[3,978 / 6,133] Foreign Cc - CMake: Building model_api_cmake; 81s local ... (8 actions running)
[3,979 / 6,133] Foreign Cc - CMake: Building model_api_cmake; 82s local ... (8 actions, 7 running)
[3,981 / 6,133] Foreign Cc - CMake: Building model_api_cmake; 84s local ... (8 actions running)
[3,982 / 6,133] Foreign Cc - CMake: Building model_api_cmake; 86s local ... (8 actions, 7 running)
[3,983 / 6,133] Foreign Cc - CMake: Building model_api_cmake; 87s local ... (8 actions running)
[3,984 / 6,133] Foreign Cc - CMake: Building model_api_cmake; 88s local ... (8 actions, 7 running)
[3,987 / 6,135] Foreign Cc - CMake: Building model_api_cmake; 89s local ... (8 actions, 7 running)
[3,989 / 6,135] Foreign Cc - CMake: Building model_api_cmake; 90s local ... (8 actions, 7 running)
[3,994 / 6,137] Foreign Cc - CMake: Building model_api_cmake; 91s local ... (8 actions, 7 running)
[3,997 / 6,139] Foreign Cc - CMake: Building model_api_cmake; 92s local ... (8 actions, 7 running)
[3,997 / 6,139] Foreign Cc - CMake: Building model_api_cmake; 94s local ... (8 actions running)
[3,999 / 6,139] Foreign Cc - CMake: Building model_api_cmake; 95s local ... (8 actions running)
[4,000 / 6,139] Foreign Cc - CMake: Building model_api_cmake; 97s local ... (8 actions, 7 running)
[4,005 / 6,143] Foreign Cc - CMake: Building model_api_cmake; 99s local ... (8 actions running)
[4,007 / 6,143] Foreign Cc - CMake: Building model_api_cmake; 100s local ... (8 actions, 7 running)
[4,010 / 6,143] Foreign Cc - CMake: Building model_api_cmake; 101s local ... (8 actions running)
[4,012 / 6,143] Foreign Cc - CMake: Building model_api_cmake; 102s local ... (8 actions running)
[4,013 / 6,143] Foreign Cc - CMake: Building model_api_cmake; 103s local ... (8 actions, 7 running)
[4,019 / 6,145] Foreign Cc - CMake: Building model_api_cmake; 105s local ... (8 actions, 7 running)
[4,026 / 6,147] Foreign Cc - CMake: Building model_api_cmake; 106s local ... (8 actions, 7 running)
[4,032 / 6,147] Foreign Cc - CMake: Building model_api_cmake; 107s local ... (8 actions running)
[4,037 / 6,147] Foreign Cc - CMake: Building model_api_cmake; 108s local ... (8 actions running)
[4,038 / 6,147] Foreign Cc - CMake: Building model_api_cmake; 112s local ... (8 actions, 7 running)
[4,047 / 6,156] Foreign Cc - CMake: Building model_api_cmake; 113s local ... (8 actions running)
[4,048 / 6,156] Foreign Cc - CMake: Building model_api_cmake; 114s local ... (8 actions, 7 running)
[4,051 / 6,156] Foreign Cc - CMake: Building model_api_cmake; 116s local ... (8 actions running)
[4,053 / 6,156] Foreign Cc - CMake: Building model_api_cmake; 117s local ... (8 actions running)
[4,056 / 6,156] Foreign Cc - CMake: Building model_api_cmake; 118s local ... (8 actions running)
[4,058 / 6,158] Foreign Cc - CMake: Building model_api_cmake; 119s local ... (8 actions running)
[4,063 / 6,158] Foreign Cc - CMake: Building model_api_cmake; 120s local ... (8 actions running)
[4,066 / 6,158] Foreign Cc - CMake: Building model_api_cmake; 121s local ... (8 actions running)
[4,069 / 6,158] Foreign Cc - CMake: Building model_api_cmake; 122s local ... (8 actions, 7 running)
[4,070 / 6,158] Foreign Cc - CMake: Building model_api_cmake; 123s local ... (8 actions running)
[4,072 / 6,160] Foreign Cc - CMake: Building model_api_cmake; 124s local ... (8 actions running)
[4,073 / 6,160] Foreign Cc - CMake: Building model_api_cmake; 125s local ... (8 actions, 7 running)
[4,076 / 6,162] Foreign Cc - CMake: Building model_api_cmake; 127s local ... (8 actions, 7 running)
[4,078 / 6,162] Foreign Cc - CMake: Building model_api_cmake; 128s local ... (8 actions running)
[4,087 / 6,164] Foreign Cc - CMake: Building model_api_cmake; 129s local ... (8 actions running)
[4,088 / 6,164] Foreign Cc - CMake: Building model_api_cmake; 130s local ... (8 actions running)
[4,092 / 6,164] Foreign Cc - CMake: Building model_api_cmake; 131s local ... (8 actions running)
[4,093 / 6,164] Foreign Cc - CMake: Building model_api_cmake; 133s local ... (8 actions, 7 running)
[4,095 / 6,164] Foreign Cc - CMake: Building model_api_cmake; 134s local ... (8 actions running)
[4,102 / 6,166] Foreign Cc - CMake: Building model_api_cmake; 135s local ... (8 actions running)
[4,103 / 6,166] Foreign Cc - CMake: Building model_api_cmake; 137s local ... (8 actions, 7 running)
[4,106 / 6,168] Foreign Cc - CMake: Building model_api_cmake; 138s local ... (8 actions running)
[4,107 / 6,168] Foreign Cc - CMake: Building model_api_cmake; 141s local ... (8 actions, 7 running)
[4,111 / 6,168] Foreign Cc - CMake: Building model_api_cmake; 142s local ... (8 actions, 7 running)
[4,117 / 6,170] Foreign Cc - CMake: Building model_api_cmake; 143s local ... (8 actions running)
[4,121 / 6,170] Foreign Cc - CMake: Building model_api_cmake; 145s local ... (8 actions running)
[4,122 / 6,170] Foreign Cc - CMake: Building model_api_cmake; 147s local ... (8 actions, 7 running)
[4,124 / 6,170] Foreign Cc - CMake: Building model_api_cmake; 148s local ... (8 actions, 7 running)
[4,127 / 6,170] Foreign Cc - CMake: Building model_api_cmake; 150s local ... (8 actions running)
[4,130 / 6,172] Foreign Cc - CMake: Building model_api_cmake; 151s local ... (8 actions running)
[4,131 / 6,172] Foreign Cc - CMake: Building model_api_cmake; 152s local ... (8 actions, 7 running)
[4,136 / 6,174] Foreign Cc - CMake: Building model_api_cmake; 153s local ... (8 actions, 7 running)
[4,138 / 6,176] Foreign Cc - CMake: Building model_api_cmake; 154s local ... (8 actions, 7 running)
[4,141 / 6,178] Foreign Cc - CMake: Building model_api_cmake; 155s local ... (8 actions, 7 running)
[4,143 / 6,178] Foreign Cc - CMake: Building model_api_cmake; 157s local ... (8 actions, 7 running)
[4,149 / 6,180] Foreign Cc - CMake: Building model_api_cmake; 158s local ... (8 actions running)
[4,152 / 6,182] Foreign Cc - CMake: Building model_api_cmake; 159s local ... (8 actions running)
[4,153 / 6,182] Foreign Cc - CMake: Building model_api_cmake; 161s local ... (8 actions, 7 running)
[4,157 / 6,186] Foreign Cc - CMake: Building model_api_cmake; 162s local ... (8 actions, 7 running)
[4,165 / 6,188] Foreign Cc - CMake: Building model_api_cmake; 163s local ... (8 actions running)
[4,166 / 6,188] Foreign Cc - CMake: Building model_api_cmake; 164s local ... (8 actions, 7 running)
[4,172 / 6,190] Foreign Cc - CMake: Building model_api_cmake; 166s local ... (8 actions running)
[4,173 / 6,190] Foreign Cc - CMake: Building model_api_cmake; 167s local ... (8 actions running)
[4,175 / 6,190] Foreign Cc - CMake: Building model_api_cmake; 168s local ... (8 actions running)
[4,177 / 6,190] Foreign Cc - CMake: Building model_api_cmake; 169s local ... (8 actions running)
[4,179 / 6,192] Foreign Cc - CMake: Building model_api_cmake; 170s local ... (8 actions running)
[4,183 / 6,192] Foreign Cc - CMake: Building model_api_cmake; 171s local ... (8 actions running)
[4,184 / 6,192] Foreign Cc - CMake: Building model_api_cmake; 173s local ... (8 actions, 7 running)
[4,188 / 6,192] Foreign Cc - CMake: Building model_api_cmake; 174s local ... (8 actions, 7 running)
[4,201 / 6,196] Foreign Cc - CMake: Building model_api_cmake; 175s local ... (8 actions, 7 running)
[4,208 / 6,196] Foreign Cc - CMake: Building model_api_cmake; 176s local ... (8 actions, 7 running)
[4,216 / 6,196] Foreign Cc - CMake: Building model_api_cmake; 177s local ... (8 actions, 7 running)
[4,221 / 6,198] Foreign Cc - CMake: Building model_api_cmake; 178s local ... (8 actions, 7 running)
[4,224 / 6,198] Foreign Cc - CMake: Building model_api_cmake; 179s local ... (8 actions running)
[4,227 / 6,198] Foreign Cc - CMake: Building model_api_cmake; 180s local ... (8 actions running)
[4,230 / 6,198] Foreign Cc - CMake: Building model_api_cmake; 181s local ... (8 actions running)
[4,231 / 6,198] Foreign Cc - CMake: Building model_api_cmake; 182s local ... (8 actions running)
[4,232 / 6,198] Foreign Cc - CMake: Building model_api_cmake; 183s local ... (8 actions running)
[4,237 / 6,200] Foreign Cc - CMake: Building model_api_cmake; 184s local ... (8 actions running)
[4,238 / 6,200] Foreign Cc - CMake: Building model_api_cmake; 186s local ... (8 actions, 7 running)
[4,240 / 6,200] Foreign Cc - CMake: Building model_api_cmake; 187s local ... (8 actions, 7 running)
[4,249 / 6,206] Foreign Cc - CMake: Building model_api_cmake; 189s local ... (8 actions, 7 running)
[4,254 / 6,208] Foreign Cc - CMake: Building model_api_cmake; 190s local ... (8 actions running)
[4,255 / 6,208] Foreign Cc - CMake: Building model_api_cmake; 191s local ... (8 actions running)
[4,261 / 6,208] Foreign Cc - CMake: Building model_api_cmake; 192s local ... (8 actions running)
[4,262 / 6,208] Foreign Cc - CMake: Building model_api_cmake; 194s local ... (8 actions, 7 running)
[4,264 / 6,208] Foreign Cc - CMake: Building model_api_cmake; 195s local ... (8 actions running)
[4,266 / 6,208] Foreign Cc - CMake: Building model_api_cmake; 196s local ... (8 actions running)
[4,267 / 6,208] Foreign Cc - CMake: Building model_api_cmake; 197s local ... (8 actions, 7 running)
[4,268 / 6,208] Foreign Cc - CMake: Building model_api_cmake; 199s local ... (8 actions running)
[4,269 / 6,208] Foreign Cc - CMake: Building model_api_cmake; 201s local ... (8 actions, 7 running)
[4,273 / 6,210] Foreign Cc - CMake: Building model_api_cmake; 202s local ... (8 actions running)
[4,274 / 6,210] Foreign Cc - CMake: Building model_api_cmake; 204s local ... (8 actions, 7 running)
[4,280 / 6,218] Foreign Cc - CMake: Building model_api_cmake; 205s local ... (8 actions, 7 running)
[4,281 / 6,218] Foreign Cc - CMake: Building model_api_cmake; 206s local ... (8 actions, 7 running)
[4,284 / 6,232] Foreign Cc - CMake: Building model_api_cmake; 207s local ... (8 actions running)
[4,287 / 6,232] Foreign Cc - CMake: Building model_api_cmake; 209s local ... (8 actions running)
[4,288 / 6,232] Foreign Cc - CMake: Building model_api_cmake; 210s local ... (8 actions running)
[4,289 / 6,232] Foreign Cc - CMake: Building model_api_cmake; 211s local ... (8 actions running)
[4,290 / 6,232] Foreign Cc - CMake: Building model_api_cmake; 212s local ... (8 actions, 7 running)
[4,292 / 6,232] Foreign Cc - CMake: Building model_api_cmake; 214s local ... (8 actions running)
[4,297 / 6,234] Foreign Cc - CMake: Building model_api_cmake; 215s local ... (8 actions running)
[4,303 / 6,236] Foreign Cc - CMake: Building model_api_cmake; 216s local ... (8 actions running)
[4,304 / 6,236] Foreign Cc - CMake: Building model_api_cmake; 217s local ... (8 actions, 7 running)
[4,308 / 6,236] Foreign Cc - CMake: Building model_api_cmake; 218s local ... (8 actions, 7 running)
[4,309 / 6,236] Foreign Cc - CMake: Building model_api_cmake; 220s local ... (8 actions running)
[4,312 / 6,236] Foreign Cc - CMake: Building model_api_cmake; 221s local ... (8 actions running)
[4,314 / 6,236] Foreign Cc - CMake: Building model_api_cmake; 222s local ... (8 actions running)
[4,316 / 6,236] Foreign Cc - CMake: Building model_api_cmake; 223s local ... (8 actions, 7 running)
[4,319 / 6,236] Foreign Cc - CMake: Building model_api_cmake; 224s local ... (8 actions running)
[4,323 / 6,254] Foreign Cc - CMake: Building model_api_cmake; 225s local ... (8 actions running)
[4,326 / 6,291] Foreign Cc - CMake: Building model_api_cmake; 226s local ... (8 actions running)
[4,327 / 6,291] Foreign Cc - CMake: Building model_api_cmake; 227s local ... (8 actions running)
[4,330 / 6,291] Foreign Cc - CMake: Building model_api_cmake; 228s local ... (7 actions running)
[4,335 / 6,294] Foreign Cc - CMake: Building model_api_cmake; 229s local ... (8 actions running)
[4,339 / 6,294] Foreign Cc - CMake: Building model_api_cmake; 230s local ... (8 actions running)
[4,343 / 6,296] Foreign Cc - CMake: Building model_api_cmake; 231s local ... (8 actions running)
[4,348 / 6,298] Foreign Cc - CMake: Building model_api_cmake; 232s local ... (8 actions running)
[4,350 / 6,298] Foreign Cc - CMake: Building model_api_cmake; 233s local ... (8 actions running)
[4,357 / 6,300] Foreign Cc - CMake: Building model_api_cmake; 234s local ... (8 actions running)
[4,358 / 6,300] Foreign Cc - CMake: Building model_api_cmake; 235s local ... (8 actions, 7 running)
[4,361 / 6,300] Foreign Cc - CMake: Building model_api_cmake; 236s local ... (8 actions, 7 running)
[4,365 / 6,302] Foreign Cc - CMake: Building model_api_cmake; 237s local ... (8 actions running)
[4,366 / 6,302] Foreign Cc - CMake: Building model_api_cmake; 238s local ... (8 actions running)
[4,369 / 6,304] Foreign Cc - CMake: Building model_api_cmake; 239s local ... (8 actions running)
[4,373 / 6,306] Foreign Cc - CMake: Building model_api_cmake; 240s local ... (8 actions running)
[4,379 / 6,321] Foreign Cc - CMake: Building model_api_cmake; 241s local ... (8 actions running)
[4,386 / 6,323] Foreign Cc - CMake: Building model_api_cmake; 242s local ... (8 actions, 7 running)
[4,397 / 6,325] Foreign Cc - CMake: Building model_api_cmake; 243s local ... (8 actions, 7 running)
[4,404 / 6,333] Foreign Cc - CMake: Building model_api_cmake; 244s local ... (8 actions running)
[4,410 / 6,335] Foreign Cc - CMake: Building model_api_cmake; 245s local ... (8 actions running)
[4,418 / 6,339] Foreign Cc - CMake: Building model_api_cmake; 246s local ... (8 actions running)
[4,426 / 6,347] Foreign Cc - CMake: Building model_api_cmake; 247s local ... (8 actions running)
[4,439 / 6,351] Foreign Cc - CMake: Building model_api_cmake; 248s local ... (8 actions running)
[4,444 / 6,353] Foreign Cc - CMake: Building model_api_cmake; 249s local ... (8 actions running)
[4,451 / 6,371] Foreign Cc - CMake: Building model_api_cmake; 250s local ... (8 actions running)
[4,458 / 6,383] Foreign Cc - CMake: Building model_api_cmake; 251s local ... (8 actions running)
[4,470 / 6,383] Foreign Cc - CMake: Building model_api_cmake; 252s local ... (8 actions running)
[4,478 / 6,385] Foreign Cc - CMake: Building model_api_cmake; 253s local ... (8 actions running)
[4,485 / 6,385] Foreign Cc - CMake: Building model_api_cmake; 254s local ... (8 actions running)
[4,498 / 6,389] Foreign Cc - CMake: Building model_api_cmake; 255s local ... (8 actions running)
[4,505 / 6,429] Foreign Cc - CMake: Building model_api_cmake; 256s local ... (8 actions running)
[4,512 / 6,441] Foreign Cc - CMake: Building model_api_cmake; 257s local ... (8 actions running)
[4,518 / 6,456] Foreign Cc - CMake: Building model_api_cmake; 258s local ... (8 actions running)
[4,520 / 6,456] Foreign Cc - CMake: Building model_api_cmake; 259s local ... (8 actions running)
[4,527 / 6,456] Foreign Cc - CMake: Building model_api_cmake; 260s local ... (8 actions running)
[4,533 / 6,465] Foreign Cc - CMake: Building model_api_cmake; 261s local ... (8 actions running)
[4,541 / 6,465] Foreign Cc - CMake: Building model_api_cmake; 262s local ... (8 actions running)
[4,546 / 6,465] Foreign Cc - CMake: Building model_api_cmake; 263s local ... (8 actions running)
[4,554 / 6,465] Foreign Cc - CMake: Building model_api_cmake; 264s local ... (8 actions running)
[4,560 / 6,465] Foreign Cc - CMake: Building model_api_cmake; 265s local ... (6 actions, 5 running)
[4,568 / 6,465] Foreign Cc - CMake: Building model_api_cmake; 266s local ... (8 actions running)
[4,576 / 6,469] Foreign Cc - CMake: Building model_api_cmake; 267s local ... (8 actions running)
[4,583 / 6,472] Foreign Cc - CMake: Building model_api_cmake; 268s local ... (8 actions running)
[4,588 / 6,472] Foreign Cc - CMake: Building model_api_cmake; 269s local ... (8 actions running)
[4,592 / 6,472] Foreign Cc - CMake: Building model_api_cmake; 270s local ... (8 actions running)
[4,599 / 6,475] Foreign Cc - CMake: Building model_api_cmake; 271s local ... (8 actions running)
[4,614 / 6,506] Foreign Cc - CMake: Building model_api_cmake; 272s local ... (7 actions running)
[4,621 / 6,519] Foreign Cc - CMake: Building model_api_cmake; 273s local ... (8 actions running)
[4,632 / 6,519] Foreign Cc - CMake: Building model_api_cmake; 274s local ... (8 actions running)
[4,642 / 6,530] Foreign Cc - CMake: Building model_api_cmake; 275s local ... (8 actions running)
[4,650 / 6,554] Foreign Cc - CMake: Building model_api_cmake; 276s local ... (8 actions running)
[4,656 / 6,554] Foreign Cc - CMake: Building model_api_cmake; 277s local ... (8 actions running)
[4,663 / 6,559] Foreign Cc - CMake: Building model_api_cmake; 278s local ... (8 actions running)
[4,671 / 6,561] Foreign Cc - CMake: Building model_api_cmake; 279s local ... (8 actions, 7 running)
[4,677 / 6,561] Foreign Cc - CMake: Building model_api_cmake; 280s local ... (8 actions running)
[4,684 / 6,716] Foreign Cc - CMake: Building model_api_cmake; 281s local ... (8 actions running)
[4,687 / 6,716] Foreign Cc - CMake: Building model_api_cmake; 282s local ... (8 actions running)
[4,695 / 6,716] Foreign Cc - CMake: Building model_api_cmake; 283s local ... (8 actions running)
[4,704 / 6,718] Foreign Cc - CMake: Building model_api_cmake; 284s local ... (8 actions running)
[4,708 / 6,720] Foreign Cc - CMake: Building model_api_cmake; 285s local ... (8 actions running)
[4,715 / 6,722] Foreign Cc - CMake: Building model_api_cmake; 286s local ... (8 actions running)
[4,720 / 6,763] Foreign Cc - CMake: Building model_api_cmake; 287s local ... (8 actions running)
[4,725 / 6,763] Foreign Cc - CMake: Building model_api_cmake; 288s local ... (8 actions running)
[4,729 / 6,763] Foreign Cc - CMake: Building model_api_cmake; 289s local ... (8 actions running)
[4,737 / 6,763] Foreign Cc - CMake: Building model_api_cmake; 290s local ... (8 actions running)
[4,741 / 6,763] Foreign Cc - CMake: Building model_api_cmake; 291s local ... (8 actions running)
[4,748 / 6,763] Foreign Cc - CMake: Building model_api_cmake; 292s local ... (8 actions running)
[4,751 / 6,763] Foreign Cc - CMake: Building model_api_cmake; 293s local ... (8 actions running)
[4,758 / 6,763] Foreign Cc - CMake: Building model_api_cmake; 294s local ... (8 actions running)
[4,766 / 6,765] Foreign Cc - CMake: Building model_api_cmake; 295s local ... (8 actions running)
[4,771 / 6,765] Foreign Cc - CMake: Building model_api_cmake; 296s local ... (8 actions running)
[4,776 / 6,765] Foreign Cc - CMake: Building model_api_cmake; 297s local ... (8 actions running)
[4,782 / 6,765] Foreign Cc - CMake: Building model_api_cmake; 298s local ... (8 actions running)
[4,785 / 6,765] Foreign Cc - CMake: Building model_api_cmake; 299s local ... (8 actions running)
[4,790 / 6,765] Foreign Cc - CMake: Building model_api_cmake; 300s local ... (8 actions running)
[4,795 / 6,765] Foreign Cc - CMake: Building model_api_cmake; 302s local ... (8 actions running)
[4,798 / 6,765] Foreign Cc - CMake: Building model_api_cmake; 303s local ... (8 actions running)
[4,801 / 6,765] Foreign Cc - CMake: Building model_api_cmake; 304s local ... (8 actions running)
[4,805 / 6,765] Foreign Cc - CMake: Building model_api_cmake; 305s local ... (8 actions running)
[4,811 / 6,765] Foreign Cc - CMake: Building model_api_cmake; 306s local ... (7 actions, 6 running)
[4,815 / 6,765] Foreign Cc - CMake: Building model_api_cmake; 307s local ... (8 actions running)
[4,820 / 6,765] Foreign Cc - CMake: Building model_api_cmake; 308s local ... (8 actions running)
[4,822 / 6,765] Foreign Cc - CMake: Building model_api_cmake; 309s local ... (8 actions running)
[4,831 / 6,767] Foreign Cc - CMake: Building model_api_cmake; 310s local ... (8 actions running)
[4,833 / 6,767] Foreign Cc - CMake: Building model_api_cmake; 311s local ... (8 actions running)
[4,838 / 6,767] Foreign Cc - CMake: Building model_api_cmake; 312s local ... (8 actions running)
[4,842 / 6,767] Foreign Cc - CMake: Building model_api_cmake; 313s local ... (8 actions running)
[4,844 / 6,767] Foreign Cc - CMake: Building model_api_cmake; 314s local ... (8 actions running)
[4,848 / 6,767] Foreign Cc - CMake: Building model_api_cmake; 315s local ... (8 actions running)
[4,852 / 6,767] Foreign Cc - CMake: Building model_api_cmake; 316s local ... (8 actions, 7 running)
[4,858 / 6,769] Foreign Cc - CMake: Building model_api_cmake; 317s local ... (8 actions running)
[4,862 / 6,769] Foreign Cc - CMake: Building model_api_cmake; 318s local ... (8 actions running)
[4,865 / 6,769] Foreign Cc - CMake: Building model_api_cmake; 319s local ... (8 actions running)
[4,867 / 6,769] Foreign Cc - CMake: Building model_api_cmake; 320s local ... (8 actions running)
[4,873 / 6,772] Foreign Cc - CMake: Building model_api_cmake; 321s local ... (8 actions running)
[4,875 / 6,772] Foreign Cc - CMake: Building model_api_cmake; 322s local ... (8 actions, 7 running)
[4,880 / 6,774] Foreign Cc - CMake: Building model_api_cmake; 323s local ... (8 actions running)
[4,885 / 6,776] Foreign Cc - CMake: Building model_api_cmake; 324s local ... (8 actions running)
[4,888 / 6,776] Foreign Cc - CMake: Building model_api_cmake; 325s local ... (8 actions running)
[4,891 / 6,776] Foreign Cc - CMake: Building model_api_cmake; 326s local ... (8 actions running)
[4,896 / 6,778] Foreign Cc - CMake: Building model_api_cmake; 327s local ... (8 actions running)
[4,897 / 6,778] Foreign Cc - CMake: Building model_api_cmake; 328s local ... (8 actions running)
[4,900 / 6,778] Foreign Cc - CMake: Building model_api_cmake; 329s local ... (8 actions running)
[4,902 / 6,778] Foreign Cc - CMake: Building model_api_cmake; 330s local ... (8 actions running)
[4,903 / 6,778] Foreign Cc - CMake: Building model_api_cmake; 331s local ... (8 actions running)
[4,906 / 6,778] Foreign Cc - CMake: Building model_api_cmake; 332s local ... (8 actions running)
[4,907 / 6,778] Foreign Cc - CMake: Building model_api_cmake; 333s local ... (8 actions running)
[4,910 / 6,778] Foreign Cc - CMake: Building model_api_cmake; 334s local ... (8 actions running)
[4,916 / 6,780] Foreign Cc - CMake: Building model_api_cmake; 335s local ... (8 actions running)
[4,922 / 6,780] Foreign Cc - CMake: Building model_api_cmake; 336s local ... (8 actions running)
[4,926 / 6,783] Foreign Cc - CMake: Building model_api_cmake; 337s local ... (8 actions running)
[4,929 / 6,783] Foreign Cc - CMake: Building model_api_cmake; 338s local ... (8 actions running)
[4,933 / 6,783] Foreign Cc - CMake: Building model_api_cmake; 339s local ... (8 actions running)
[4,937 / 6,783] Foreign Cc - CMake: Building model_api_cmake; 340s local ... (8 actions running)
[4,942 / 6,785] Foreign Cc - CMake: Building model_api_cmake; 341s local ... (8 actions running)
[4,946 / 6,785] Foreign Cc - CMake: Building model_api_cmake; 342s local ... (8 actions running)
[4,947 / 6,785] Foreign Cc - CMake: Building model_api_cmake; 343s local ... (8 actions running)
[4,948 / 6,785] Foreign Cc - CMake: Building model_api_cmake; 344s local ... (8 actions running)
[4,952 / 6,785] Foreign Cc - CMake: Building model_api_cmake; 345s local ... (8 actions running)
[4,953 / 6,785] Foreign Cc - CMake: Building model_api_cmake; 346s local ... (8 actions, 7 running)
[4,957 / 6,785] Foreign Cc - CMake: Building model_api_cmake; 348s local ... (8 actions, 7 running)
[4,961 / 6,787] Foreign Cc - CMake: Building model_api_cmake; 349s local ... (8 actions, 7 running)
[4,966 / 6,787] Foreign Cc - CMake: Building model_api_cmake; 350s local ... (8 actions, 7 running)
[4,967 / 6,787] Foreign Cc - CMake: Building model_api_cmake; 351s local ... (8 actions running)
[4,972 / 6,787] Foreign Cc - CMake: Building model_api_cmake; 352s local ... (8 actions running)
[4,974 / 6,787] Foreign Cc - CMake: Building model_api_cmake; 353s local ... (8 actions running)
[4,979 / 6,787] Foreign Cc - CMake: Building model_api_cmake; 354s local ... (8 actions running)
[4,980 / 6,787] Foreign Cc - CMake: Building model_api_cmake; 355s local ... (8 actions running)
[4,983 / 6,787] Foreign Cc - CMake: Building model_api_cmake; 356s local ... (8 actions running)
[4,985 / 6,787] Foreign Cc - CMake: Building model_api_cmake; 357s local ... (8 actions running)
[4,988 / 6,789] Foreign Cc - CMake: Building model_api_cmake; 358s local ... (8 actions running)
[4,994 / 6,791] Foreign Cc - CMake: Building model_api_cmake; 359s local ... (8 actions running)
[4,996 / 6,791] Foreign Cc - CMake: Building model_api_cmake; 360s local ... (8 actions running)
[4,998 / 6,791] Foreign Cc - CMake: Building model_api_cmake; 361s local ... (8 actions running)
[5,001 / 6,791] Foreign Cc - CMake: Building model_api_cmake; 362s local ... (8 actions running)
[5,006 / 6,791] Foreign Cc - CMake: Building model_api_cmake; 363s local ... (8 actions running)
[5,011 / 6,791] Foreign Cc - CMake: Building model_api_cmake; 364s local ... (8 actions running)
[5,015 / 6,791] Foreign Cc - CMake: Building model_api_cmake; 365s local ... (8 actions running)
[5,018 / 6,791] Foreign Cc - CMake: Building model_api_cmake; 366s local ... (8 actions running)
[5,020 / 6,791] Foreign Cc - CMake: Building model_api_cmake; 367s local ... (8 actions, 7 running)
[5,023 / 6,791] Foreign Cc - CMake: Building model_api_cmake; 368s local ... (8 actions running)
[5,026 / 6,791] Foreign Cc - CMake: Building model_api_cmake; 369s local ... (8 actions running)
[5,032 / 6,793] Foreign Cc - CMake: Building model_api_cmake; 370s local ... (8 actions running)
[5,035 / 6,793] Foreign Cc - CMake: Building model_api_cmake; 371s local ... (8 actions running)
[5,040 / 6,795] Foreign Cc - CMake: Building model_api_cmake; 372s local ... (8 actions running)
[5,045 / 6,795] Foreign Cc - CMake: Building model_api_cmake; 373s local ... (8 actions running)
[5,049 / 6,795] Foreign Cc - CMake: Building model_api_cmake; 374s local ... (8 actions running)
[5,053 / 6,795] Foreign Cc - CMake: Building model_api_cmake; 375s local ... (8 actions running)
[5,056 / 6,795] Foreign Cc - CMake: Building model_api_cmake; 376s local ... (8 actions running)
[5,062 / 6,795] Foreign Cc - CMake: Building model_api_cmake; 377s local ... (8 actions running)
[5,066 / 6,795] Foreign Cc - CMake: Building model_api_cmake; 378s local ... (8 actions running)
[5,070 / 6,795] Foreign Cc - CMake: Building model_api_cmake; 379s local ... (8 actions running)
[5,073 / 6,795] Foreign Cc - CMake: Building model_api_cmake; 380s local ... (8 actions running)
[5,080 / 6,797] Foreign Cc - CMake: Building model_api_cmake; 381s local ... (8 actions running)
[5,082 / 6,797] Foreign Cc - CMake: Building model_api_cmake; 382s local ... (8 actions running)
[5,086 / 6,797] Foreign Cc - CMake: Building model_api_cmake; 383s local ... (8 actions running)
[5,088 / 6,797] Foreign Cc - CMake: Building model_api_cmake; 384s local ... (8 actions running)
[5,093 / 6,797] Foreign Cc - CMake: Building model_api_cmake; 385s local ... (8 actions running)
[5,095 / 6,797] Foreign Cc - CMake: Building model_api_cmake; 386s local ... (8 actions running)
[5,097 / 6,797] Foreign Cc - CMake: Building model_api_cmake; 387s local ... (8 actions running)
[5,101 / 6,797] Foreign Cc - CMake: Building model_api_cmake; 388s local ... (6 actions running)
[5,102 / 6,797] Foreign Cc - CMake: Building model_api_cmake; 389s local ... (8 actions running)
[5,105 / 6,797] Foreign Cc - CMake: Building model_api_cmake; 390s local ... (8 actions running)
[5,109 / 6,797] Foreign Cc - CMake: Building model_api_cmake; 391s local ... (8 actions running)
[5,113 / 6,799] Foreign Cc - CMake: Building model_api_cmake; 392s local ... (8 actions running)
[5,117 / 6,799] Foreign Cc - CMake: Building model_api_cmake; 394s local ... (8 actions running)
[5,121 / 6,799] Foreign Cc - CMake: Building model_api_cmake; 395s local ... (8 actions running)
[5,125 / 6,799] Foreign Cc - CMake: Building model_api_cmake; 396s local ... (8 actions running)
[5,126 / 6,799] Foreign Cc - CMake: Building model_api_cmake; 397s local ... (8 actions running)
[5,130 / 6,799] Foreign Cc - CMake: Building model_api_cmake; 398s local ... (8 actions running)
[5,136 / 6,801] Foreign Cc - CMake: Building model_api_cmake; 399s local ... (8 actions running)
[5,137 / 6,801] Foreign Cc - CMake: Building model_api_cmake; 400s local ... (8 actions running)
[5,141 / 6,801] Foreign Cc - CMake: Building model_api_cmake; 401s local ... (8 actions running)
[5,146 / 6,803] Foreign Cc - CMake: Building model_api_cmake; 402s local ... (8 actions running)
[5,148 / 6,803] Foreign Cc - CMake: Building model_api_cmake; 403s local ... (8 actions running)
[5,152 / 6,803] Foreign Cc - CMake: Building model_api_cmake; 404s local ... (8 actions running)
[5,163 / 6,805] Foreign Cc - CMake: Building model_api_cmake; 405s local ... (8 actions running)
[5,171 / 6,805] Foreign Cc - CMake: Building model_api_cmake; 406s local ... (8 actions running)
[5,179 / 6,843] Foreign Cc - CMake: Building model_api_cmake; 407s local ... (8 actions running)
[5,185 / 6,843] Foreign Cc - CMake: Building model_api_cmake; 408s local ... (8 actions running)
[5,194 / 6,843] Foreign Cc - CMake: Building model_api_cmake; 409s local ... (8 actions running)
[5,202 / 6,843] Foreign Cc - CMake: Building model_api_cmake; 410s local ... (8 actions running)
[5,208 / 6,843] Foreign Cc - CMake: Building model_api_cmake; 411s local ... (8 actions running)
[5,220 / 7,074] Foreign Cc - CMake: Building model_api_cmake; 412s local ... (8 actions running)
[5,226 / 7,074] Foreign Cc - CMake: Building model_api_cmake; 413s local ... (8 actions running)
[5,237 / 7,076] Foreign Cc - CMake: Building model_api_cmake; 414s local ... (8 actions running)
[5,247 / 7,076] Foreign Cc - CMake: Building model_api_cmake; 415s local ... (8 actions running)
[5,258 / 7,076] Foreign Cc - CMake: Building model_api_cmake; 416s local ... (8 actions running)
[5,268 / 7,076] Foreign Cc - CMake: Building model_api_cmake; 417s local ... (8 actions running)
[5,275 / 7,076] Foreign Cc - CMake: Building model_api_cmake; 418s local ... (8 actions running)
[5,286 / 7,076] Foreign Cc - CMake: Building model_api_cmake; 419s local ... (8 actions running)
[5,297 / 7,076] Foreign Cc - CMake: Building model_api_cmake; 420s local ... (8 actions running)
[5,306 / 7,076] Foreign Cc - CMake: Building model_api_cmake; 421s local ... (8 actions running)
[5,320 / 7,078] Foreign Cc - CMake: Building model_api_cmake; 422s local ... (8 actions running)
[5,328 / 7,078] Foreign Cc - CMake: Building model_api_cmake; 423s local ... (8 actions running)
[5,332 / 7,078] Foreign Cc - CMake: Building model_api_cmake; 424s local ... (8 actions running)
[5,336 / 7,078] Foreign Cc - CMake: Building model_api_cmake; 425s local ... (8 actions running)
[5,340 / 7,080] Foreign Cc - CMake: Building model_api_cmake; 426s local ... (8 actions running)
[5,344 / 7,080] Foreign Cc - CMake: Building model_api_cmake; 427s local ... (8 actions running)
[5,347 / 7,080] Foreign Cc - CMake: Building model_api_cmake; 428s local ... (8 actions running)
[5,349 / 7,080] Foreign Cc - CMake: Building model_api_cmake; 429s local ... (8 actions running)
[5,353 / 7,080] Foreign Cc - CMake: Building model_api_cmake; 430s local ... (8 actions running)
[5,355 / 7,080] Foreign Cc - CMake: Building model_api_cmake; 431s local ... (8 actions running)
[5,360 / 7,080] Foreign Cc - CMake: Building model_api_cmake; 432s local ... (8 actions running)
[5,363 / 7,080] Foreign Cc - CMake: Building model_api_cmake; 433s local ... (8 actions running)
[5,365 / 7,080] Foreign Cc - CMake: Building model_api_cmake; 434s local ... (8 actions running)
[5,370 / 7,080] Foreign Cc - CMake: Building model_api_cmake; 435s local ... (8 actions running)
[5,371 / 7,080] Foreign Cc - CMake: Building model_api_cmake; 436s local ... (8 actions, 7 running)
[5,379 / 7,080] Foreign Cc - CMake: Building model_api_cmake; 437s local ... (8 actions, 7 running)
[5,382 / 7,080] Foreign Cc - CMake: Building model_api_cmake; 439s local ... (8 actions, 7 running)
[5,387 / 7,080] Foreign Cc - CMake: Building model_api_cmake; 440s local ... (8 actions, 7 running)
[5,390 / 7,080] Foreign Cc - CMake: Building model_api_cmake; 441s local ... (8 actions running)
[5,393 / 7,080] Foreign Cc - CMake: Building model_api_cmake; 442s local ... (8 actions running)
[5,399 / 7,084] Foreign Cc - CMake: Building model_api_cmake; 443s local ... (8 actions running)
[5,401 / 7,084] Foreign Cc - CMake: Building model_api_cmake; 444s local ... (8 actions running)
[5,404 / 7,084] Foreign Cc - CMake: Building model_api_cmake; 445s local ... (8 actions running)
[5,410 / 7,086] Foreign Cc - CMake: Building model_api_cmake; 446s local ... (8 actions running)
[5,413 / 7,088] Foreign Cc - CMake: Building model_api_cmake; 447s local ... (8 actions running)
[5,424 / 7,094] Foreign Cc - CMake: Building model_api_cmake; 448s local ... (8 actions, 7 running)
[5,428 / 7,096] Foreign Cc - CMake: Building model_api_cmake; 449s local ... (7 actions running)
[5,431 / 7,096] Foreign Cc - CMake: Building model_api_cmake; 450s local ... (8 actions running)
[5,447 / 7,102] Foreign Cc - CMake: Building model_api_cmake; 451s local ... (8 actions running)
[5,449 / 7,102] Foreign Cc - CMake: Building model_api_cmake; 452s local ... (8 actions running)
[5,461 / 7,108] Foreign Cc - CMake: Building model_api_cmake; 453s local ... (8 actions running)
[5,466 / 7,108] Foreign Cc - CMake: Building model_api_cmake; 454s local ... (8 actions running)
[5,474 / 7,112] Foreign Cc - CMake: Building model_api_cmake; 455s local ... (8 actions running)
[5,486 / 7,120] Foreign Cc - CMake: Building model_api_cmake; 456s local ... (8 actions running)
[5,489 / 7,120] Foreign Cc - CMake: Building model_api_cmake; 457s local ... (8 actions, 7 running)
[5,498 / 7,123] Foreign Cc - CMake: Building model_api_cmake; 458s local ... (8 actions, 7 running)
[5,504 / 7,193] Foreign Cc - CMake: Building model_api_cmake; 459s local ... (8 actions running)
[5,513 / 7,195] Foreign Cc - CMake: Building model_api_cmake; 460s local ... (8 actions running)
[5,518 / 7,195] Foreign Cc - CMake: Building model_api_cmake; 461s local ... (8 actions running)
[5,524 / 7,197] Foreign Cc - CMake: Building model_api_cmake; 462s local ... (8 actions running)
[5,534 / 7,199] Foreign Cc - CMake: Building model_api_cmake; 463s local ... (8 actions running)
[5,538 / 7,201] Foreign Cc - CMake: Building model_api_cmake; 464s local ... (7 actions running)
[5,548 / 7,201] Foreign Cc - CMake: Building model_api_cmake; 465s local ... (8 actions running)
[5,554 / 7,203] Foreign Cc - CMake: Building model_api_cmake; 466s local ... (8 actions running)
[5,562 / 7,203] Foreign Cc - CMake: Building model_api_cmake; 467s local ... (8 actions running)
[5,565 / 7,203] Foreign Cc - CMake: Building model_api_cmake; 468s local ... (8 actions running)
[5,575 / 7,203] Foreign Cc - CMake: Building model_api_cmake; 469s local ... (8 actions running)
[5,578 / 7,203] Foreign Cc - CMake: Building model_api_cmake; 470s local ... (8 actions running)
[5,586 / 7,205] Foreign Cc - CMake: Building model_api_cmake; 471s local ... (8 actions running)
[5,588 / 7,205] Foreign Cc - CMake: Building model_api_cmake; 472s local ... (8 actions running)
[5,597 / 7,205] Foreign Cc - CMake: Building model_api_cmake; 473s local ... (8 actions running)
[5,604 / 7,207] Foreign Cc - CMake: Building model_api_cmake; 474s local ... (8 actions running)
[5,611 / 7,207] Foreign Cc - CMake: Building model_api_cmake; 475s local ... (8 actions running)
[5,616 / 7,207] Foreign Cc - CMake: Building model_api_cmake; 476s local ... (8 actions running)
[5,627 / 7,209] Foreign Cc - CMake: Building model_api_cmake; 477s local ... (8 actions running)
[5,630 / 7,209] Foreign Cc - CMake: Building model_api_cmake; 478s local ... (8 actions running)
[5,636 / 7,209] Foreign Cc - CMake: Building model_api_cmake; 479s local ... (8 actions running)
[5,642 / 7,212] Foreign Cc - CMake: Building model_api_cmake; 480s local ... (8 actions running)
[5,648 / 7,212] Foreign Cc - CMake: Building model_api_cmake; 481s local ... (8 actions, 7 running)
[5,653 / 7,212] Foreign Cc - CMake: Building model_api_cmake; 482s local ... (8 actions running)
[5,654 / 7,212] Foreign Cc - CMake: Building model_api_cmake; 483s local ... (8 actions running)
[5,657 / 7,212] Foreign Cc - CMake: Building model_api_cmake; 484s local ... (8 actions running)
[5,666 / 7,214] Foreign Cc - CMake: Building model_api_cmake; 485s local ... (8 actions running)
[5,670 / 7,214] Foreign Cc - CMake: Building model_api_cmake; 486s local ... (8 actions running)
[5,676 / 7,214] Foreign Cc - CMake: Building model_api_cmake; 487s local ... (8 actions, 7 running)
[5,679 / 7,214] Foreign Cc - CMake: Building model_api_cmake; 488s local ... (8 actions running)
[5,682 / 7,214] Foreign Cc - CMake: Building model_api_cmake; 489s local ... (8 actions running)
[5,684 / 7,214] Foreign Cc - CMake: Building model_api_cmake; 490s local ... (8 actions running)
[5,686 / 7,214] Foreign Cc - CMake: Building model_api_cmake; 491s local ... (8 actions running)
[5,693 / 7,216] Foreign Cc - CMake: Building model_api_cmake; 492s local ... (8 actions running)
[5,696 / 7,216] Foreign Cc - CMake: Building model_api_cmake; 493s local ... (8 actions running)
[5,700 / 7,216] Foreign Cc - CMake: Building model_api_cmake; 494s local ... (8 actions, 7 running)
[5,706 / 7,218] Foreign Cc - CMake: Building model_api_cmake; 496s local ... (8 actions running)
[5,712 / 7,218] Foreign Cc - CMake: Building model_api_cmake; 497s local ... (8 actions running)
[5,716 / 7,218] Foreign Cc - CMake: Building model_api_cmake; 498s local ... (8 actions running)
[5,720 / 7,218] Foreign Cc - CMake: Building model_api_cmake; 499s local ... (8 actions running)
[5,722 / 7,218] Foreign Cc - CMake: Building model_api_cmake; 500s local ... (8 actions running)
[5,726 / 7,218] Foreign Cc - CMake: Building model_api_cmake; 501s local ... (8 actions running)
[5,729 / 7,218] Foreign Cc - CMake: Building model_api_cmake; 502s local ... (8 actions running)
[5,732 / 7,220] Foreign Cc - CMake: Building model_api_cmake; 503s local ... (8 actions running)
[5,736 / 7,220] Foreign Cc - CMake: Building model_api_cmake; 504s local ... (8 actions running)
[5,740 / 7,226] Foreign Cc - CMake: Building model_api_cmake; 505s local ... (8 actions, 7 running)
[5,742 / 7,226] Foreign Cc - CMake: Building model_api_cmake; 506s local ... (8 actions running)
[5,745 / 7,226] Foreign Cc - CMake: Building model_api_cmake; 507s local ... (8 actions running)
[5,747 / 7,226] Foreign Cc - CMake: Building model_api_cmake; 508s local ... (8 actions running)
[5,748 / 7,226] Foreign Cc - CMake: Building model_api_cmake; 509s local ... (8 actions running)
[5,753 / 7,226] Foreign Cc - CMake: Building model_api_cmake; 510s local ... (8 actions running)
[5,764 / 7,230] Foreign Cc - CMake: Building model_api_cmake; 511s local ... (8 actions running)
[5,770 / 7,230] Foreign Cc - CMake: Building model_api_cmake; 512s local ... (8 actions running)
[5,772 / 7,230] Foreign Cc - CMake: Building model_api_cmake; 513s local ... (8 actions running)
[5,780 / 7,233] Foreign Cc - CMake: Building model_api_cmake; 514s local ... (8 actions running)
[5,783 / 7,233] Foreign Cc - CMake: Building model_api_cmake; 515s local ... (8 actions running)
[5,789 / 7,233] Foreign Cc - CMake: Building model_api_cmake; 516s local ... (8 actions running)
[5,792 / 7,233] Foreign Cc - CMake: Building model_api_cmake; 517s local ... (8 actions, 7 running)
[5,800 / 7,235] Foreign Cc - CMake: Building model_api_cmake; 518s local ... (8 actions running)
[5,805 / 7,235] Foreign Cc - CMake: Building model_api_cmake; 519s local ... (8 actions running)
[5,809 / 7,235] Foreign Cc - CMake: Building model_api_cmake; 520s local ... (8 actions running)
[5,810 / 7,235] Foreign Cc - CMake: Building model_api_cmake; 523s local ... (8 actions, 7 running)
[5,812 / 7,237] Foreign Cc - CMake: Building model_api_cmake; 524s local ... (8 actions running)
[5,813 / 7,237] Foreign Cc - CMake: Building model_api_cmake; 525s local ... (8 actions running)
[5,814 / 7,237] Foreign Cc - CMake: Building model_api_cmake; 526s local ... (8 actions running)
[5,815 / 7,237] Foreign Cc - CMake: Building model_api_cmake; 528s local ... (8 actions, 7 running)
[5,816 / 7,237] Foreign Cc - CMake: Building model_api_cmake; 529s local ... (8 actions, 7 running)
[5,816 / 7,237] Foreign Cc - CMake: Building model_api_cmake; 531s local ... (8 actions running)
[5,817 / 7,237] Foreign Cc - CMake: Building model_api_cmake; 532s local ... (8 actions running)
[5,818 / 7,237] Foreign Cc - CMake: Building model_api_cmake; 533s local ... (8 actions running)
[5,820 / 7,237] Foreign Cc - CMake: Building model_api_cmake; 534s local ... (7 actions running)
[5,823 / 7,239] Foreign Cc - CMake: Building model_api_cmake; 535s local ... (8 actions running)
[5,825 / 7,239] Foreign Cc - CMake: Building model_api_cmake; 536s local ... (8 actions running)
[5,827 / 7,239] Foreign Cc - CMake: Building model_api_cmake; 537s local ... (8 actions running)
[5,828 / 7,239] Foreign Cc - CMake: Building model_api_cmake; 538s local ... (8 actions running)
[5,829 / 7,239] Foreign Cc - CMake: Building model_api_cmake; 539s local ... (8 actions running)
[5,831 / 7,239] Foreign Cc - CMake: Building model_api_cmake; 540s local ... (8 actions running)
[5,834 / 7,239] Foreign Cc - CMake: Building model_api_cmake; 541s local ... (8 actions running)
[5,838 / 7,241] Foreign Cc - CMake: Building model_api_cmake; 542s local ... (8 actions running)
[5,844 / 7,241] Foreign Cc - CMake: Building model_api_cmake; 543s local ... (8 actions running)
[5,850 / 7,243] Foreign Cc - CMake: Building model_api_cmake; 544s local ... (8 actions running)
[5,853 / 7,243] Foreign Cc - CMake: Building model_api_cmake; 545s local ... (8 actions running)
[5,858 / 7,243] Foreign Cc - CMake: Building model_api_cmake; 546s local ... (8 actions running)
[5,867 / 7,245] Foreign Cc - CMake: Building model_api_cmake; 547s local ... (8 actions running)
[5,874 / 7,247] Foreign Cc - CMake: Building model_api_cmake; 548s local ... (8 actions running)
[5,877 / 7,247] Foreign Cc - CMake: Building model_api_cmake; 549s local ... (8 actions running)
[5,886 / 7,249] Foreign Cc - CMake: Building model_api_cmake; 550s local ... (8 actions running)
[5,891 / 7,251] Foreign Cc - CMake: Building model_api_cmake; 551s local ... (8 actions running)
[5,903 / 7,253] Foreign Cc - CMake: Building model_api_cmake; 552s local ... (8 actions running)
[5,906 / 7,253] Foreign Cc - CMake: Building model_api_cmake; 553s local ... (8 actions running)
[5,912 / 7,253] Foreign Cc - CMake: Building model_api_cmake; 554s local ... (8 actions running)
[5,921 / 7,263] Foreign Cc - CMake: Building model_api_cmake; 555s local ... (8 actions running)
[5,923 / 7,263] Foreign Cc - CMake: Building model_api_cmake; 556s local ... (8 actions running)
[5,925 / 7,263] Foreign Cc - CMake: Building model_api_cmake; 557s local ... (8 actions running)
[5,928 / 7,263] Foreign Cc - CMake: Building model_api_cmake; 558s local ... (8 actions running)
[5,934 / 7,265] Compiling src/kfs_frontend/validation.cpp; 7s local ... (8 actions running)
[5,939 / 7,265] Compiling src/kfs_frontend/validation.cpp; 8s local ... (8 actions, 7 running)
[5,945 / 7,269] Compiling src/kfs_frontend/validation.cpp; 10s local ... (8 actions, 7 running)
[5,949 / 7,269] Compiling src/kfs_frontend/validation.cpp; 11s local ... (8 actions, 7 running)
[5,959 / 7,273] Compiling src/kfs_frontend/validation.cpp; 12s local ... (8 actions, 7 running)
[5,963 / 7,275] Compiling src/kfs_frontend/validation.cpp; 13s local ... (8 actions, 7 running)
[5,965 / 7,275] Compiling src/kfs_frontend/validation.cpp; 14s local ... (8 actions running)
[5,971 / 7,277] Compiling src/kfs_frontend/validation.cpp; 15s local ... (8 actions running)
[5,974 / 7,279] Compiling src/kfs_frontend/validation.cpp; 16s local ... (8 actions running)
[5,983 / 7,283] Compiling src/kfs_frontend/validation.cpp; 17s local ... (8 actions running)
[5,984 / 7,283] Compiling src/kfs_frontend/validation.cpp; 18s local ... (8 actions, 7 running)
[5,991 / 7,285] Compiling src/kfs_frontend/validation.cpp; 19s local ... (8 actions, 7 running)
[5,998 / 7,291] Compiling src/kfs_frontend/validation.cpp; 20s local ... (8 actions, 7 running)
[6,011 / 7,299] Compiling src/kfs_frontend/validation.cpp; 21s local ... (8 actions, 7 running)
[6,015 / 7,301] Compiling src/kfs_frontend/validation.cpp; 22s local ... (8 actions, 7 running)
[6,024 / 7,305] Compiling src/kfs_frontend/validation.cpp; 24s local ... (8 actions, 7 running)
[6,034 / 7,315] Compiling src/kfs_frontend/validation.cpp; 25s local ... (8 actions, 7 running)
[6,038 / 7,317] Compiling src/kfs_frontend/validation.cpp; 26s local ... (8 actions, 7 running)
[6,042 / 7,317] Compiling src/kfs_frontend/validation.cpp; 27s local ... (8 actions, 7 running)
[6,050 / 7,321] Compiling src/kfs_frontend/validation.cpp; 28s local ... (8 actions, 7 running)
[6,060 / 7,325] Compiling src/kfs_frontend/validation.cpp; 29s local ... (8 actions running)
[6,062 / 7,325] Compiling src/kfs_frontend/validation.cpp; 30s local ... (8 actions running)
[6,070 / 7,329] Compiling src/kfs_frontend/validation.cpp; 31s local ... (8 actions running)
[6,078 / 7,333] Compiling src/kfs_frontend/validation.cpp; 32s local ... (8 actions running)
[6,083 / 7,335] Compiling src/kfs_frontend/validation.cpp; 33s local ... (8 actions running)
[6,088 / 7,335] Compiling src/kfs_frontend/validation.cpp; 34s local ... (8 actions running)
[6,096 / 7,342] Compiling src/kfs_frontend/validation.cpp; 35s local ... (8 actions, 7 running)
[6,104 / 7,346] Compiling src/kfs_frontend/validation.cpp; 36s local ... (8 actions running)
[6,105 / 7,346] Compiling src/kfs_frontend/validation.cpp; 37s local ... (8 actions running)
[6,108 / 7,348] Compiling src/kfs_frontend/validation.cpp; 38s local ... (8 actions running)
[6,111 / 7,348] Compiling tensorflow/lite/core/api/flatbuffer_conversions.cc; 4s local ... (8 actions running)
[6,116 / 7,352] Compiling tensorflow/lite/core/api/flatbuffer_conversions.cc; 5s local ... (8 actions running)
[6,126 / 7,356] Compiling tensorflow/core/util/example_proto_fast_parsing.cc; 5s local ... (8 actions running)
[6,131 / 7,358] Compiling tensorflow/core/util/example_proto_fast_parsing.cc; 6s local ... (8 actions running)
[6,135 / 7,361] Compiling tensorflow/core/util/example_proto_fast_parsing.cc; 7s local ... (8 actions running)
[6,142 / 7,363] Compiling tensorflow/core/util/example_proto_fast_parsing.cc; 8s local ... (8 actions running)
[6,144 / 7,365] Compiling tensorflow/core/util/example_proto_fast_parsing.cc; 9s local ... (8 actions running)
[6,148 / 7,365] Compiling tensorflow/core/util/example_proto_fast_parsing.cc; 10s local ... (8 actions running)
[6,152 / 7,367] Compiling tensorflow/core/util/example_proto_fast_parsing.cc; 11s local ... (8 actions running)
[6,158 / 7,371] Compiling tensorflow/core/util/example_proto_fast_parsing.cc; 12s local ... (8 actions running)
[6,162 / 7,373] Compiling tensorflow/core/util/example_proto_fast_parsing.cc; 13s local ... (8 actions running)
[6,167 / 7,375] Compiling tensorflow/core/util/example_proto_fast_parsing.cc; 14s local ... (8 actions running)
[6,170 / 7,375] Compiling src/kfs_frontend/kfs_request_utils.cpp; 12s local ... (8 actions running)
[6,182 / 7,383] Compiling src/kfs_frontend/kfs_request_utils.cpp; 13s local ... (8 actions running)
[6,187 / 7,385] Compiling src/kfs_frontend/kfs_request_utils.cpp; 14s local ... (8 actions running)
[6,188 / 7,385] Compiling src/kfs_frontend/kfs_request_utils.cpp; 15s local ... (8 actions, 7 running)
[6,196 / 7,387] Compiling src/kfs_frontend/kfs_request_utils.cpp; 16s local ... (8 actions, 7 running)
[6,206 / 7,393] Compiling src/kfs_frontend/kfs_request_utils.cpp; 17s local ... (8 actions, 7 running)
[6,213 / 7,397] Compiling src/kfs_frontend/kfs_request_utils.cpp; 18s local ... (8 actions, 7 running)
[6,222 / 7,405] Compiling src/kfs_frontend/kfs_request_utils.cpp; 19s local ... (8 actions, 7 running)
[6,229 / 7,408] Compiling src/kfs_frontend/kfs_request_utils.cpp; 21s local ... (8 actions, 7 running)
[6,236 / 7,412] Compiling src/kfs_frontend/kfs_request_utils.cpp; 22s local ... (8 actions, 7 running)
[6,242 / 7,414] Compiling src/kfs_frontend/kfs_request_utils.cpp; 23s local ... (8 actions running)
[6,246 / 7,416] Compiling src/kfs_frontend/kfs_request_utils.cpp; 24s local ... (8 actions running)
[6,253 / 7,418] Compiling src/kfs_frontend/kfs_request_utils.cpp; 25s local ... (8 actions running)
[6,256 / 7,420] Compiling src/kfs_frontend/kfs_request_utils.cpp; 26s local ... (8 actions running)
[6,269 / 7,428] Compiling src/kfs_frontend/kfs_request_utils.cpp; 27s local ... (8 actions running)
[6,270 / 7,428] Compiling src/kfs_frontend/kfs_request_utils.cpp; 28s local ... (8 actions running)
[6,278 / 7,430] Compiling src/kfs_frontend/kfs_request_utils.cpp; 29s local ... (8 actions running)
[6,283 / 7,434] Compiling src/kfs_frontend/kfs_request_utils.cpp; 30s local ... (8 actions running)
[6,284 / 7,434] Compiling src/kfs_frontend/kfs_request_utils.cpp; 31s local ... (8 actions running)
[6,293 / 7,438] Foreign Cc - CMake: Building drogon_cmake; 28s local ... (8 actions running)
[6,294 / 7,438] Foreign Cc - CMake: Building drogon_cmake; 29s local ... (8 actions running)
[6,301 / 7,445] Foreign Cc - CMake: Building drogon_cmake; 30s local ... (8 actions running)
[6,304 / 7,445] Foreign Cc - CMake: Building drogon_cmake; 31s local ... (8 actions running)
[6,312 / 7,449] Foreign Cc - CMake: Building drogon_cmake; 32s local ... (8 actions running)
[6,315 / 7,449] Foreign Cc - CMake: Building drogon_cmake; 33s local ... (8 actions running)
[6,321 / 7,451] Foreign Cc - CMake: Building drogon_cmake; 34s local ... (8 actions running)
[6,325 / 7,451] Foreign Cc - CMake: Building drogon_cmake; 35s local ... (8 actions running)
[6,330 / 7,453] Foreign Cc - CMake: Building drogon_cmake; 36s local ... (8 actions running)
[6,331 / 7,453] Foreign Cc - CMake: Building drogon_cmake; 37s local ... (8 actions running)
[6,334 / 7,453] Foreign Cc - CMake: Building drogon_cmake; 38s local ... (8 actions running)
[6,338 / 7,455] Foreign Cc - CMake: Building drogon_cmake; 39s local ... (8 actions running)
[6,339 / 7,455] Foreign Cc - CMake: Building drogon_cmake; 40s local ... (8 actions running)
[6,340 / 7,455] Foreign Cc - CMake: Building drogon_cmake; 41s local ... (8 actions, 7 running)
[6,345 / 7,457] Foreign Cc - CMake: Building drogon_cmake; 42s local ... (8 actions, 7 running)
[6,347 / 7,457] Foreign Cc - CMake: Building drogon_cmake; 43s local ... (8 actions, 7 running)
[6,350 / 7,457] Foreign Cc - CMake: Building drogon_cmake; 45s local ... (8 actions, 7 running)
[6,359 / 7,461] Foreign Cc - CMake: Building drogon_cmake; 46s local ... (8 actions running)
[6,365 / 7,461] Foreign Cc - CMake: Building drogon_cmake; 47s local ... (8 actions, 7 running)
[6,369 / 7,461] Foreign Cc - CMake: Building drogon_cmake; 48s local ... (8 actions running)
[6,376 / 7,465] Foreign Cc - CMake: Building drogon_cmake; 49s local ... (8 actions running)
[6,378 / 7,465] Foreign Cc - CMake: Building drogon_cmake; 50s local ... (8 actions running)
[6,379 / 7,465] Foreign Cc - CMake: Building drogon_cmake; 51s local ... (8 actions running)
[6,388 / 7,467] Foreign Cc - CMake: Building drogon_cmake; 52s local ... (8 actions, 7 running)
[6,393 / 7,471] Foreign Cc - CMake: Building drogon_cmake; 53s local ... (8 actions running)
[6,402 / 7,475] Foreign Cc - CMake: Building drogon_cmake; 54s local ... (8 actions running)
[6,407 / 7,479] Foreign Cc - CMake: Building drogon_cmake; 55s local ... (8 actions running)
[6,413 / 7,481] Foreign Cc - CMake: Building drogon_cmake; 56s local ... (8 actions running)
[6,414 / 7,481] Foreign Cc - CMake: Building drogon_cmake; 57s local ... (8 actions running)
[6,421 / 7,485] Foreign Cc - CMake: Building drogon_cmake; 58s local ... (8 actions running)
[6,428 / 7,487] Foreign Cc - CMake: Building drogon_cmake; 59s local ... (8 actions running)
[6,431 / 7,487] Foreign Cc - CMake: Building drogon_cmake; 60s local ... (8 actions running)
[6,443 / 7,493] Foreign Cc - CMake: Building drogon_cmake; 61s local ... (7 actions running)
[6,447 / 7,493] Foreign Cc - CMake: Building drogon_cmake; 62s local ... (8 actions running)
[6,454 / 7,495] Foreign Cc - CMake: Building drogon_cmake; 63s local ... (8 actions running)
[6,458 / 7,497] Foreign Cc - CMake: Building drogon_cmake; 64s local ... (8 actions running)
[6,470 / 7,503] Foreign Cc - CMake: Building drogon_cmake; 65s local ... (8 actions running)
[6,473 / 7,534] Foreign Cc - CMake: Building drogon_cmake; 66s local ... (8 actions running)
[6,477 / 7,534] Foreign Cc - CMake: Building drogon_cmake; 67s local ... (8 actions running)
[6,486 / 7,539] Foreign Cc - CMake: Building drogon_cmake; 68s local ... (8 actions running)
[6,490 / 7,539] Foreign Cc - CMake: Building drogon_cmake; 69s local ... (8 actions running)
[6,497 / 7,541] Foreign Cc - CMake: Building drogon_cmake; 70s local ... (8 actions running)
[6,499 / 7,541] Foreign Cc - CMake: Building drogon_cmake; 71s local ... (8 actions running)
[6,503 / 7,541] Foreign Cc - CMake: Building drogon_cmake; 72s local ... (8 actions running)
[6,507 / 7,543] Foreign Cc - CMake: Building drogon_cmake; 73s local ... (8 actions running)
[6,509 / 7,543] Foreign Cc - CMake: Building drogon_cmake; 74s local ... (8 actions running)
[6,513 / 7,545] Foreign Cc - CMake: Building drogon_cmake; 75s local ... (8 actions running)
[6,518 / 7,545] Foreign Cc - CMake: Building drogon_cmake; 77s local ... (8 actions running)
[6,519 / 7,545] Foreign Cc - CMake: Building drogon_cmake; 78s local ... (8 actions running)
[6,526 / 7,547] Foreign Cc - CMake: Building drogon_cmake; 79s local ... (8 actions running)
[6,529 / 7,549] Foreign Cc - CMake: Building drogon_cmake; 80s local ... (8 actions running)
[6,530 / 7,549] Foreign Cc - CMake: Building drogon_cmake; 81s local ... (8 actions, 7 running)
[6,543 / 7,556] Foreign Cc - CMake: Building drogon_cmake; 82s local ... (8 actions, 7 running)
[6,548 / 7,556] Foreign Cc - CMake: Building drogon_cmake; 83s local ... (8 actions, 7 running)
[6,554 / 7,560] Foreign Cc - CMake: Building drogon_cmake; 84s local ... (8 actions, 7 running)
[6,559 / 7,562] Foreign Cc - CMake: Building drogon_cmake; 85s local ... (8 actions, 7 running)
[6,562 / 7,562] Foreign Cc - CMake: Building drogon_cmake; 87s local ... (8 actions, 7 running)
[6,568 / 7,568] Foreign Cc - CMake: Building drogon_cmake; 88s local ... (8 actions running)
[6,570 / 7,568] Foreign Cc - CMake: Building drogon_cmake; 89s local ... (8 actions running)
[6,576 / 7,570] Foreign Cc - CMake: Building drogon_cmake; 90s local ... (8 actions running)
[6,577 / 7,570] Foreign Cc - CMake: Building drogon_cmake; 91s local ... (8 actions running)
[6,579 / 7,570] Foreign Cc - CMake: Building drogon_cmake; 92s local ... (8 actions, 7 running)
[6,583 / 7,572] Foreign Cc - CMake: Building drogon_cmake; 93s local ... (8 actions running)
[6,584 / 7,572] Foreign Cc - CMake: Building drogon_cmake; 94s local ... (8 actions running)
[6,591 / 7,572] Foreign Cc - CMake: Building drogon_cmake; 95s local ... (8 actions running)
[6,594 / 7,574] Foreign Cc - CMake: Building drogon_cmake; 96s local ... (8 actions running)
[6,596 / 7,574] Foreign Cc - CMake: Building drogon_cmake; 97s local ... (8 actions running)
[6,597 / 7,574] Foreign Cc - CMake: Building drogon_cmake; 98s local ... (8 actions running)
[6,600 / 7,574] Foreign Cc - CMake: Building drogon_cmake; 99s local ... (8 actions running)
[6,610 / 7,592] Foreign Cc - CMake: Building drogon_cmake; 100s local ... (8 actions running)
[6,615 / 7,592] Foreign Cc - CMake: Building drogon_cmake; 101s local ... (8 actions, 7 running)
[6,617 / 7,592] Foreign Cc - CMake: Building drogon_cmake; 102s local ... (8 actions running)
[6,619 / 7,592] Foreign Cc - CMake: Building drogon_cmake; 103s local ... (8 actions running)
[6,624 / 7,594] Foreign Cc - CMake: Building drogon_cmake; 104s local ... (8 actions running)
[6,629 / 7,594] Foreign Cc - CMake: Building drogon_cmake; 105s local ... (8 actions running)
[6,632 / 7,594] Foreign Cc - CMake: Building drogon_cmake; 106s local ... (8 actions running)
[6,635 / 7,594] Foreign Cc - CMake: Building drogon_cmake; 107s local ... (8 actions running)
[6,642 / 7,596] Foreign Cc - CMake: Building drogon_cmake; 108s local ... (8 actions running)
[6,645 / 7,598] Foreign Cc - CMake: Building drogon_cmake; 109s local ... (8 actions running)
[6,647 / 7,598] Foreign Cc - CMake: Building drogon_cmake; 110s local ... (8 actions running)
[6,653 / 7,600] Foreign Cc - CMake: Building drogon_cmake; 111s local ... (8 actions running)
[6,654 / 7,600] Foreign Cc - CMake: Building drogon_cmake; 112s local ... (8 actions running)
[6,659 / 7,602] Foreign Cc - CMake: Building drogon_cmake; 113s local ... (8 actions running)
[6,664 / 7,604] Foreign Cc - CMake: Building drogon_cmake; 114s local ... (8 actions running)
[6,668 / 7,606] Foreign Cc - CMake: Building drogon_cmake; 115s local ... (8 actions running)
[6,673 / 7,608] Foreign Cc - CMake: Building drogon_cmake; 116s local ... (8 actions running)
[6,677 / 7,608] Foreign Cc - CMake: Building drogon_cmake; 117s local ... (8 actions running)
[6,680 / 7,610] Foreign Cc - CMake: Building drogon_cmake; 118s local ... (8 actions running)
[6,688 / 7,614] Foreign Cc - CMake: Building drogon_cmake; 119s local ... (8 actions running)
[6,690 / 7,614] Foreign Cc - CMake: Building drogon_cmake; 120s local ... (8 actions running)
[6,696 / 7,616] Foreign Cc - CMake: Building drogon_cmake; 121s local ... (8 actions running)
[6,701 / 7,618] Foreign Cc - CMake: Building drogon_cmake; 122s local ... (8 actions, 7 running)
[6,708 / 7,622] Foreign Cc - CMake: Building drogon_cmake; 123s local ... (8 actions running)
[6,713 / 7,624] Foreign Cc - CMake: Building drogon_cmake; 124s local ... (8 actions, 7 running)
[6,718 / 7,626] Foreign Cc - CMake: Building drogon_cmake; 125s local ... (8 actions running)
[6,722 / 7,628] Foreign Cc - CMake: Building drogon_cmake; 126s local ... (8 actions running)
[6,727 / 7,630] Foreign Cc - CMake: Building drogon_cmake; 127s local ... (8 actions running)
[6,733 / 7,632] Foreign Cc - CMake: Building drogon_cmake; 128s local ... (8 actions running)
[6,737 / 7,637] Foreign Cc - CMake: Building drogon_cmake; 129s local ... (8 actions running)
[6,740 / 7,637] Foreign Cc - CMake: Building drogon_cmake; 130s local ... (8 actions running)
[6,747 / 7,641] Foreign Cc - CMake: Building drogon_cmake; 131s local ... (8 actions running)
[6,748 / 7,641] Foreign Cc - CMake: Building drogon_cmake; 133s local ... (8 actions, 7 running)
[6,758 / 7,645] Foreign Cc - CMake: Building drogon_cmake; 134s local ... (8 actions, 7 running)
[6,763 / 7,647] Foreign Cc - CMake: Building drogon_cmake; 135s local ... (8 actions, 7 running)
[6,772 / 7,651] Foreign Cc - CMake: Building drogon_cmake; 136s local ... (8 actions, 7 running)
[6,775 / 7,653] Foreign Cc - CMake: Building drogon_cmake; 137s local ... (8 actions, 7 running)
[6,785 / 7,659] Foreign Cc - CMake: Building drogon_cmake; 138s local ... (8 actions, 7 running)
[6,791 / 7,663] Foreign Cc - CMake: Building drogon_cmake; 139s local ... (8 actions, 7 running)
[6,800 / 7,665] Foreign Cc - CMake: Building drogon_cmake; 140s local ... (8 actions, 7 running)
[6,815 / 7,669] Foreign Cc - CMake: Building drogon_cmake; 141s local ... (8 actions, 7 running)
[6,819 / 7,671] Foreign Cc - CMake: Building drogon_cmake; 142s local ... (8 actions, 7 running)
[6,831 / 7,675] Foreign Cc - CMake: Building drogon_cmake; 144s local ... (8 actions running)
[6,835 / 7,678] Foreign Cc - CMake: Building drogon_cmake; 145s local ... (8 actions running)
[6,841 / 7,680] Foreign Cc - CMake: Building drogon_cmake; 146s local ... (8 actions running)
[6,846 / 7,682] Foreign Cc - CMake: Building drogon_cmake; 147s local ... (8 actions running)
[6,849 / 7,684] Foreign Cc - CMake: Building drogon_cmake; 148s local ... (8 actions running)
[6,855 / 7,686] Foreign Cc - CMake: Building drogon_cmake; 149s local ... (8 actions running)
[6,863 / 7,688] Foreign Cc - CMake: Building drogon_cmake; 150s local ... (8 actions running)
[6,874 / 7,694] Foreign Cc - CMake: Building drogon_cmake; 151s local ... (8 actions running)
[6,878 / 7,696] Foreign Cc - CMake: Building drogon_cmake; 152s local ... (8 actions running)
[6,881 / 7,698] Foreign Cc - CMake: Building drogon_cmake; 153s local ... (8 actions running)
[6,887 / 7,700] Foreign Cc - CMake: Building drogon_cmake; 154s local ... (8 actions running)
[6,888 / 7,700] Foreign Cc - CMake: Building drogon_cmake; 155s local ... (8 actions, 7 running)
[6,893 / 7,700] Foreign Cc - CMake: Building drogon_cmake; 156s local ... (8 actions, 7 running)
[6,904 / 7,708] Foreign Cc - CMake: Building drogon_cmake; 158s local ... (8 actions running)
[6,908 / 7,710] Foreign Cc - CMake: Building drogon_cmake; 159s local ... (8 actions running)
[6,914 / 7,712] Foreign Cc - CMake: Building drogon_cmake; 160s local ... (8 actions running)
[6,918 / 7,714] Foreign Cc - CMake: Building drogon_cmake; 161s local ... (8 actions running)
[6,923 / 7,724] Foreign Cc - CMake: Building drogon_cmake; 162s local ... (8 actions running)
[6,932 / 7,728] Foreign Cc - CMake: Building drogon_cmake; 163s local ... (8 actions running)
[6,933 / 7,728] Foreign Cc - CMake: Building drogon_cmake; 164s local ... (8 actions, 7 running)
[6,938 / 7,730] Foreign Cc - CMake: Building drogon_cmake; 165s local ... (8 actions, 7 running)
[6,942 / 7,733] Foreign Cc - CMake: Building drogon_cmake; 167s local ... (8 actions, 7 running)
[6,949 / 7,735] Foreign Cc - CMake: Building drogon_cmake; 168s local ... (8 actions running)
[6,951 / 7,738] Foreign Cc - CMake: Building drogon_cmake; 169s local ... (8 actions running)
[6,953 / 7,738] Foreign Cc - CMake: Building drogon_cmake; 170s local ... (8 actions running)
[6,956 / 7,738] Foreign Cc - CMake: Building drogon_cmake; 171s local ... (8 actions running)
[6,959 / 7,740] Foreign Cc - CMake: Building drogon_cmake; 172s local ... (8 actions running)
[6,960 / 7,740] Foreign Cc - CMake: Building drogon_cmake; 175s local ... (8 actions, 7 running)
[6,961 / 7,740] Foreign Cc - CMake: Building drogon_cmake; 176s local ... (8 actions, 7 running)
[6,967 / 7,740] Foreign Cc - CMake: Building drogon_cmake; 177s local ... (8 actions running)
[6,970 / 7,745] Foreign Cc - CMake: Building drogon_cmake; 178s local ... (8 actions running)
[6,971 / 7,745] Foreign Cc - CMake: Building drogon_cmake; 180s local ... (8 actions, 7 running)
[6,972 / 7,745] Foreign Cc - CMake: Building drogon_cmake; 181s local ... (8 actions running)
[6,974 / 7,745] Foreign Cc - CMake: Building drogon_cmake; 183s local ... (8 actions running)
[6,977 / 7,752] Foreign Cc - CMake: Building drogon_cmake; 184s local ... (8 actions running)
[6,978 / 7,752] Foreign Cc - CMake: Building drogon_cmake; 185s local ... (8 actions, 7 running)
[6,981 / 7,752] Foreign Cc - CMake: Building drogon_cmake; 186s local ... (8 actions, 7 running)
[6,983 / 7,752] Foreign Cc - CMake: Building drogon_cmake; 188s local ... (8 actions, 7 running)
[6,985 / 7,754] Foreign Cc - CMake: Building drogon_cmake; 189s local ... (8 actions, 7 running)
[6,987 / 7,754] Foreign Cc - CMake: Building drogon_cmake; 190s local ... (8 actions running)
[6,988 / 7,754] Foreign Cc - CMake: Building drogon_cmake; 191s local ... (8 actions running)
[6,990 / 7,754] Foreign Cc - CMake: Building drogon_cmake; 192s local ... (8 actions running)
[6,991 / 7,754] Foreign Cc - CMake: Building drogon_cmake; 193s local ... (8 actions running)
[6,992 / 7,754] Foreign Cc - CMake: Building drogon_cmake; 194s local ... (8 actions running)
[6,993 / 7,754] Foreign Cc - CMake: Building drogon_cmake; 195s local ... (8 actions running)
[6,995 / 7,754] Foreign Cc - CMake: Building drogon_cmake; 196s local ... (8 actions running)
[6,998 / 7,756] Foreign Cc - CMake: Building drogon_cmake; 197s local ... (8 actions running)
[7,001 / 7,756] Foreign Cc - CMake: Building drogon_cmake; 198s local ... (8 actions, 7 running)
[7,003 / 7,758] Foreign Cc - CMake: Building drogon_cmake; 199s local ... (8 actions running)
[7,004 / 7,758] Foreign Cc - CMake: Building drogon_cmake; 202s local ... (8 actions, 7 running)
[7,008 / 7,760] Foreign Cc - CMake: Building drogon_cmake; 203s local ... (8 actions, 7 running)
[7,013 / 7,762] Foreign Cc - CMake: Building drogon_cmake; 204s local ... (8 actions running)
[7,014 / 7,762] Foreign Cc - CMake: Building drogon_cmake; 207s local ... (8 actions, 7 running)
[7,018 / 7,764] Foreign Cc - CMake: Building drogon_cmake; 209s local ... (8 actions running)
[7,019 / 7,764] Foreign Cc - CMake: Building drogon_cmake; 212s local ... (8 actions, 7 running)
[7,020 / 7,764] Foreign Cc - CMake: Building drogon_cmake; 213s local ... (8 actions, 7 running)
[7,021 / 7,770] Foreign Cc - CMake: Building drogon_cmake; 215s local ... (8 actions running)
[7,022 / 7,770] Foreign Cc - CMake: Building drogon_cmake; 216s local ... (8 actions running)
[7,023 / 7,770] Foreign Cc - CMake: Building drogon_cmake; 217s local ... (8 actions, 7 running)
[7,024 / 7,770] Foreign Cc - CMake: Building drogon_cmake; 219s local ... (8 actions running)
[7,026 / 7,770] Foreign Cc - CMake: Building drogon_cmake; 220s local ... (8 actions running)
[7,027 / 7,770] Foreign Cc - CMake: Building drogon_cmake; 221s local ... (8 actions, 7 running)
[7,028 / 7,770] Foreign Cc - CMake: Building drogon_cmake; 223s local ... (8 actions, 7 running)
[7,033 / 7,772] Foreign Cc - CMake: Building drogon_cmake; 224s local ... (8 actions, 7 running)
[7,035 / 7,772] Foreign Cc - CMake: Building drogon_cmake; 225s local ... (8 actions running)
[7,041 / 7,776] Foreign Cc - CMake: Building drogon_cmake; 226s local ... (8 actions running)
[7,047 / 7,904] Foreign Cc - CMake: Building drogon_cmake; 227s local ... (8 actions running)
[7,051 / 7,906] Foreign Cc - CMake: Building drogon_cmake; 228s local ... (8 actions running)
[7,054 / 7,906] Foreign Cc - CMake: Building drogon_cmake; 229s local ... (8 actions running)
[7,058 / 7,908] Foreign Cc - CMake: Building drogon_cmake; 230s local ... (8 actions running)
[7,061 / 7,910] Foreign Cc - CMake: Building drogon_cmake; 231s local ... (8 actions running)
[7,064 / 7,910] Foreign Cc - CMake: Building drogon_cmake; 232s local ... (8 actions running)
[7,066 / 7,910] Foreign Cc - CMake: Building drogon_cmake; 233s local ... (8 actions running)
[7,070 / 7,912] Foreign Cc - CMake: Building drogon_cmake; 234s local ... (8 actions running)
[7,071 / 7,912] Foreign Cc - CMake: Building drogon_cmake; 236s local ... (8 actions, 7 running)
[7,079 / 7,935] Foreign Cc - CMake: Building drogon_cmake; 237s local ... (8 actions, 7 running)
[7,081 / 7,935] Foreign Cc - CMake: Building drogon_cmake; 238s local ... (8 actions running)
[7,083 / 7,935] Foreign Cc - CMake: Building drogon_cmake; 239s local ... (8 actions running)
[7,085 / 7,935] Foreign Cc - CMake: Building drogon_cmake; 240s local ... (8 actions running)
[7,087 / 7,935] Foreign Cc - CMake: Building drogon_cmake; 241s local ... (8 actions running)
[7,091 / 7,937] Foreign Cc - CMake: Building drogon_cmake; 242s local ... (8 actions running)
[7,092 / 7,937] Foreign Cc - CMake: Building drogon_cmake; 243s local ... (8 actions running)
[7,094 / 7,937] Foreign Cc - CMake: Building drogon_cmake; 244s local ... (8 actions, 7 running)
[7,095 / 7,940] Foreign Cc - CMake: Building drogon_cmake; 246s local ... (8 actions running)
[7,096 / 7,940] Foreign Cc - CMake: Building drogon_cmake; 247s local ... (8 actions running)
[7,097 / 7,940] Foreign Cc - CMake: Building drogon_cmake; 248s local ... (8 actions running)
[7,100 / 7,940] Foreign Cc - CMake: Building drogon_cmake; 249s local ... (8 actions, 7 running)
[7,105 / 7,940] Foreign Cc - CMake: Building drogon_cmake; 250s local ... (8 actions running)
[7,107 / 7,940] Foreign Cc - CMake: Building drogon_cmake; 251s local ... (8 actions, 7 running)
[7,114 / 7,944] Foreign Cc - CMake: Building drogon_cmake; 252s local ... (8 actions, 7 running)
[7,114 / 7,944] Foreign Cc - CMake: Building drogon_cmake; 253s local ... (8 actions running)
[7,115 / 7,944] Foreign Cc - CMake: Building drogon_cmake; 254s local ... (8 actions running)
[7,121 / 7,946] Foreign Cc - CMake: Building drogon_cmake; 255s local ... (8 actions running)
[7,122 / 7,946] Foreign Cc - CMake: Building drogon_cmake; 256s local ... (8 actions, 7 running)
[7,128 / 7,948] Foreign Cc - CMake: Building drogon_cmake; 258s local ... (8 actions, 7 running)
[7,131 / 7,950] Foreign Cc - CMake: Building drogon_cmake; 259s local ... (8 actions running)
[7,134 / 7,950] Foreign Cc - CMake: Building drogon_cmake; 260s local ... (8 actions running)
[7,135 / 7,950] Foreign Cc - CMake: Building drogon_cmake; 261s local ... (8 actions running)
[7,136 / 7,950] Foreign Cc - CMake: Building drogon_cmake; 262s local ... (8 actions running)
[7,139 / 7,952] Foreign Cc - CMake: Building drogon_cmake; 263s local ... (8 actions running)
[7,142 / 7,952] Foreign Cc - CMake: Building drogon_cmake; 264s local ... (8 actions running)
[7,144 / 7,952] Foreign Cc - CMake: Building drogon_cmake; 265s local ... (8 actions running)
[7,148 / 7,954] Foreign Cc - CMake: Building drogon_cmake; 266s local ... (8 actions running)
[7,151 / 7,956] Foreign Cc - CMake: Building drogon_cmake; 267s local ... (8 actions running)
[7,153 / 7,956] Foreign Cc - CMake: Building drogon_cmake; 268s local ... (8 actions running)
[7,157 / 7,958] Foreign Cc - CMake: Building drogon_cmake; 269s local ... (8 actions running)
[7,162 / 7,960] Foreign Cc - CMake: Building drogon_cmake; 270s local ... (8 actions running)
[7,168 / 7,962] Foreign Cc - CMake: Building drogon_cmake; 271s local ... (8 actions running)
[7,169 / 7,962] Foreign Cc - CMake: Building drogon_cmake; 272s local ... (8 actions, 7 running)
[7,172 / 7,964] Foreign Cc - CMake: Building drogon_cmake; 274s local ... (8 actions, 7 running)
[7,176 / 7,969] Foreign Cc - CMake: Building drogon_cmake; 275s local ... (8 actions running)
[7,177 / 7,969] Foreign Cc - CMake: Building drogon_cmake; 276s local ... (8 actions, 7 running)
[7,181 / 7,973] Foreign Cc - CMake: Building drogon_cmake; 277s local ... (8 actions, 7 running)
[7,185 / 7,973] Foreign Cc - CMake: Building drogon_cmake; 278s local ... (8 actions, 7 running)
[7,186 / 7,973] Foreign Cc - CMake: Building drogon_cmake; 279s local ... (8 actions, 7 running)
[7,196 / 7,977] Foreign Cc - CMake: Building drogon_cmake; 281s local ... (8 actions, 7 running)
[7,197 / 7,977] Foreign Cc - CMake: Building drogon_cmake; 282s local ... (8 actions, 7 running)
[7,200 / 7,980] Foreign Cc - CMake: Building drogon_cmake; 283s local ... (8 actions, 7 running)
[7,202 / 7,982] Foreign Cc - CMake: Building drogon_cmake; 284s local ... (8 actions running)
[7,203 / 7,982] Foreign Cc - CMake: Building drogon_cmake; 286s local ... (8 actions, 7 running)
[7,203 / 7,982] Foreign Cc - CMake: Building drogon_cmake; 287s local ... (8 actions running)
[7,208 / 7,984] Foreign Cc - CMake: Building drogon_cmake; 288s local ... (8 actions running)
[7,212 / 7,986] Foreign Cc - CMake: Building drogon_cmake; 289s local ... (8 actions running)
[7,217 / 7,988] Foreign Cc - CMake: Building drogon_cmake; 290s local ... (8 actions running)
[7,220 / 7,988] Foreign Cc - CMake: Building drogon_cmake; 291s local ... (8 actions running)
[7,227 / 7,992] Compiling src/rest_utils.cpp; 11s local ... (8 actions running)
[7,228 / 7,992] Compiling src/rest_utils.cpp; 13s local ... (8 actions, 7 running)
[7,233 / 7,994] Compiling src/rest_utils.cpp; 14s local ... (8 actions, 7 running)
[7,235 / 7,996] Compiling src/rest_utils.cpp; 15s local ... (8 actions, 7 running)
[7,237 / 7,996] Compiling src/rest_utils.cpp; 16s local ... (8 actions running)
[7,240 / 7,998] Compiling src/rest_utils.cpp; 17s local ... (8 actions running)
[7,244 / 8,000] Compiling src/rest_utils.cpp; 18s local ... (8 actions running)
[7,246 / 8,002] Compiling src/rest_utils.cpp; 19s local ... (8 actions running)
[7,247 / 8,002] Compiling src/rest_utils.cpp; 20s local ... (8 actions running)
[7,250 / 8,004] Compiling src/rest_utils.cpp; 21s local ... (8 actions running)
[7,254 / 8,006] Compiling src/rest_utils.cpp; 22s local ... (8 actions running)
[7,255 / 8,006] Compiling src/rest_utils.cpp; 23s local ... (8 actions running)
[7,257 / 8,008] Compiling src/rest_utils.cpp; 24s local ... (8 actions running)
[7,262 / 8,010] Compiling src/rest_utils.cpp; 25s local ... (8 actions running)
[7,265 / 8,039] Compiling src/rest_utils.cpp; 26s local ... (8 actions running)
[7,267 / 8,039] Compiling src/rest_utils.cpp; 27s local ... (8 actions running)
[7,268 / 8,039] Compiling src/rest_utils.cpp; 28s local ... (8 actions running)
[7,270 / 8,039] Compiling src/rest_utils.cpp; 29s local ... (8 actions running)
[7,273 / 8,039] Compiling src/python/python_executor_calculator.cc; 21s local ... (8 actions running)
[7,277 / 8,039] Compiling src/python/python_executor_calculator.cc; 22s local ... (8 actions running)
[7,281 / 8,039] Compiling src/python/python_executor_calculator.cc; 23s local ... (8 actions running)
[7,284 / 8,039] Compiling src/python/python_executor_calculator.cc; 24s local ... (8 actions running)
[7,286 / 8,039] Compiling src/python/python_executor_calculator.cc; 25s local ... (8 actions running)
[7,287 / 8,039] Compiling src/python/python_executor_calculator.cc; 26s local ... (8 actions, 7 running)
[7,288 / 8,039] Compiling src/python/python_executor_calculator.cc; 27s local ... (8 actions, 7 running)
[7,291 / 8,039] Compiling src/python/python_executor_calculator.cc; 28s local ... (8 actions, 7 running)
[7,296 / 8,048] Compiling src/python/python_executor_calculator.cc; 29s local ... (8 actions, 7 running)
[7,297 / 8,048] Compiling src/python/python_executor_calculator.cc; 31s local ... (8 actions running)
[7,301 / 8,048] Compiling src/python/python_executor_calculator.cc; 32s local ... (8 actions, 7 running)
[7,307 / 8,048] Compiling src/python/python_executor_calculator.cc; 33s local ... (8 actions running)
[7,310 / 8,048] Compiling src/python/python_executor_calculator.cc; 34s local ... (8 actions running)
[7,317 / 8,050] Compiling src/python/python_executor_calculator.cc; 35s local ... (8 actions running)
[7,318 / 8,050] Compiling src/python/python_executor_calculator.cc; 36s local ... (8 actions running)
[7,321 / 8,050] Compiling src/python/python_executor_calculator.cc; 37s local ... (8 actions running)
[7,326 / 8,052] Compiling src/python/python_executor_calculator.cc; 38s local ... (8 actions running)
[7,330 / 8,054] Compiling src/python/python_executor_calculator.cc; 39s local ... (8 actions running)
[7,335 / 8,056] Compiling src/python/python_executor_calculator.cc; 40s local ... (8 actions running)
[7,337 / 8,056] Compiling mediapipe/util/tracking/motion_estimation.cc; 37s local ... (8 actions running)
[7,338 / 8,056] Compiling mediapipe/util/tracking/motion_estimation.cc; 38s local ... (8 actions running)
[7,343 / 8,058] Compiling mediapipe/util/tracking/motion_estimation.cc; 39s local ... (8 actions, 7 running)
[7,343 / 8,058] Compiling mediapipe/util/tracking/motion_estimation.cc; 40s local ... (8 actions running)
[7,347 / 8,060] Compiling mediapipe/util/tracking/motion_estimation.cc; 41s local ... (8 actions running)
[7,348 / 8,060] Compiling mediapipe/util/tracking/motion_estimation.cc; 42s local ... (8 actions, 7 running)
[7,352 / 8,062] Compiling mediapipe/util/tracking/motion_estimation.cc; 43s local ... (8 actions, 7 running)
[7,360 / 8,066] Compiling mediapipe/util/tracking/motion_estimation.cc; 45s local ... (8 actions running)
[7,364 / 8,068] Compiling mediapipe/util/tracking/motion_estimation.cc; 46s local ... (8 actions running)
[7,369 / 8,070] Compiling mediapipe/util/tracking/motion_estimation.cc; 47s local ... (8 actions running)
[7,380 / 8,076] Compiling mediapipe/util/tracking/motion_estimation.cc; 48s local ... (8 actions running)
[7,381 / 8,076] Compiling mediapipe/util/tracking/motion_estimation.cc; 49s local ... (8 actions running)
[7,383 / 8,076] Compiling mediapipe/util/tracking/motion_estimation.cc; 50s local ... (8 actions running)
[7,384 / 8,076] Compiling mediapipe/util/tracking/motion_estimation.cc; 51s local ... (8 actions running)
[7,385 / 8,076] Compiling mediapipe/util/tracking/motion_estimation.cc; 52s local ... (8 actions running)
[7,396 / 8,082] Compiling mediapipe/util/tracking/motion_estimation.cc; 53s local ... (8 actions running)
[7,397 / 8,082] Compiling mediapipe/util/tracking/motion_estimation.cc; 54s local ... (8 actions, 7 running)
[7,398 / 8,082] Compiling mediapipe/util/tracking/motion_estimation.cc; 56s local ... (8 actions running)
[7,399 / 8,082] Compiling mediapipe/util/tracking/motion_estimation.cc; 57s local ... (8 actions running)
[7,400 / 8,082] Compiling mediapipe/util/tracking/motion_estimation.cc; 58s local ... (8 actions, 7 running)
[7,403 / 8,082] Compiling mediapipe/util/tracking/motion_estimation.cc; 60s local ... (8 actions running)
[7,404 / 8,082] Compiling mediapipe/util/tracking/motion_estimation.cc; 61s local ... (8 actions running)
[7,406 / 8,082] Compiling mediapipe/util/tracking/motion_estimation.cc; 62s local ... (8 actions running)
[7,414 / 8,088] Compiling mediapipe/util/tracking/motion_estimation.cc; 63s local ... (8 actions running)
[7,417 / 8,094] Compiling mediapipe/util/tracking/motion_estimation.cc; 64s local ... (7 actions running)
[7,421 / 8,153] Compiling mediapipe/util/tracking/motion_estimation.cc; 65s local ... (6 actions running)
[7,422 / 8,153] Compiling mediapipe/util/tracking/motion_estimation.cc; 66s local ... (7 actions running)
[7,425 / 8,153] Compiling mediapipe/util/tracking/motion_estimation.cc; 67s local ... (7 actions running)
[7,426 / 8,153] Compiling mediapipe/util/tracking/motion_estimation.cc; 68s local ... (7 actions running)
[7,430 / 8,153] Compiling mediapipe/util/tracking/motion_estimation.cc; 69s local ... (7 actions running)
[7,432 / 8,153] Compiling mediapipe/util/tracking/motion_estimation.cc; 70s local ... (7 actions running)
[7,434 / 8,153] Compiling mediapipe/util/tracking/motion_estimation.cc; 71s local ... (7 actions running)
[7,435 / 8,153] Compiling mediapipe/util/tracking/motion_estimation.cc; 72s local ... (7 actions running)
[7,440 / 8,182] Compiling mediapipe/util/tracking/motion_estimation.cc; 73s local ... (7 actions running)
[7,445 / 8,182] Compiling mediapipe/util/tracking/motion_estimation.cc; 74s local ... (6 actions running)
[7,447 / 8,182] Compiling mediapipe/util/tracking/motion_estimation.cc; 75s local ... (7 actions running)
[7,454 / 8,182] Compiling mediapipe/util/tracking/motion_estimation.cc; 76s local ... (7 actions running)
[7,457 / 8,182] Compiling mediapipe/util/tracking/motion_estimation.cc; 77s local ... (7 actions running)
[7,460 / 8,182] Compiling mediapipe/util/tracking/motion_estimation.cc; 78s local ... (7 actions running)
[7,463 / 8,182] Compiling mediapipe/util/tracking/motion_estimation.cc; 79s local ... (7 actions running)
[7,466 / 8,182] Compiling mediapipe/util/tracking/motion_estimation.cc; 80s local ... (7 actions running)
[7,469 / 8,182] Compiling mediapipe/util/tracking/motion_estimation.cc; 81s local ... (7 actions running)
[7,475 / 8,182] Compiling mediapipe/util/tracking/motion_estimation.cc; 82s local ... (7 actions running)
[7,478 / 8,182] Compiling mediapipe/util/tracking/motion_estimation.cc; 83s local ... (7 actions running)
[7,481 / 8,182] Compiling mediapipe/util/tracking/motion_estimation.cc; 84s local ... (7 actions running)
[7,488 / 8,182] Compiling mediapipe/util/tracking/motion_estimation.cc; 85s local ... (7 actions running)
[7,490 / 8,182] Compiling mediapipe/util/tracking/motion_estimation.cc; 86s local ... (7 actions running)
[7,495 / 8,182] Compiling mediapipe/util/tracking/motion_estimation.cc; 87s local ... (7 actions running)
[7,500 / 8,182] Compiling mediapipe/util/tracking/motion_estimation.cc; 88s local ... (7 actions, 6 running)
[7,505 / 8,182] Compiling mediapipe/util/tracking/motion_estimation.cc; 89s local ... (7 actions running)
[7,508 / 8,182] Compiling mediapipe/util/tracking/motion_estimation.cc; 90s local ... (7 actions running)
[7,519 / 8,213] Compiling src/python/pythoninterpretermodule.cpp; 9s local ... (7 actions running)
[7,526 / 8,213] Compiling src/python/pythoninterpretermodule.cpp; 10s local ... (7 actions running)
[7,530 / 8,213] Compiling src/python/pythoninterpretermodule.cpp; 11s local ... (7 actions running)
[7,534 / 8,213] Compiling src/python/pythoninterpretermodule.cpp; 12s local ... (7 actions running)
[7,540 / 8,213] Compiling src/python/pythoninterpretermodule.cpp; 13s local ... (7 actions running)
[7,545 / 8,213] Compiling src/python/pythoninterpretermodule.cpp; 14s local ... (7 actions running)
[7,549 / 8,213] Compiling src/python/pythoninterpretermodule.cpp; 15s local ... (7 actions running)
[7,561 / 8,219] Compiling src/python/pythoninterpretermodule.cpp; 16s local ... (6 actions running)
[7,564 / 8,219] Compiling src/python/pythoninterpretermodule.cpp; 17s local ... (6 actions running)
[7,568 / 8,219] Compiling src/python/pythoninterpretermodule.cpp; 18s local ... (6 actions, 5 running)
[7,570 / 8,219] Compiling src/python/pythoninterpretermodule.cpp; 19s local ... (6 actions, 5 running)
[7,575 / 8,219] Compiling src/python/pythoninterpretermodule.cpp; 20s local ... (7 actions, 6 running)
[7,582 / 8,221] Compiling src/python/pythoninterpretermodule.cpp; 21s local ... (7 actions, 6 running)
[7,584 / 8,223] Compiling src/python/pythoninterpretermodule.cpp; 23s local ... (6 actions, 5 running)
[7,587 / 8,223] Compiling src/python/pythoninterpretermodule.cpp; 24s local ... (7 actions running)
[7,592 / 8,227] Compiling src/python/pythoninterpretermodule.cpp; 25s local ... (6 actions running)
[7,597 / 8,230] Compiling src/python/pythoninterpretermodule.cpp; 26s local ... (6 actions running)
[7,601 / 8,234] Compiling src/python/pythoninterpretermodule.cpp; 27s local ... (5 actions running)
[7,605 / 8,234] Compiling src/python/pythoninterpretermodule.cpp; 28s local ... (6 actions running)
[7,607 / 8,234] Compiling src/python/pythoninterpretermodule.cpp; 29s local ... (7 actions running)
[7,611 / 8,238] Compiling src/python/pythoninterpretermodule.cpp; 30s local ... (6 actions running)
[7,618 / 8,241] Compiling src/python/pythoninterpretermodule.cpp; 31s local ... (6 actions running)
[7,626 / 8,247] Compiling src/python/pythoninterpretermodule.cpp; 32s local ... (7 actions running)
[7,634 / 8,247] Compiling tensorflow/lite/kernels/reduce.cc; 8s local ... (7 actions running)
[7,640 / 8,254] Compiling tensorflow/lite/kernels/reduce.cc; 9s local ... (6 actions running)
[7,643 / 8,254] Compiling tensorflow/lite/kernels/reduce.cc; 10s local ... (6 actions running)
[7,647 / 8,258] Compiling tensorflow/lite/kernels/reduce.cc; 11s local ... (6 actions running)
[7,651 / 8,262] Compiling tensorflow/lite/kernels/reduce.cc; 12s local ... (6 actions running)
[7,658 / 8,265] Compiling mediapipe/graphs/iris_tracking/calculators/update_face_landmarks_calculator.cc; 5s local ... (7 actions running)
[7,663 / 8,265] Compiling mediapipe/graphs/iris_tracking/calculators/update_face_landmarks_calculator.cc; 6s local ... (7 actions running)
[7,674 / 8,271] Compiling tensorflow/core/framework/function.cc; 6s local ... (7 actions, 6 running)
[7,685 / 8,277] Compiling tensorflow/core/framework/function.cc; 7s local ... (6 actions running)
[7,704 / 8,294] Compiling tensorflow/core/framework/function.cc; 8s local ... (7 actions running)
[7,719 / 8,300] Compiling tensorflow/core/framework/function.cc; 9s local ... (7 actions running)
[7,730 / 8,306] Compiling tensorflow/core/framework/function.cc; 10s local ... (7 actions running)
[7,735 / 8,310] Compiling tensorflow/core/framework/function.cc; 11s local ... (7 actions running)
[7,737 / 8,310] Compiling tensorflow/core/framework/function.cc; 12s local ... (7 actions running)
[7,743 / 8,319] Compiling tensorflow/core/framework/function.cc; 13s local ... (7 actions running)
[7,754 / 8,319] Compiling tensorflow/core/framework/function.cc; 14s local ... (7 actions running)
[7,755 / 8,319] Compiling tensorflow/core/framework/function.cc; 15s local ... (7 actions running)
[7,756 / 8,319] Compiling mediapipe/calculators/image/opencv_image_encoder_calculator.cc; 7s local ... (7 actions running)
[7,759 / 8,319] Compiling tensorflow/lite/kernels/quantize.cc; 7s local ... (7 actions running)
[7,762 / 8,319] Compiling tensorflow/lite/kernels/activations.cc; 4s local ... (7 actions running)
[7,763 / 8,319] Compiling tensorflow/lite/kernels/activations.cc; 6s local ... (7 actions running)
[7,765 / 8,319] Compiling tensorflow/lite/kernels/activations.cc; 7s local ... (7 actions running)
[7,766 / 8,319] Compiling tensorflow/lite/kernels/activations.cc; 9s local ... (7 actions, 6 running)
[7,768 / 8,319] Compiling tensorflow/lite/kernels/activations.cc; 10s local ... (7 actions running)
[7,769 / 8,319] Compiling tensorflow/lite/kernels/add.cc; 9s local ... (7 actions running)
[7,777 / 8,319] Compiling tensorflow/lite/kernels/pow.cc; 7s local ... (7 actions running)
[7,781 / 8,319] Compiling tensorflow/lite/kernels/add_n.cc; 2s local ... (7 actions, 6 running)
[7,785 / 8,319] Compiling tensorflow/lite/kernels/add_n.cc; 3s local ... (7 actions running)
[7,787 / 8,319] Compiling tensorflow/lite/kernels/add_n.cc; 4s local ... (7 actions running)
[7,788 / 8,319] Compiling tensorflow/lite/kernels/add_n.cc; 6s local ... (7 actions, 6 running)
[7,788 / 8,319] Compiling tensorflow/lite/kernels/add_n.cc; 7s local ... (7 actions running)
[7,792 / 8,319] Compiling tensorflow/lite/kernels/pooling.cc; 6s local ... (7 actions running)
[7,795 / 8,319] Compiling tensorflow/lite/kernels/pooling.cc; 7s local ... (8 actions running)
[7,799 / 8,319] Compiling mediapipe/calculators/image/feature_detector_calculator.cc; 7s local ... (8 actions running)
[7,800 / 8,319] Compiling tensorflow/core/framework/device.cc; 5s local ... (8 actions, 7 running)
[7,801 / 8,319] Compiling tensorflow/core/framework/device.cc; 7s local ... (8 actions running)
[7,806 / 8,319] Compiling tensorflow/lite/kernels/audio_spectrogram.cc; 6s local ... (8 actions running)
[7,807 / 8,319] Compiling tensorflow/lite/kernels/batch_matmul.cc; 6s local ... (8 actions, 7 running)
[7,810 / 8,321] Compiling tensorflow/lite/kernels/batch_matmul.cc; 7s local ... (8 actions running)
[7,812 / 8,321] Compiling mediapipe/calculators/video/flow_to_image_calculator.cc; 6s local ... (8 actions running)
[7,813 / 8,321] Compiling mediapipe/calculators/video/flow_to_image_calculator.cc; 8s local ... (8 actions, 7 running)
[7,819 / 8,321] Compiling tensorflow/core/framework/dataset.cc; 7s local ... (8 actions, 7 running)
[7,821 / 8,321] Compiling tensorflow/core/framework/dataset.cc; 8s local ... (8 actions, 7 running)
[7,822 / 8,321] Compiling tensorflow/core/framework/dataset.cc; 9s local ... (8 actions running)
[7,825 / 8,321] Compiling tensorflow/core/framework/dataset.cc; 10s local ... (8 actions running)
[7,829 / 8,321] Compiling tensorflow/core/framework/dataset.cc; 11s local ... (8 actions running)
[7,831 / 8,321] Compiling tensorflow/core/framework/dataset.cc; 12s local ... (8 actions running)
[7,832 / 8,321] Compiling tensorflow/core/framework/dataset.cc; 13s local ... (8 actions, 7 running)
[7,833 / 8,321] Compiling src/graph_export/graph_export.cpp; 14s local ... (8 actions, 7 running)
[7,836 / 8,321] Compiling src/graph_export/graph_export.cpp; 16s local ... (8 actions, 7 running)
[7,838 / 8,321] Compiling src/graph_export/graph_export.cpp; 17s local ... (8 actions running)
[7,840 / 8,321] Compiling src/graph_export/graph_export.cpp; 18s local ... (8 actions running)
[7,842 / 8,321] Compiling src/graph_export/graph_export.cpp; 19s local ... (8 actions running)
[7,843 / 8,321] Compiling src/graph_export/graph_export.cpp; 20s local ... (8 actions, 7 running)
[7,843 / 8,321] Compiling src/graph_export/graph_export.cpp; 22s local ... (8 actions running)
[7,844 / 8,321] Compiling src/graph_export/graph_export.cpp; 23s local ... (8 actions running)
[7,845 / 8,321] Compiling src/graph_export/graph_export.cpp; 24s local ... (8 actions running)
[7,847 / 8,321] Compiling src/graph_export/graph_export.cpp; 25s local ... (8 actions running)
[7,848 / 8,321] Compiling src/graph_export/graph_export.cpp; 28s local ... (8 actions, 7 running)
[7,848 / 8,321] Compiling src/graph_export/graph_export.cpp; 29s local ... (8 actions running)
[7,849 / 8,321] Compiling src/graph_export/graph_export.cpp; 31s local ... (8 actions, 7 running)
[7,850 / 8,321] Compiling src/graph_export/graph_export.cpp; 33s local ... (8 actions running)
[7,851 / 8,321] Compiling src/graph_export/graph_export.cpp; 34s local ... (8 actions running)
[7,852 / 8,321] Compiling src/graph_export/graph_export.cpp; 35s local ... (8 actions running)
[7,853 / 8,321] Compiling src/graph_export/graph_export.cpp; 36s local ... (8 actions, 7 running)
[7,854 / 8,321] Compiling src/graph_export/graph_export.cpp; 38s local ... (8 actions, 7 running)
[7,856 / 8,321] Compiling tensorflow/lite/kernels/conv.cc; 22s local ... (8 actions, 7 running)
[7,857 / 8,321] Compiling tensorflow/lite/kernels/conv.cc; 23s local ... (8 actions running)
[7,858 / 8,321] Compiling tensorflow/lite/kernels/conv.cc; 25s local ... (8 actions, 7 running)
[7,860 / 8,321] Compiling tensorflow/lite/kernels/conv.cc; 26s local ... (8 actions running)
[7,861 / 8,321] Compiling mediapipe/calculators/tflite/tflite_tensors_to_landmarks_calculator.cc; 11s local ... (8 actions running)
[7,863 / 8,321] Compiling tensorflow/lite/kernels/mirror_pad.cc; 10s local ... (8 actions running)
[7,865 / 8,321] Compiling src/mediapipe_internal/mediapipegraphconfig.cpp; 8s local ... (8 actions running)
[7,866 / 8,321] Compiling src/mediapipe_internal/mediapipegraphconfig.cpp; 11s local ... (8 actions, 7 running)
[7,871 / 8,321] Compiling src/mediapipe_internal/mediapipegraphconfig.cpp; 13s local ... (8 actions, 7 running)
[7,872 / 8,321] Compiling src/mediapipe_internal/mediapipegraphconfig.cpp; 14s local ... (8 actions running)
[7,873 / 8,321] Compiling src/mediapipe_internal/mediapipegraphconfig.cpp; 15s local ... (8 actions running)
[7,874 / 8,321] Compiling src/mediapipe_internal/mediapipegraphconfig.cpp; 16s local ... (8 actions running)
[7,875 / 8,321] Compiling src/mediapipe_internal/mediapipegraphconfig.cpp; 17s local ... (8 actions, 7 running)
[7,878 / 8,321] Compiling src/mediapipe_internal/mediapipegraphconfig.cpp; 18s local ... (8 actions, 7 running)
[7,880 / 8,321] Compiling src/mediapipe_internal/mediapipegraphconfig.cpp; 20s local ... (8 actions running)
[7,882 / 8,321] Compiling src/mediapipe_internal/mediapipegraphconfig.cpp; 21s local ... (8 actions running)
[7,883 / 8,321] Compiling src/mediapipe_internal/mediapipegraphconfig.cpp; 22s local ... (8 actions running)
[7,889 / 8,321] Compiling src/mediapipe_internal/graphqueue.cpp; 22s local ... (8 actions, 7 running)
[7,889 / 8,321] Compiling src/mediapipe_internal/graphqueue.cpp; 23s local ... (8 actions running)
[7,891 / 8,321] Compiling src/mediapipe_internal/graphqueue.cpp; 24s local ... (8 actions running)
[7,892 / 8,321] Compiling src/mediapipe_internal/graphqueue.cpp; 25s local ... (8 actions, 7 running)
[7,893 / 8,321] Compiling src/mediapipe_internal/graphqueue.cpp; 26s local ... (8 actions, 7 running)
[7,894 / 8,321] Compiling src/mediapipe_internal/graphqueue.cpp; 28s local ... (8 actions running)
[7,895 / 8,321] Compiling src/mediapipe_internal/graphqueue.cpp; 29s local ... (8 actions, 7 running)
[7,896 / 8,321] Compiling src/mediapipe_internal/graphqueue.cpp; 31s local ... (8 actions running)
[7,897 / 8,321] Compiling src/mediapipe_internal/graphqueue.cpp; 32s local ... (8 actions, 7 running)
[7,901 / 8,321] Compiling src/mediapipe_internal/graphqueue.cpp; 34s local ... (8 actions, 7 running)
[7,901 / 8,321] Compiling src/mediapipe_internal/graphqueue.cpp; 35s local ... (8 actions running)
[7,902 / 8,321] Compiling src/mediapipe_internal/graphqueue.cpp; 37s local ... (8 actions, 7 running)
[7,904 / 8,321] Compiling src/mediapipe_internal/graphqueue.cpp; 38s local ... (8 actions running)
[7,905 / 8,321] Compiling src/mediapipe_internal/graphqueue.cpp; 39s local ... (8 actions running)
[7,909 / 8,321] Compiling src/mediapipe_internal/graphqueue.cpp; 40s local ... (8 actions running)
[7,912 / 8,321] Compiling src/mediapipe_internal/graphqueue.cpp; 41s local ... (8 actions running)
[7,913 / 8,321] Compiling src/mediapipe_internal/graphqueue.cpp; 42s local ... (8 actions, 7 running)
[7,914 / 8,321] Compiling src/mediapipe_internal/graphqueue.cpp; 44s local ... (8 actions running)
[7,915 / 8,321] Compiling src/servable_management/servable_loading_queue.cpp; 23s local ... (8 actions running)
[7,920 / 8,321] Compiling src/servable_management/servable_loading_queue.cpp; 24s local ... (8 actions running)
[7,922 / 8,321] Compiling src/servable_management/servable_loading_queue.cpp; 25s local ... (8 actions running)
[7,923 / 8,321] Compiling tensorflow/lite/kernels/lstm.cc; 11s local ... (8 actions, 7 running)
[7,925 / 8,321] Compiling tensorflow/lite/kernels/lstm.cc; 13s local ... (8 actions running)
[7,926 / 8,321] Compiling tensorflow/lite/kernels/local_response_norm.cc; 9s local ... (8 actions running)
[7,928 / 8,321] Compiling tensorflow/lite/kernels/local_response_norm.cc; 10s local ... (8 actions running)
[7,932 / 8,321] Compiling tensorflow/lite/kernels/local_response_norm.cc; 11s local ... (8 actions running)
[7,933 / 8,321] Compiling tensorflow/lite/kernels/local_response_norm.cc; 13s local ... (8 actions, 7 running)
[7,940 / 8,321] Compiling mediapipe/calculators/core/mux_calculator.cc; 5s local ... (8 actions running)
[7,941 / 8,321] Compiling mediapipe/calculators/core/packet_inner_join_calculator.cc; 5s local ... (8 actions, 7 running)
[7,941 / 8,321] Compiling mediapipe/calculators/core/packet_inner_join_calculator.cc; 7s local ... (8 actions running)
[7,944 / 8,321] Compiling mediapipe/calculators/tflite/tflite_model_calculator.cc; 7s local ... (8 actions running)
[7,950 / 8,321] Compiling mediapipe/calculators/tflite/tflite_model_calculator.cc; 8s local ... (8 actions, 7 running)
[7,956 / 8,321] Compiling mediapipe/calculators/core/default_side_packet_calculator.cc; 2s local ... (8 actions running)
[7,957 / 8,321] Compiling mediapipe/calculators/core/packet_resampler_calculator.cc; 4s local ... (8 actions, 7 running)
[7,959 / 8,321] Compiling mediapipe/calculators/core/packet_resampler_calculator.cc; 6s local ... (8 actions, 7 running)
[7,963 / 8,321] Compiling mediapipe/calculators/core/sequence_shift_calculator.cc; 6s local ... (8 actions, 7 running)
[7,972 / 8,321] Compiling mediapipe/calculators/core/graph_profile_calculator.cc; 3s local ... (8 actions running)
[7,973 / 8,321] Compiling mediapipe/calculators/core/graph_profile_calculator.cc; 4s local ... (8 actions, 7 running)
[7,974 / 8,321] Compiling mediapipe/calculators/core/graph_profile_calculator.cc; 6s local ... (8 actions running)
[7,976 / 8,321] Compiling mediapipe/calculators/core/vector_size_calculator.cc; 5s local ... (8 actions running)
[7,982 / 8,321] Compiling mediapipe/calculators/core/merge_to_vector_calculator.cc; 6s local ... (8 actions running)
[7,984 / 8,321] Compiling mediapipe/calculators/core/merge_to_vector_calculator.cc; 7s local ... (8 actions running)
[7,986 / 8,321] Compiling mediapipe/calculators/tflite/tflite_tensors_to_detections_calculator.cc; 8s local ... (8 actions running)
[7,988 / 8,321] Compiling mediapipe/calculators/image/warp_affine_calculator.cc; 6s local ... (8 actions, 7 running)
[7,989 / 8,321] Compiling mediapipe/calculators/util/rect_to_render_scale_calculator.cc; 5s local ... (8 actions running)
[7,990 / 8,321] Compiling mediapipe/calculators/util/rect_to_render_scale_calculator.cc; 6s local ... (8 actions running)
[7,996 / 8,321] Compiling mediapipe/framework/stream_handler/fixed_size_input_stream_handler.cc; 5s local ... (8 actions running)
[8,000 / 8,321] Compiling mediapipe/framework/stream_handler/early_close_input_stream_handler.cc; 5s local ... (8 actions running)
[8,002 / 8,321] Compiling mediapipe/framework/stream_handler/barrier_input_stream_handler.cc; 5s local ... (8 actions running)
[8,004 / 8,321] Compiling mediapipe/calculators/util/inverse_matrix_calculator.cc; 4s local ... (8 actions running)
[8,005 / 8,321] Compiling src/llm/py_jinja_template_processor.cpp; 5s local ... (8 actions, 7 running)
[8,008 / 8,321] Compiling src/llm/py_jinja_template_processor.cpp; 7s local ... (8 actions running)
[8,009 / 8,321] Compiling src/llm/py_jinja_template_processor.cpp; 8s local ... (8 actions running)
[8,010 / 8,321] Compiling src/llm/py_jinja_template_processor.cpp; 9s local ... (8 actions running)
[8,011 / 8,321] Compiling src/llm/py_jinja_template_processor.cpp; 10s local ... (8 actions, 7 running)
[8,014 / 8,321] Compiling src/llm/py_jinja_template_processor.cpp; 11s local ... (8 actions, 7 running)
[8,014 / 8,321] Compiling src/llm/py_jinja_template_processor.cpp; 13s local ... (8 actions running)
[8,015 / 8,321] Compiling src/llm/py_jinja_template_processor.cpp; 15s local ... (8 actions, 7 running)
[8,019 / 8,321] Compiling src/llm/py_jinja_template_processor.cpp; 17s local ... (8 actions, 7 running)
[8,020 / 8,321] Compiling src/llm/py_jinja_template_processor.cpp; 18s local ... (8 actions running)
[8,021 / 8,321] Compiling src/llm/py_jinja_template_processor.cpp; 23s local ... (8 actions, 7 running)
[8,022 / 8,321] Compiling src/llm/py_jinja_template_processor.cpp; 24s local ... (8 actions running)
[8,023 / 8,321] Compiling src/llm/py_jinja_template_processor.cpp; 26s local ... (8 actions, 7 running)
[8,026 / 8,321] Compiling src/llm/py_jinja_template_processor.cpp; 27s local ... (8 actions running)
[8,027 / 8,321] Compiling src/llm/py_jinja_template_processor.cpp; 28s local ... (8 actions running)
[8,028 / 8,321] Compiling src/llm/py_jinja_template_processor.cpp; 30s local ... (8 actions, 7 running)
[8,029 / 8,321] Compiling src/llm/py_jinja_template_processor.cpp; 32s local ... (8 actions running)
[8,030 / 8,321] Compiling src/llm/py_jinja_template_processor.cpp; 36s local ... (8 actions, 7 running)
[8,033 / 8,321] Compiling src/sidepacket_servable.cpp; 35s local ... (8 actions running)
[8,034 / 8,321] Compiling src/sidepacket_servable.cpp; 38s local ... (8 actions, 7 running)
[8,035 / 8,321] Compiling src/sidepacket_servable.cpp; 39s local ... (8 actions running)
[8,036 / 8,321] Compiling src/sidepacket_servable.cpp; 40s local ... (8 actions running)
[8,037 / 8,321] Compiling src/sidepacket_servable.cpp; 41s local ... (8 actions running)
[8,039 / 8,321] Compiling src/audio/text_to_speech/t2s_servable.cpp; 33s local ... (8 actions running)
[8,041 / 8,321] Compiling src/audio/speech_to_text/s2t_streaming_handler.cpp; 19s local ... (8 actions running)
[8,042 / 8,321] Compiling src/audio/speech_to_text/s2t_streaming_handler.cpp; 20s local ... (8 actions running)
[8,043 / 8,321] Compiling src/audio/speech_to_text/s2t_streaming_handler.cpp; 22s local ... (8 actions, 7 running)
[8,044 / 8,321] Compiling src/audio/speech_to_text/s2t_streaming_handler.cpp; 24s local ... (8 actions running)
[8,045 / 8,321] Compiling src/audio/speech_to_text/s2t_streaming_handler.cpp; 28s local ... (8 actions, 7 running)
[8,046 / 8,321] Compiling src/audio/speech_to_text/s2t_streaming_handler.cpp; 30s local ... (8 actions running)
[8,047 / 8,321] Compiling src/audio/speech_to_text/s2t_streaming_handler.cpp; 32s local ... (8 actions, 7 running)
[8,049 / 8,321] Compiling src/audio/speech_to_text/s2t_streaming_handler.cpp; 34s local ... (8 actions, 7 running)
[8,049 / 8,321] Compiling src/audio/speech_to_text/s2t_streaming_handler.cpp; 35s local ... (8 actions running)
[8,050 / 8,321] Compiling src/audio/speech_to_text/s2t_streaming_handler.cpp; 36s local ... (8 actions, 7 running)
[8,053 / 8,321] Compiling src/audio/speech_to_text/s2t_streaming_handler.cpp; 38s local ... (8 actions running)
[8,054 / 8,321] Compiling src/image_gen/http_image_gen_calculator.cc; 40s local ... (8 actions, 7 running)
[8,055 / 8,321] Compiling src/image_gen/http_image_gen_calculator.cc; 41s local ... (8 actions, 7 running)
[8,060 / 8,321] Compiling src/embeddings/embeddings_servable.cpp; 25s local ... (8 actions, 7 running)
[8,061 / 8,321] Compiling src/embeddings/embeddings_servable.cpp; 26s local ... (8 actions running)
[8,062 / 8,321] Compiling src/embeddings/embeddings_servable.cpp; 30s local ... (8 actions, 7 running)
[8,065 / 8,321] Compiling src/embeddings/embeddings_servable.cpp; 31s local ... (8 actions running)
[8,066 / 8,321] Compiling src/embeddings/embeddings_servable.cpp; 32s local ... (8 actions running)
[8,067 / 8,321] Compiling src/embeddings/embeddings_servable.cpp; 36s local ... (8 actions, 7 running)
[8,068 / 8,321] Compiling src/embeddings/embeddings_servable.cpp; 37s local ... (8 actions running)
[8,070 / 8,321] Compiling src/embeddings/embeddings_servable.cpp; 38s local ... (8 actions running)
[8,071 / 8,321] Compiling src/embeddings/embeddings_servable.cpp; 41s local ... (8 actions, 7 running)
[8,072 / 8,321] Compiling src/embeddings/embeddings_servable.cpp; 42s local ... (8 actions, 7 running)
[8,073 / 8,321] Compiling src/embeddings/embeddings_servable.cpp; 43s local ... (8 actions running)
[8,075 / 8,321] Compiling src/llm/io_processing/input_processors/image_decoding_processor.cpp; 25s local ... (8 actions running)
[8,076 / 8,321] Compiling src/image_gen/image_gen_node_initializer.cpp; 21s local ... (8 actions, 7 running)
[8,077 / 8,321] Compiling src/image_gen/image_gen_node_initializer.cpp; 23s local ... (8 actions, 7 running)
[8,080 / 8,321] Compiling src/image_gen/image_gen_node_initializer.cpp; 24s local ... (8 actions running)
[8,082 / 8,321] Compiling src/image_gen/image_gen_node_initializer.cpp; 25s local ... (8 actions running)
[8,083 / 8,321] Compiling src/image_gen/image_gen_node_initializer.cpp; 29s local ... (8 actions, 7 running)
[8,086 / 8,321] Compiling src/audio/speech_to_text/s2t_calculator.cc; 30s local ... (8 actions running)
[8,088 / 8,321] Compiling src/audio/speech_to_text/s2t_calculator.cc; 31s local ... (8 actions running)
[8,089 / 8,321] Compiling src/audio/speech_to_text/s2t_calculator.cc; 35s local ... (8 actions, 7 running)
[8,090 / 8,321] Compiling src/audio/speech_to_text/s2t_calculator.cc; 36s local ... (8 actions running)
[8,091 / 8,321] Compiling src/audio/speech_to_text/s2t_calculator.cc; 38s local ... (8 actions, 7 running)
[8,091 / 8,321] Compiling src/audio/speech_to_text/s2t_calculator.cc; 40s local ... (8 actions running)
[8,092 / 8,321] Compiling src/audio/speech_to_text/s2t_calculator.cc; 41s local ... (8 actions running)
[8,096 / 8,321] Compiling src/audio/speech_to_text/s2t_calculator.cc; 42s local ... (8 actions running)
[8,097 / 8,321] Compiling src/audio/speech_to_text/s2t_calculator.cc; 43s local ... (8 actions running)
[8,098 / 8,321] Compiling src/embeddings/embeddings_calculator_ov.cc; 26s local ... (8 actions, 7 running)
[8,098 / 8,321] Compiling src/embeddings/embeddings_calculator_ov.cc; 27s local ... (8 actions running)
[8,100 / 8,321] Compiling src/embeddings/embeddings_calculator_ov.cc; 28s local ... (8 actions running)
[8,101 / 8,321] Compiling src/embeddings/embeddings_calculator_ov.cc; 29s local ... (8 actions running)
[8,104 / 8,321] Compiling src/embeddings/embeddings_calculator_ov.cc; 30s local ... (8 actions running)
[8,105 / 8,321] Compiling src/embeddings/embeddings_calculator_ov.cc; 31s local ... (8 actions, 7 running)
[8,106 / 8,321] Compiling src/embeddings/embeddings_calculator_ov.cc; 33s local ... (8 actions running)
[8,108 / 8,321] Compiling src/embeddings/embeddings_calculator_ov.cc; 34s local ... (8 actions running)
[8,109 / 8,321] Compiling src/embeddings/embeddings_calculator_ov.cc; 35s local ... (8 actions, 7 running)
[8,110 / 8,321] Compiling src/embeddings/embeddings_calculator_ov.cc; 37s local ... (8 actions running)
[8,111 / 8,321] Compiling src/embeddings/embeddings_calculator_ov.cc; 38s local ... (8 actions running)
[8,113 / 8,321] Compiling src/embeddings/embeddings_calculator_ov.cc; 39s local ... (8 actions running)
[8,114 / 8,321] Compiling src/embeddings/embeddings_calculator_ov.cc; 41s local ... (8 actions, 7 running)
[8,117 / 8,321] Compiling src/embeddings/embeddings_calculator_ov.cc; 42s local ... (8 actions running)
[8,118 / 8,321] Compiling src/embeddings/embeddings_calculator_ov.cc; 43s local ... (8 actions, 7 running)
[8,120 / 8,321] Compiling src/audio/speech_to_text/stt_node_initializer.cpp; 19s local ... (8 actions running)
[8,121 / 8,321] Compiling src/audio/speech_to_text/stt_node_initializer.cpp; 21s local ... (8 actions, 7 running)
[8,126 / 8,321] Compiling src/audio/speech_to_text/stt_node_initializer.cpp; 22s local ... (8 actions running)
[8,127 / 8,321] Compiling src/audio/speech_to_text/stt_node_initializer.cpp; 25s local ... (8 actions, 7 running)
[8,131 / 8,321] Compiling src/audio/speech_to_text/stt_node_initializer.cpp; 26s local ... (8 actions, 7 running)
[8,132 / 8,321] Compiling src/audio/speech_to_text/stt_node_initializer.cpp; 27s local ... (8 actions running)
[8,133 / 8,321] Compiling src/audio/speech_to_text/stt_node_initializer.cpp; 29s local ... (8 actions, 7 running)
[8,136 / 8,321] Compiling src/audio/speech_to_text/stt_node_initializer.cpp; 30s local ... (8 actions, 7 running)
[8,137 / 8,321] Compiling src/audio/speech_to_text/stt_node_initializer.cpp; 31s local ... (8 actions, 7 running)
[8,138 / 8,321] Compiling src/audio/speech_to_text/stt_node_initializer.cpp; 32s local ... (8 actions running)
[8,139 / 8,321] Compiling src/audio/speech_to_text/stt_node_initializer.cpp; 34s local ... (8 actions, 7 running)
[8,141 / 8,321] Compiling src/llm/io_processing/input_processors/chat_template_processor.cpp; 31s local ... (8 actions, 7 running)
[8,142 / 8,321] Compiling src/llm/io_processing/input_processors/chat_template_processor.cpp; 32s local ... (8 actions running)
[8,144 / 8,321] Compiling src/llm/io_processing/input_processors/chat_template_processor.cpp; 33s local ... (8 actions running)
[8,147 / 8,321] Compiling src/llm/io_processing/input_processors/chat_template_processor.cpp; 34s local ... (8 actions running)
[8,148 / 8,321] Compiling src/llm/io_processing/input_processors/chat_template_processor.cpp; 36s local ... (8 actions, 7 running)
[8,149 / 8,321] Compiling src/llm/io_processing/input_processors/chat_template_processor.cpp; 38s local ... (8 actions running)
[8,152 / 8,321] Compiling src/llm/apis/openai_responses.cpp; 29s local ... (8 actions running)
[8,153 / 8,321] Compiling src/llm/apis/openai_responses.cpp; 31s local ... (8 actions, 7 running)
[8,154 / 8,321] Compiling src/llm/apis/openai_responses.cpp; 33s local ... (8 actions running)
[8,156 / 8,321] Compiling src/embeddings/embeddings_node_initializer.cpp; 29s local ... (8 actions running)
[8,157 / 8,321] Compiling src/embeddings/embeddings_node_initializer.cpp; 30s local ... (8 actions running)
[8,158 / 8,321] Compiling src/embeddings/embeddings_node_initializer.cpp; 31s local ... (8 actions running)
[8,159 / 8,321] Compiling src/embeddings/embeddings_node_initializer.cpp; 32s local ... (8 actions running)
[8,162 / 8,321] Compiling src/embeddings/embeddings_node_initializer.cpp; 33s local ... (8 actions running)
[8,163 / 8,321] Compiling src/embeddings/embeddings_node_initializer.cpp; 34s local ... (8 actions running)
[8,164 / 8,321] Compiling src/embeddings/embeddings_node_initializer.cpp; 37s local ... (8 actions, 7 running)
[8,170 / 8,321] Compiling src/llm/io_processing/input_processors/chat_template_adapter.cpp; 14s local ... (8 actions, 7 running)
[8,172 / 8,321] Compiling src/llm/io_processing/input_processors/chat_template_adapter.cpp; 16s local ... (8 actions running)
[8,173 / 8,321] Compiling src/llm/io_processing/input_processors/chat_template_adapter.cpp; 19s local ... (8 actions, 7 running)
[8,176 / 8,321] Compiling src/llm/io_processing/input_processors/chat_template_adapter.cpp; 20s local ... (8 actions running)
[8,181 / 8,321] Compiling src/llm/io_processing/input_processors/chat_template_adapter.cpp; 21s local ... (8 actions running)
[8,182 / 8,321] Compiling src/llm/io_processing/input_processors/chat_template_adapter.cpp; 26s local ... (8 actions, 7 running)
[8,189 / 8,321] Compiling src/llm/io_processing/input_processors/chat_template_adapter.cpp; 27s local ... (8 actions running)
[8,190 / 8,321] Compiling src/llm/io_processing/input_processors/chat_template_adapter.cpp; 29s local ... (8 actions, 7 running)
[8,191 / 8,321] Compiling src/llm/io_processing/input_processor.cpp; 26s local ... (8 actions running)
[8,192 / 8,321] Compiling src/llm/io_processing/input_processor.cpp; 27s local ... (8 actions, 7 running)
[8,199 / 8,321] Compiling src/llm/io_processing/input_processor.cpp; 29s local ... (8 actions running)
[8,200 / 8,321] Compiling src/llm/io_processing/input_processor.cpp; 32s local ... (8 actions, 7 running)
[8,203 / 8,321] Compiling src/llm/io_processing/input_processor.cpp; 33s local ... (8 actions, 7 running)
[8,206 / 8,321] Compiling src/llm/io_processing/input_processor.cpp; 35s local ... (8 actions running)
[8,207 / 8,321] Compiling src/llm/io_processing/input_processor.cpp; 38s local ... (8 actions, 7 running)
[8,208 / 8,321] Compiling src/llm/io_processing/input_processor.cpp; 40s local ... (8 actions, 7 running)
[8,214 / 8,321] Compiling src/llm/io_processing/input_processors/empty_content_array_normalization_processor.cpp; 15s local ... (8 actions, 7 running)
[8,215 / 8,321] Compiling src/llm/io_processing/input_processors/empty_content_array_normalization_processor.cpp; 16s local ... (8 actions running)
[8,216 / 8,321] Compiling src/llm/io_processing/input_processors/empty_content_array_normalization_processor.cpp; 17s local ... (8 actions running)
[8,217 / 8,321] Compiling src/rerank/rerank_calculator_ov.cc; 10s local ... (8 actions running)
[8,218 / 8,321] Compiling src/rerank/rerank_calculator_ov.cc; 11s local ... (8 actions, 7 running)
[8,222 / 8,321] Compiling src/rerank/rerank_calculator_ov.cc; 12s local ... (8 actions, 7 running)
[8,223 / 8,321] Compiling src/rerank/rerank_calculator_ov.cc; 14s local ... (8 actions running)
[8,224 / 8,321] Compiling src/rerank/rerank_calculator_ov.cc; 16s local ... (8 actions, 7 running)
[8,228 / 8,321] Compiling src/rerank/rerank_calculator_ov.cc; 17s local ... (8 actions, 7 running)
[8,228 / 8,321] Compiling src/rerank/rerank_calculator_ov.cc; 19s local ... (8 actions running)
[8,229 / 8,321] Compiling src/rerank/rerank_calculator_ov.cc; 21s local ... (8 actions, 7 running)
[8,235 / 8,321] Compiling src/rerank/rerank_calculator_ov.cc; 23s local ... (8 actions, 7 running)
[8,236 / 8,321] Compiling src/rerank/rerank_calculator_ov.cc; 24s local ... (8 actions running)
[8,237 / 8,321] Compiling src/rerank/rerank_calculator_ov.cc; 26s local ... (8 actions, 7 running)
[8,242 / 8,321] Compiling src/rerank/rerank_calculator_ov.cc; 27s local ... (8 actions running)
[8,244 / 8,321] Compiling src/rerank/rerank_calculator_ov.cc; 28s local ... (8 actions running)
[8,245 / 8,321] Compiling src/rerank/rerank_calculator_ov.cc; 29s local ... (8 actions running)
[8,246 / 8,321] Compiling src/rerank/rerank_calculator_ov.cc; 31s local ... (8 actions, 7 running)
[8,251 / 8,321] Compiling src/rerank/rerank_calculator_ov.cc; 33s local ... (8 actions running)
[8,253 / 8,321] Compiling src/rerank/rerank_calculator_ov.cc; 34s local ... (8 actions running)
[8,254 / 8,321] Compiling src/rerank/rerank_calculator_ov.cc; 37s local ... (8 actions, 7 running)
[8,255 / 8,321] Compiling src/rerank/rerank_calculator_ov.cc; 39s local ... (8 actions, 7 running)
[8,260 / 8,321] Compiling src/rerank/rerank_node_initializer.cpp; 26s local ... (8 actions running)
[8,261 / 8,321] Compiling src/rerank/rerank_node_initializer.cpp; 29s local ... (8 actions, 7 running)
[8,263 / 8,321] Compiling src/rerank/rerank_node_initializer.cpp; 31s local ... (8 actions running)
[8,265 / 8,321] Compiling src/rerank/rerank_node_initializer.cpp; 32s local ... (8 actions running)
[8,266 / 8,321] Compiling src/rerank/rerank_node_initializer.cpp; 35s local ... (8 actions, 7 running)
[8,269 / 8,321] Compiling src/rerank/rerank_node_initializer.cpp; 36s local ... (8 actions, 7 running)
[8,273 / 8,321] Compiling src/llm/servable.cpp; 19s local ... (8 actions running)
[8,274 / 8,321] Compiling src/llm/servable.cpp; 22s local ... (8 actions, 7 running)
[8,277 / 8,321] Compiling src/llm/servable.cpp; 24s local ... (8 actions running)
[8,277 / 8,321] Compiling src/llm/servable.cpp; 34s local ... (8 actions running)
[8,278 / 8,321] Compiling src/llm/servable.cpp; 46s local ... (8 actions, 7 running)
[8,278 / 8,321] Compiling src/llm/servable.cpp; 47s local ... (8 actions running)
[8,279 / 8,321] Compiling src/llm/servable.cpp; 54s local ... (8 actions, 7 running)
[8,281 / 8,321] Compiling src/llm/execution_context_utils.cpp; 45s local ... (8 actions, 7 running)
[8,282 / 8,321] Compiling src/llm/execution_context_utils.cpp; 46s local ... (8 actions running)
[8,283 / 8,321] Compiling src/llm/omni_model/legacy/legacy_executor.cpp; 40s local ... (8 actions, 7 running)
[8,284 / 8,321] Compiling src/llm/omni_model/legacy/legacy_executor.cpp; 42s local ... (8 actions running)
[8,285 / 8,321] Compiling src/llm/omni_model/legacy/servable_initializer.cpp; 43s local ... (8 actions, 7 running)
[8,285 / 8,321] Compiling src/llm/omni_model/legacy/servable_initializer.cpp; 44s local ... (8 actions running)
[8,286 / 8,321] Compiling src/llm/omni_model/legacy/servable.cpp; 51s local ... (8 actions, 7 running)
[8,287 / 8,321] Compiling src/mediapipe_internal/mediapipegraphdefinition.cpp; 30s local ... (8 actions, 7 running)
[8,287 / 8,321] Compiling src/mediapipe_internal/mediapipegraphdefinition.cpp; 31s local ... (8 actions running)
[8,287 / 8,321] Compiling src/mediapipe_internal/mediapipegraphdefinition.cpp; 40s local ... (8 actions running)
[8,288 / 8,321] Compiling src/llm/visual_language_model/legacy/legacy_executor.cpp; 37s local ... (8 actions, 7 running)
[8,288 / 8,321] Compiling src/llm/visual_language_model/legacy/legacy_executor.cpp; 39s local ... (8 actions running)
[8,289 / 8,321] Compiling src/llm/servable_initializer.cpp; 46s local ... (8 actions, 7 running)
[8,289 / 8,321] Compiling src/llm/servable_initializer.cpp; 47s local ... (8 actions running)
[8,290 / 8,321] Compiling src/llm/servable_initializer.cpp; 52s local ... (8 actions, 7 running)
[8,290 / 8,321] Compiling src/llm/servable_initializer.cpp; 53s local ... (8 actions running)
[8,291 / 8,321] Compiling src/llm/servable_initializer.cpp; 54s local ... (8 actions running)
[8,292 / 8,321] Compiling src/llm/language_model/legacy/legacy_executor.cpp; 46s local ... (8 actions, 7 running)
[8,292 / 8,321] Compiling src/llm/language_model/legacy/legacy_executor.cpp; 47s local ... (8 actions running)
[8,293 / 8,321] Compiling src/llm/language_model/legacy/servable_initializer.cpp; 40s local ... (8 actions, 7 running)
[8,293 / 8,321] Compiling src/llm/language_model/legacy/servable_initializer.cpp; 41s local ... (8 actions running)
[8,293 / 8,321] Compiling src/llm/language_model/legacy/servable_initializer.cpp; 52s local ... (8 actions running)
[8,294 / 8,321] Compiling src/llm/language_model/legacy/servable_initializer.cpp; 53s local ... (8 actions running)
[8,295 / 8,321] Compiling src/mediapipe_internal/mediapipegraphexecutor.cpp; 37s local ... (8 actions running)
[8,296 / 8,321] Compiling src/llm/visual_language_model/continuous_batching/servable.cpp; 28s local ... (8 actions running)
[8,297 / 8,321] Compiling src/llm/visual_language_model/continuous_batching/servable.cpp; 29s local ... (8 actions running)
[8,298 / 8,321] Compiling src/llm/visual_language_model/continuous_batching/servable.cpp; 37s local ... (8 actions, 7 running)
[8,299 / 8,321] Compiling src/llm/visual_language_model/continuous_batching/servable.cpp; 39s local ... (8 actions running)
[8,299 / 8,321] Compiling src/llm/visual_language_model/continuous_batching/servable.cpp; 48s local ... (8 actions running)
[8,300 / 8,321] Compiling src/llm/language_model/continuous_batching/servable_initializer.cpp; 45s local ... (8 actions, 7 running)
[8,300 / 8,321] Compiling src/llm/language_model/continuous_batching/servable_initializer.cpp; 47s local ... (8 actions running)
[8,301 / 8,321] Compiling src/llm/language_model/continuous_batching/servable_initializer.cpp; 52s local ... (8 actions, 7 running)
[8,301 / 8,321] Compiling src/llm/language_model/continuous_batching/servable_initializer.cpp; 53s local ... (8 actions running)
[8,302 / 8,321] Compiling src/servable_management/modelmanager.cpp; 50s local ... (8 actions, 7 running)
[8,303 / 8,321] Compiling src/servable_management/modelmanager.cpp; 52s local ... (8 actions running)
[8,304 / 8,321] Compiling src/servable_management/servable_group_manager.cpp; 39s local ... (7 actions running)
[8,307 / 8,321] Compiling src/kfs_frontend/kfs_graph_executor_impl.cpp; 38s local ... (8 actions running)
[8,309 / 8,321] Compiling src/kfs_frontend/kfs_graph_executor_impl.cpp; 39s local ... (8 actions running)
[8,310 / 8,321] Compiling src/kfs_frontend/kfs_graph_executor_impl.cpp; 41s local ... (8 actions, 7 running)
[8,310 / 8,321] Compiling src/kfs_frontend/kfs_graph_executor_impl.cpp; 43s local ... (8 actions running)
[8,311 / 8,321] Compiling src/kfs_frontend/kfs_graph_executor_impl.cpp; 49s local ... (7 actions running)
[8,311 / 8,321] Compiling src/kfs_frontend/kfs_graph_executor_impl.cpp; 60s local ... (7 actions running)
[8,312 / 8,321] Compiling src/kfs_frontend/kfs_graph_executor_impl.cpp; 65s local ... (6 actions running)
[8,313 / 8,321] Compiling src/server.cpp; 39s local ... (6 actions, 5 running)
[8,315 / 8,321] Compiling src/server.cpp; 41s local ... (4 actions running)
[8,316 / 8,321] Compiling src/server.cpp; 47s local ... (3 actions running)
[8,317 / 8,321] Compiling src/kfs_frontend/kfs_grpc_inference_service.cpp; 45s local ... (2 actions running)
[8,318 / 8,321] Compiling src/http_rest_api_handler.cpp; 51s local
[8,319 / 8,321] [Prepa] Linking src/ovms_lib.lo.lib
[8,320 / 8,321] Linking src/ovms.exe; 1s local
INFO: Elapsed time: 2294.952s, Critical Path: 624.51s
INFO: 8321 processes: 3115 internal, 5206 local.
INFO: Build completed successfully, 8321 total actions
