
C:\git\gemmamonster-2026.4-unified-20260911>echo off 
Argument provided: Using install path g54r2
Self contained Python will be included in the package
        1 file(s) copied.
C:\g54r2\openvino\runtime\bin\intel64\Release\openvino.dll
C:\g54r2\openvino\runtime\bin\intel64\Release\openvino_auto_batch_plugin.dll
C:\g54r2\openvino\runtime\bin\intel64\Release\openvino_auto_plugin.dll
C:\g54r2\openvino\runtime\bin\intel64\Release\openvino_c.dll
C:\g54r2\openvino\runtime\bin\intel64\Release\openvino_genai.dll
C:\g54r2\openvino\runtime\bin\intel64\Release\openvino_genai_c.dll
C:\g54r2\openvino\runtime\bin\intel64\Release\openvino_gguf_frontend.dll
C:\g54r2\openvino\runtime\bin\intel64\Release\openvino_hetero_plugin.dll
C:\g54r2\openvino\runtime\bin\intel64\Release\openvino_intel_cpu_plugin.dll
C:\g54r2\openvino\runtime\bin\intel64\Release\openvino_intel_gpu_plugin.dll
C:\g54r2\openvino\runtime\bin\intel64\Release\openvino_intel_npu_compiler.dll
C:\g54r2\openvino\runtime\bin\intel64\Release\openvino_intel_npu_compiler_loader.dll
C:\g54r2\openvino\runtime\bin\intel64\Release\openvino_intel_npu_plugin.dll
C:\g54r2\openvino\runtime\bin\intel64\Release\openvino_intel_npu_vm_runtime.dll
C:\g54r2\openvino\runtime\bin\intel64\Release\openvino_ir_frontend.dll
C:\g54r2\openvino\runtime\bin\intel64\Release\openvino_onnx_frontend.dll
C:\g54r2\openvino\runtime\bin\intel64\Release\openvino_paddle_frontend.dll
C:\g54r2\openvino\runtime\bin\intel64\Release\openvino_pytorch_frontend.dll
C:\g54r2\openvino\runtime\bin\intel64\Release\openvino_tensorflow_frontend.dll
C:\g54r2\openvino\runtime\bin\intel64\Release\openvino_tensorflow_lite_frontend.dll
C:\g54r2\openvino\runtime\bin\intel64\Release\openvino_tokenizers.dll
       21 file(s) copied.
        1 file(s) copied.
User specified destination directory: C:\opt
User specified Python version: 3.12.10
Python directory set: python312
Python zip already downloaded. Will unpack existing file.
  % Total    % Received % Xferd  Average Speed   Time    Time     Time  Current
                                 Dload  Upload   Total   Spent    Left  Speed

  0     0    0     0    0     0      0      0 --:--:-- --:--:-- --:--:--     0
  0 2178k    0  6895    0     0  10132      0  0:03:40 --:--:--  0:03:40 10154
100 2178k  100 2178k    0     0  1609k      0  0:00:01  0:00:01 --:--:-- 1613k
Collecting pip
  Using cached pip-26.2.1-py3-none-any.whl.metadata (4.6 kB)
Using cached pip-26.2.1-py3-none-any.whl (1.8 MB)
Installing collected packages: pip
  WARNING: The scripts pip.exe, pip3.12.exe and pip3.exe are installed in 'C:\opt\python-3.12.10-embed-amd64\Scripts' which is not on PATH.
  Consider adding this directory to PATH or, if you prefer to suppress this warning, use --no-warn-script-location.
Successfully installed pip-26.2.1
C:\opt\python-3.12.10-embed-amd64\get-pip.py
C:\opt\python-3.12.10-embed-amd64\libcrypto-3.dll
C:\opt\python-3.12.10-embed-amd64\libffi-8.dll
C:\opt\python-3.12.10-embed-amd64\libssl-3.dll
C:\opt\python-3.12.10-embed-amd64\LICENSE.txt
C:\opt\python-3.12.10-embed-amd64\pyexpat.pyd
C:\opt\python-3.12.10-embed-amd64\python.cat
C:\opt\python-3.12.10-embed-amd64\python.exe
C:\opt\python-3.12.10-embed-amd64\python3.dll
C:\opt\python-3.12.10-embed-amd64\python312.dll
C:\opt\python-3.12.10-embed-amd64\python312._pth
C:\opt\python-3.12.10-embed-amd64\pythonw.exe
C:\opt\python-3.12.10-embed-amd64\select.pyd
C:\opt\python-3.12.10-embed-amd64\sqlite3.dll
C:\opt\python-3.12.10-embed-amd64\unicodedata.pyd
C:\opt\python-3.12.10-embed-amd64\vcruntime140.dll
C:\opt\python-3.12.10-embed-amd64\vcruntime140_1.dll
C:\opt\python-3.12.10-embed-amd64\winsound.pyd
C:\opt\python-3.12.10-embed-amd64\_asyncio.pyd
C:\opt\python-3.12.10-embed-amd64\_bz2.pyd
C:\opt\python-3.12.10-embed-amd64\_ctypes.pyd
C:\opt\python-3.12.10-embed-amd64\_decimal.pyd
C:\opt\python-3.12.10-embed-amd64\_elementtree.pyd
C:\opt\python-3.12.10-embed-amd64\_hashlib.pyd
C:\opt\python-3.12.10-embed-amd64\_lzma.pyd
C:\opt\python-3.12.10-embed-amd64\_msi.pyd
C:\opt\python-3.12.10-embed-amd64\_multiprocessing.pyd
C:\opt\python-3.12.10-embed-amd64\_overlapped.pyd
C:\opt\python-3.12.10-embed-amd64\_queue.pyd
C:\opt\python-3.12.10-embed-amd64\_socket.pyd
C:\opt\python-3.12.10-embed-amd64\_sqlite3.pyd
C:\opt\python-3.12.10-embed-amd64\_ssl.pyd
C:\opt\python-3.12.10-embed-amd64\_uuid.pyd
C:\opt\python-3.12.10-embed-amd64\_wmi.pyd
C:\opt\python-3.12.10-embed-amd64\_zoneinfo.pyd
C:\opt\python-3.12.10-embed-amd64\Lib\site-packages\pip\py.typed
C:\opt\python-3.12.10-embed-amd64\Lib\site-packages\pip\__init__.py
C:\opt\python-3.12.10-embed-amd64\Lib\site-packages\pip\__main__.py
C:\opt\python-3.12.10-embed-amd64\Lib\site-packages\pip\__pip-runner__.py
C:\opt\python-3.12.10-embed-amd64\Lib\site-packages\pip\_internal\cache.py
C:\opt\python-3.12.10-embed-amd64\Lib\site-packages\pip\_internal\configuration.py
C:\opt\python-3.12.10-embed-amd64\Lib\site-packages\pip\_internal\exceptions.py
C:\opt\python-3.12.10-embed-amd64\Lib\site-packages\pip\_internal\main.py
C:\opt\python-3.12.10-embed-amd64\Lib\site-packages\pip\_internal\pyproject.py
C:\opt\python-3.12.10-embed-amd64\Lib\site-packages\pip\_internal\self_outdated_check.py
C:\opt\python-3.12.10-embed-amd64\Lib\site-packages\pip\_internal\wheel_builder.py
C:\opt\python-3.12.10-embed-amd64\Lib\site-packages\pip\_internal\__init__.py
C:\opt\python-3.12.10-embed-amd64\Lib\site-packages\pip\_internal\build_env\base.py
C:\opt\python-3.12.10-embed-amd64\Lib\site-packages\pip\_internal\build_env\installer.py
C:\opt\python-3.12.10-embed-amd64\Lib\site-packages\pip\_internal\build_env\noop.py
C:\opt\python-3.12.10-embed-amd64\Lib\site-packages\pip\_internal\build_env\venv.py
C:\opt\python-3.12.10-embed-amd64\Lib\site-packages\pip\_internal\build_env\virtual.py
C:\opt\python-3.12.10-embed-amd64\Lib\site-packages\pip\_internal\build_env\__init__.py
C:\opt\python-3.12.10-embed-amd64\Lib\site-packages\pip\_internal\build_env\__pycache__\base.cpython-312.pyc
C:\opt\python-3.12.10-embed-amd64\Lib\site-packages\pip\_internal\build_env\__pycache__\installer.cpython-312.pyc
C:\opt\python-3.12.10-embed-amd64\Lib\site-packages\pip\_internal\build_env\__pycache__\noop.cpython-312.pyc
C:\opt\python-3.12.10-embed-amd64\Lib\site-packages\pip\_internal\build_env\__pycache__\venv.cpython-312.pyc
C:\opt\python-3.12.10-embed-amd64\Lib\site-packages\pip\_internal\build_env\__pycache__\virtual.cpython-312.pyc
C:\opt\python-3.12.10-embed-amd64\Lib\site-packages\pip\_internal\build_env\__pycache__\__init__.cpython-312.pyc
C:\opt\python-3.12.10-embed-amd64\Lib\site-packages\pip\_internal\cli\autocompletion.py
C:\opt\python-3.12.10-embed-amd64\Lib\site-packages\pip\_internal\cli\base_command.py
C:\opt\python-3.12.10-embed-amd64\Lib\site-packages\pip\_internal\cli\cmdoptions.py
C:\opt\python-3.12.10-embed-amd64\Lib\site-packages\pip\_internal\cli\command_context.py
C:\opt\python-3.12.10-embed-amd64\Lib\site-packages\pip\_internal\cli\index_command.py
C:\opt\python-3.12.10-embed-amd64\Lib\site-packages\pip\_internal\cli\main.py
C:\opt\python-3.12.10-embed-amd64\Lib\site-packages\pip\_internal\cli\main_parser.py
C:\opt\python-3.12.10-embed-amd64\Lib\site-packages\pip\_internal\cli\parser.py
C:\opt\python-3.12.10-embed-amd64\Lib\site-packages\pip\_internal\cli\progress_bars.py
C:\opt\python-3.12.10-embed-amd64\Lib\site-packages\pip\_internal\cli\req_command.py
C:\opt\python-3.12.10-embed-amd64\Lib\site-packages\pip\_internal\cli\spinners.py
C:\opt\python-3.12.10-embed-amd64\Lib\site-packages\pip\_internal\cli\status_codes.py
C:\opt\python-3.12.10-embed-amd64\Lib\site-packages\pip\_internal\cli\__init__.py
C:\opt\python-3.12.10-embed-amd64\Lib\site-packages\pip\_internal\cli\__pycache__\autocompletion.cpython-312.pyc
C:\opt\python-3.12.10-embed-amd64\Lib\site-packages\pip\_internal\cli\__pycache__\base_command.cpython-312.pyc
C:\opt\python-3.12.10-embed-amd64\Lib\site-packages\pip\_internal\cli\__pycache__\cmdoptions.cpython-312.pyc
C:\opt\python-3.12.10-embed-amd64\Lib\site-packages\pip\_internal\cli\__pycache__\command_context.cpython-312.pyc
C:\opt\python-3.12.10-embed-amd64\Lib\site-packages\pip\_internal\cli\__pycache__\index_command.cpython-312.pyc
C:\opt\python-3.12.10-embed-amd64\Lib\site-packages\pip\_internal\cli\__pycache__\main.cpython-312.pyc
C:\opt\python-3.12.10-embed-amd64\Lib\site-packages\pip\_internal\cli\__pycache__\main_parser.cpython-312.pyc
C:\opt\python-3.12.10-embed-amd64\Lib\site-packages\pip\_internal\cli\__pycache__\parser.cpython-312.pyc
C:\opt\python-3.12.10-embed-amd64\Lib\site-packages\pip\_internal\cli\__pycache__\progress_bars.cpython-312.pyc
C:\opt\python-3.12.10-embed-amd64\Lib\site-packages\pip\_internal\cli\__pycache__\req_command.cpython-312.pyc
C:\opt\python-3.12.10-embed-amd64\Lib\site-packages\pip\_internal\cli\__pycache__\spinners.cpython-312.pyc
C:\opt\python-3.12.10-embed-amd64\Lib\site-packages\pip\_internal\cli\__pycache__\status_codes.cpython-312.pyc
C:\opt\python-3.12.10-embed-amd64\Lib\site-packages\pip\_internal\cli\__pycache__\__init__.cpython-312.pyc
C:\opt\python-3.12.10-embed-amd64\Lib\site-packages\pip\_internal\commands\cache.py
C:\opt\python-3.12.10-embed-amd64\Lib\site-packages\pip\_internal\commands\check.py
C:\opt\python-3.12.10-embed-amd64\Lib\site-packages\pip\_internal\commands\completion.py
C:\opt\python-3.12.10-embed-amd64\Lib\site-packages\pip\_internal\commands\configuration.py
C:\opt\python-3.12.10-embed-amd64\Lib\site-packages\pip\_internal\commands\debug.py
C:\opt\python-3.12.10-embed-amd64\Lib\site-packages\pip\_internal\commands\download.py
C:\opt\python-3.12.10-embed-amd64\Lib\site-packages\pip\_internal\commands\freeze.py
C:\opt\python-3.12.10-embed-amd64\Lib\site-packages\pip\_internal\commands\hash.py
C:\opt\python-3.12.10-embed-amd64\Lib\site-packages\pip\_internal\commands\help.py
C:\opt\python-3.12.10-embed-amd64\Lib\site-packages\pip\_internal\commands\index.py
C:\opt\python-3.12.10-embed-amd64\Lib\site-packages\pip\_internal\commands\inspect.py
C:\opt\python-3.12.10-embed-amd64\Lib\site-packages\pip\_internal\commands\install.py
C:\opt\python-3.12.10-embed-amd64\Lib\site-packages\pip\_internal\commands\list.py
C:\opt\python-3.12.10-embed-amd64\Lib\site-packages\pip\_internal\commands\lock.py
C:\opt\python-3.12.10-embed-amd64\Lib\site-packages\pip\_internal\commands\search.py
C:\opt\python-3.12.10-embed-amd64\Lib\site-packages\pip\_internal\commands\show.py
C:\opt\python-3.12.10-embed-amd64\Lib\site-packages\pip\_internal\commands\uninstall.py
C:\opt\python-3.12.10-embed-amd64\Lib\site-packages\pip\_internal\commands\wheel.py
C:\opt\python-3.12.10-embed-amd64\Lib\site-packages\pip\_internal\commands\__init__.py
C:\opt\python-3.12.10-embed-amd64\Lib\site-packages\pip\_internal\commands\__pycache__\cache.cpython-312.pyc
C:\opt\python-3.12.10-embed-amd64\Lib\site-packages\pip\_internal\commands\__pycache__\check.cpython-312.pyc
C:\opt\python-3.12.10-embed-amd64\Lib\site-packages\pip\_internal\commands\__pycache__\completion.cpython-312.pyc
C:\opt\python-3.12.10-embed-amd64\Lib\site-packages\pip\_internal\commands\__pycache__\configuration.cpython-312.pyc
C:\opt\python-3.12.10-embed-amd64\Lib\site-packages\pip\_internal\commands\__pycache__\debug.cpython-312.pyc
C:\opt\python-3.12.10-embed-amd64\Lib\site-packages\pip\_internal\commands\__pycache__\download.cpython-312.pyc
C:\opt\python-3.12.10-embed-amd64\Lib\site-packages\pip\_internal\commands\__pycache__\freeze.cpython-312.pyc
C:\opt\python-3.12.10-embed-amd64\Lib\site-packages\pip\_internal\commands\__pycache__\hash.cpython-312.pyc
C:\opt\python-3.12.10-embed-amd64\Lib\site-packages\pip\_internal\commands\__pycache__\help.cpython-312.pyc
C:\opt\python-3.12.10-embed-amd64\Lib\site-packages\pip\_internal\commands\__pycache__\index.cpython-312.pyc
C:\opt\python-3.12.10-embed-amd64\Lib\site-packages\pip\_internal\commands\__pycache__\inspect.cpython-312.pyc
C:\opt\python-3.12.10-embed-amd64\Lib\site-packages\pip\_internal\commands\__pycache__\install.cpython-312.pyc
C:\opt\python-3.12.10-embed-amd64\Lib\site-packages\pip\_internal\commands\__pycache__\list.cpython-312.pyc
C:\opt\python-3.12.10-embed-amd64\Lib\site-packages\pip\_internal\commands\__pycache__\lock.cpython-312.pyc
C:\opt\python-3.12.10-embed-amd64\Lib\site-packages\pip\_internal\commands\__pycache__\search.cpython-312.pyc
C:\opt\python-3.12.10-embed-amd64\Lib\site-packages\pip\_internal\commands\__pycache__\show.cpython-312.pyc
C:\opt\python-3.12.10-embed-amd64\Lib\site-packages\pip\_internal\commands\__pycache__\uninstall.cpython-312.pyc
C:\opt\python-3.12.10-embed-amd64\Lib\site-packages\pip\_internal\commands\__pycache__\wheel.cpython-312.pyc
C:\opt\python-3.12.10-embed-amd64\Lib\site-packages\pip\_internal\commands\__pycache__\__init__.cpython-312.pyc
C:\opt\python-3.12.10-embed-amd64\Lib\site-packages\pip\_internal\distributions\base.py
C:\opt\python-3.12.10-embed-amd64\Lib\site-packages\pip\_internal\distributions\installed.py
C:\opt\python-3.12.10-embed-amd64\Lib\site-packages\pip\_internal\distributions\sdist.py
C:\opt\python-3.12.10-embed-amd64\Lib\site-packages\pip\_internal\distributions\wheel.py
C:\opt\python-3.12.10-embed-amd64\Lib\site-packages\pip\_internal\distributions\__init__.py
C:\opt\python-3.12.10-embed-amd64\Lib\site-packages\pip\_internal\distributions\__pycache__\base.cpython-312.pyc
C:\opt\python-3.12.10-embed-amd64\Lib\site-packages\pip\_internal\distributions\__pycache__\installed.cpython-312.pyc
C:\opt\python-3.12.10-embed-amd64\Lib\site-packages\pip\_internal\distributions\__pycache__\sdist.cpython-312.pyc
C:\opt\python-3.12.10-embed-amd64\Lib\site-packages\pip\_internal\distributions\__pycache__\wheel.cpython-312.pyc
C:\opt\python-3.12.10-embed-amd64\Lib\site-packages\pip\_internal\distributions\__pycache__\__init__.cpython-312.pyc
C:\opt\python-3.12.10-embed-amd64\Lib\site-packages\pip\_internal\index\collector.py
C:\opt\python-3.12.10-embed-amd64\Lib\site-packages\pip\_internal\index\package_finder.py
C:\opt\python-3.12.10-embed-amd64\Lib\site-packages\pip\_internal\index\sources.py
C:\opt\python-3.12.10-embed-amd64\Lib\site-packages\pip\_internal\index\__init__.py
C:\opt\python-3.12.10-embed-amd64\Lib\site-packages\pip\_internal\index\__pycache__\collector.cpython-312.pyc
C:\opt\python-3.12.10-embed-amd64\Lib\site-packages\pip\_internal\index\__pycache__\package_finder.cpython-312.pyc
C:\opt\python-3.12.10-embed-amd64\Lib\site-packages\pip\_internal\index\__pycache__\sources.cpython-312.pyc
C:\opt\python-3.12.10-embed-amd64\Lib\site-packages\pip\_internal\index\__pycache__\__init__.cpython-312.pyc
C:\opt\python-3.12.10-embed-amd64\Lib\site-packages\pip\_internal\locations\base.py
C:\opt\python-3.12.10-embed-amd64\Lib\site-packages\pip\_internal\locations\_distutils.py
C:\opt\python-3.12.10-embed-amd64\Lib\site-packages\pip\_internal\locations\_sysconfig.py
C:\opt\python-3.12.10-embed-amd64\Lib\site-packages\pip\_internal\locations\__init__.py
C:\opt\python-3.12.10-embed-amd64\Lib\site-packages\pip\_internal\locations\__pycache__\base.cpython-312.pyc
C:\opt\python-3.12.10-embed-amd64\Lib\site-packages\pip\_internal\locations\__pycache__\_distutils.cpython-312.pyc
C:\opt\python-3.12.10-embed-amd64\Lib\site-packages\pip\_internal\locations\__pycache__\_sysconfig.cpython-312.pyc
C:\opt\python-3.12.10-embed-amd64\Lib\site-packages\pip\_internal\locations\__pycache__\__init__.cpython-312.pyc
C:\opt\python-3.12.10-embed-amd64\Lib\site-packages\pip\_internal\metadata\base.py
C:\opt\python-3.12.10-embed-amd64\Lib\site-packages\pip\_internal\metadata\pkg_resources.py
C:\opt\python-3.12.10-embed-amd64\Lib\site-packages\pip\_internal\metadata\_json.py
C:\opt\python-3.12.10-embed-amd64\Lib\site-packages\pip\_internal\metadata\__init__.py
C:\opt\python-3.12.10-embed-amd64\Lib\site-packages\pip\_internal\metadata\importlib\_compat.py
C:\opt\python-3.12.10-embed-amd64\Lib\site-packages\pip\_internal\metadata\importlib\_dists.py
C:\opt\python-3.12.10-embed-amd64\Lib\site-packages\pip\_internal\metadata\importlib\_envs.py
C:\opt\python-3.12.10-embed-amd64\Lib\site-packages\pip\_internal\metadata\importlib\__init__.py
C:\opt\python-3.12.10-embed-amd64\Lib\site-packages\pip\_internal\metadata\importlib\__pycache__\_compat.cpython-312.pyc
C:\opt\python-3.12.10-embed-amd64\Lib\site-packages\pip\_internal\metadata\importlib\__pycache__\_dists.cpython-312.pyc
C:\opt\python-3.12.10-embed-amd64\Lib\site-packages\pip\_internal\metadata\importlib\__pycache__\_envs.cpython-312.pyc
C:\opt\python-3.12.10-embed-amd64\Lib\site-packages\pip\_internal\metadata\importlib\__pycache__\__init__.cpython-312.pyc
C:\opt\python-3.12.10-embed-amd64\Lib\site-packages\pip\_internal\metadata\__pycache__\base.cpython-312.pyc
C:\opt\python-3.12.10-embed-amd64\Lib\site-packages\pip\_internal\metadata\__pycache__\pkg_resources.cpython-312.pyc
C:\opt\python-3.12.10-embed-amd64\Lib\site-packages\pip\_internal\metadata\__pycache__\_json.cpython-312.pyc
C:\opt\python-3.12.10-embed-amd64\Lib\site-packages\pip\_internal\metadata\__pycache__\__init__.cpython-312.pyc
C:\opt\python-3.12.10-embed-amd64\Lib\site-packages\pip\_internal\models\candidate.py
C:\opt\python-3.12.10-embed-amd64\Lib\site-packages\pip\_internal\models\direct_url.py
C:\opt\python-3.12.10-embed-amd64\Lib\site-packages\pip\_internal\models\format_control.py
C:\opt\python-3.12.10-embed-amd64\Lib\site-packages\pip\_internal\models\index.py
C:\opt\python-3.12.10-embed-amd64\Lib\site-packages\pip\_internal\models\installation_report.py
C:\opt\python-3.12.10-embed-amd64\Lib\site-packages\pip\_internal\models\link.py
C:\opt\python-3.12.10-embed-amd64\Lib\site-packages\pip\_internal\models\release_control.py
C:\opt\python-3.12.10-embed-amd64\Lib\site-packages\pip\_internal\models\scheme.py
C:\opt\python-3.12.10-embed-amd64\Lib\site-packages\pip\_internal\models\search_scope.py
C:\opt\python-3.12.10-embed-amd64\Lib\site-packages\pip\_internal\models\selection_prefs.py
C:\opt\python-3.12.10-embed-amd64\Lib\site-packages\pip\_internal\models\target_python.py
C:\opt\python-3.12.10-embed-amd64\Lib\site-packages\pip\_internal\models\wheel.py
C:\opt\python-3.12.10-embed-amd64\Lib\site-packages\pip\_internal\models\__init__.py
C:\opt\python-3.12.10-embed-amd64\Lib\site-packages\pip\_internal\models\__pycache__\candidate.cpython-312.pyc
C:\opt\python-3.12.10-embed-amd64\Lib\site-packages\pip\_internal\models\__pycache__\direct_url.cpython-312.pyc
C:\opt\python-3.12.10-embed-amd64\Lib\site-packages\pip\_internal\models\__pycache__\format_control.cpython-312.pyc
C:\opt\python-3.12.10-embed-amd64\Lib\site-packages\pip\_internal\models\__pycache__\index.cpython-312.pyc
C:\opt\python-3.12.10-embed-amd64\Lib\site-packages\pip\_internal\models\__pycache__\installation_report.cpython-312.pyc
C:\opt\python-3.12.10-embed-amd64\Lib\site-packages\pip\_internal\models\__pycache__\link.cpython-312.pyc
C:\opt\python-3.12.10-embed-amd64\Lib\site-packages\pip\_internal\models\__pycache__\release_control.cpython-312.pyc
C:\opt\python-3.12.10-embed-amd64\Lib\site-packages\pip\_internal\models\__pycache__\scheme.cpython-312.pyc
C:\opt\python-3.12.10-embed-amd64\Lib\site-packages\pip\_internal\models\__pycache__\search_scope.cpython-312.pyc
C:\opt\python-3.12.10-embed-amd64\Lib\site-packages\pip\_internal\models\__pycache__\selection_prefs.cpython-312.pyc
C:\opt\python-3.12.10-embed-amd64\Lib\site-packages\pip\_internal\models\__pycache__\target_python.cpython-312.pyc
C:\opt\python-3.12.10-embed-amd64\Lib\site-packages\pip\_internal\models\__pycache__\wheel.cpython-312.pyc
C:\opt\python-3.12.10-embed-amd64\Lib\site-packages\pip\_internal\models\__pycache__\__init__.cpython-312.pyc
C:\opt\python-3.12.10-embed-amd64\Lib\site-packages\pip\_internal\network\auth.py
C:\opt\python-3.12.10-embed-amd64\Lib\site-packages\pip\_internal\network\cache.py
C:\opt\python-3.12.10-embed-amd64\Lib\site-packages\pip\_internal\network\download.py
C:\opt\python-3.12.10-embed-amd64\Lib\site-packages\pip\_internal\network\lazy_wheel.py
C:\opt\python-3.12.10-embed-amd64\Lib\site-packages\pip\_internal\network\session.py
C:\opt\python-3.12.10-embed-amd64\Lib\site-packages\pip\_internal\network\utils.py
C:\opt\python-3.12.10-embed-amd64\Lib\site-packages\pip\_internal\network\xmlrpc.py
C:\opt\python-3.12.10-embed-amd64\Lib\site-packages\pip\_internal\network\__init__.py
C:\opt\python-3.12.10-embed-amd64\Lib\site-packages\pip\_internal\network\__pycache__\auth.cpython-312.pyc
C:\opt\python-3.12.10-embed-amd64\Lib\site-packages\pip\_internal\network\__pycache__\cache.cpython-312.pyc
C:\opt\python-3.12.10-embed-amd64\Lib\site-packages\pip\_internal\network\__pycache__\download.cpython-312.pyc
C:\opt\python-3.12.10-embed-amd64\Lib\site-packages\pip\_internal\network\__pycache__\lazy_wheel.cpython-312.pyc
C:\opt\python-3.12.10-embed-amd64\Lib\site-packages\pip\_internal\network\__pycache__\session.cpython-312.pyc
C:\opt\python-3.12.10-embed-amd64\Lib\site-packages\pip\_internal\network\__pycache__\utils.cpython-312.pyc
C:\opt\python-3.12.10-embed-amd64\Lib\site-packages\pip\_internal\network\__pycache__\xmlrpc.cpython-312.pyc
C:\opt\python-3.12.10-embed-amd64\Lib\site-packages\pip\_internal\network\__pycache__\__init__.cpython-312.pyc
C:\opt\python-3.12.10-embed-amd64\Lib\site-packages\pip\_internal\operations\check.py
C:\opt\python-3.12.10-embed-amd64\Lib\site-packages\pip\_internal\operations\freeze.py
C:\opt\python-3.12.10-embed-amd64\Lib\site-packages\pip\_internal\operations\prepare.py
C:\opt\python-3.12.10-embed-amd64\Lib\site-packages\pip\_internal\operations\__init__.py
C:\opt\python-3.12.10-embed-amd64\Lib\site-packages\pip\_internal\operations\build\build_tracker.py
C:\opt\python-3.12.10-embed-amd64\Lib\site-packages\pip\_internal\operations\build\metadata.py
C:\opt\python-3.12.10-embed-amd64\Lib\site-packages\pip\_internal\operations\build\metadata_editable.py
C:\opt\python-3.12.10-embed-amd64\Lib\site-packages\pip\_internal\operations\build\wheel.py
C:\opt\python-3.12.10-embed-amd64\Lib\site-packages\pip\_internal\operations\build\wheel_editable.py
C:\opt\python-3.12.10-embed-amd64\Lib\site-packages\pip\_internal\operations\build\__init__.py
C:\opt\python-3.12.10-embed-amd64\Lib\site-packages\pip\_internal\operations\build\__pycache__\build_tracker.cpython-312.pyc
C:\opt\python-3.12.10-embed-amd64\Lib\site-packages\pip\_internal\operations\build\__pycache__\metadata.cpython-312.pyc
C:\opt\python-3.12.10-embed-amd64\Lib\site-packages\pip\_internal\operations\build\__pycache__\metadata_editable.cpython-312.pyc
C:\opt\python-3.12.10-embed-amd64\Lib\site-packages\pip\_internal\operations\build\__pycache__\wheel.cpython-312.pyc
C:\opt\python-3.12.10-embed-amd64\Lib\site-packages\pip\_internal\operations\build\__pycache__\wheel_editable.cpython-312.pyc
C:\opt\python-3.12.10-embed-amd64\Lib\site-packages\pip\_internal\operations\build\__pycache__\__init__.cpython-312.pyc
C:\opt\python-3.12.10-embed-amd64\Lib\site-packages\pip\_internal\operations\install\wheel.py
C:\opt\python-3.12.10-embed-amd64\Lib\site-packages\pip\_internal\operations\install\__init__.py
C:\opt\python-3.12.10-embed-amd64\Lib\site-packages\pip\_internal\operations\install\__pycache__\wheel.cpython-312.pyc
C:\opt\python-3.12.10-embed-amd64\Lib\site-packages\pip\_internal\operations\install\__pycache__\__init__.cpython-312.pyc
C:\opt\python-3.12.10-embed-amd64\Lib\site-packages\pip\_internal\operations\__pycache__\check.cpython-312.pyc
C:\opt\python-3.12.10-embed-amd64\Lib\site-packages\pip\_internal\operations\__pycache__\freeze.cpython-312.pyc
C:\opt\python-3.12.10-embed-amd64\Lib\site-packages\pip\_internal\operations\__pycache__\prepare.cpython-312.pyc
C:\opt\python-3.12.10-embed-amd64\Lib\site-packages\pip\_internal\operations\__pycache__\__init__.cpython-312.pyc
C:\opt\python-3.12.10-embed-amd64\Lib\site-packages\pip\_internal\req\constructors.py
C:\opt\python-3.12.10-embed-amd64\Lib\site-packages\pip\_internal\req\pep723.py
C:\opt\python-3.12.10-embed-amd64\Lib\site-packages\pip\_internal\req\req_dependency_group.py
C:\opt\python-3.12.10-embed-amd64\Lib\site-packages\pip\_internal\req\req_file.py
C:\opt\python-3.12.10-embed-amd64\Lib\site-packages\pip\_internal\req\req_install.py
C:\opt\python-3.12.10-embed-amd64\Lib\site-packages\pip\_internal\req\req_set.py
C:\opt\python-3.12.10-embed-amd64\Lib\site-packages\pip\_internal\req\req_uninstall.py
C:\opt\python-3.12.10-embed-amd64\Lib\site-packages\pip\_internal\req\__init__.py
C:\opt\python-3.12.10-embed-amd64\Lib\site-packages\pip\_internal\req\__pycache__\constructors.cpython-312.pyc
C:\opt\python-3.12.10-embed-amd64\Lib\site-packages\pip\_internal\req\__pycache__\pep723.cpython-312.pyc
C:\opt\python-3.12.10-embed-amd64\Lib\site-packages\pip\_internal\req\__pycache__\req_dependency_group.cpython-312.pyc
C:\opt\python-3.12.10-embed-amd64\Lib\site-packages\pip\_internal\req\__pycache__\req_file.cpython-312.pyc
C:\opt\python-3.12.10-embed-amd64\Lib\site-packages\pip\_internal\req\__pycache__\req_install.cpython-312.pyc
C:\opt\python-3.12.10-embed-amd64\Lib\site-packages\pip\_internal\req\__pycache__\req_set.cpython-312.pyc
C:\opt\python-3.12.10-embed-amd64\Lib\site-packages\pip\_internal\req\__pycache__\req_uninstall.cpython-312.pyc
C:\opt\python-3.12.10-embed-amd64\Lib\site-packages\pip\_internal\req\__pycache__\__init__.cpython-312.pyc
C:\opt\python-3.12.10-embed-amd64\Lib\site-packages\pip\_internal\resolution\base.py
C:\opt\python-3.12.10-embed-amd64\Lib\site-packages\pip\_internal\resolution\__init__.py
C:\opt\python-3.12.10-embed-amd64\Lib\site-packages\pip\_internal\resolution\legacy\resolver.py
C:\opt\python-3.12.10-embed-amd64\Lib\site-packages\pip\_internal\resolution\legacy\__init__.py
C:\opt\python-3.12.10-embed-amd64\Lib\site-packages\pip\_internal\resolution\legacy\__pycache__\resolver.cpython-312.pyc
C:\opt\python-3.12.10-embed-amd64\Lib\site-packages\pip\_internal\resolution\legacy\__pycache__\__init__.cpython-312.pyc
C:\opt\python-3.12.10-embed-amd64\Lib\site-packages\pip\_internal\resolution\resolvelib\base.py
C:\opt\python-3.12.10-embed-amd64\Lib\site-packages\pip\_internal\resolution\resolvelib\candidates.py
C:\opt\python-3.12.10-embed-amd64\Lib\site-packages\pip\_internal\resolution\resolvelib\factory.py
C:\opt\python-3.12.10-embed-amd64\Lib\site-packages\pip\_internal\resolution\resolvelib\found_candidates.py
C:\opt\python-3.12.10-embed-amd64\Lib\site-packages\pip\_internal\resolution\resolvelib\provider.py
C:\opt\python-3.12.10-embed-amd64\Lib\site-packages\pip\_internal\resolution\resolvelib\reporter.py
C:\opt\python-3.12.10-embed-amd64\Lib\site-packages\pip\_internal\resolution\resolvelib\requirements.py
C:\opt\python-3.12.10-embed-amd64\Lib\site-packages\pip\_internal\resolution\resolvelib\resolver.py
C:\opt\python-3.12.10-embed-amd64\Lib\site-packages\pip\_internal\resolution\resolvelib\__init__.py
C:\opt\python-3.12.10-embed-amd64\Lib\site-packages\pip\_internal\resolution\resolvelib\__pycache__\base.cpython-312.pyc
C:\opt\python-3.12.10-embed-amd64\Lib\site-packages\pip\_internal\resolution\resolvelib\__pycache__\candidates.cpython-312.pyc
C:\opt\python-3.12.10-embed-amd64\Lib\site-packages\pip\_internal\resolution\resolvelib\__pycache__\factory.cpython-312.pyc
C:\opt\python-3.12.10-embed-amd64\Lib\site-packages\pip\_internal\resolution\resolvelib\__pycache__\found_candidates.cpython-312.pyc
C:\opt\python-3.12.10-embed-amd64\Lib\site-packages\pip\_internal\resolution\resolvelib\__pycache__\provider.cpython-312.pyc
C:\opt\python-3.12.10-embed-amd64\Lib\site-packages\pip\_internal\resolution\resolvelib\__pycache__\reporter.cpython-312.pyc
C:\opt\python-3.12.10-embed-amd64\Lib\site-packages\pip\_internal\resolution\resolvelib\__pycache__\requirements.cpython-312.pyc
C:\opt\python-3.12.10-embed-amd64\Lib\site-packages\pip\_internal\resolution\resolvelib\__pycache__\resolver.cpython-312.pyc
C:\opt\python-3.12.10-embed-amd64\Lib\site-packages\pip\_internal\resolution\resolvelib\__pycache__\__init__.cpython-312.pyc
C:\opt\python-3.12.10-embed-amd64\Lib\site-packages\pip\_internal\resolution\__pycache__\base.cpython-312.pyc
C:\opt\python-3.12.10-embed-amd64\Lib\site-packages\pip\_internal\resolution\__pycache__\__init__.cpython-312.pyc
C:\opt\python-3.12.10-embed-amd64\Lib\site-packages\pip\_internal\utils\appdirs.py
C:\opt\python-3.12.10-embed-amd64\Lib\site-packages\pip\_internal\utils\compat.py
C:\opt\python-3.12.10-embed-amd64\Lib\site-packages\pip\_internal\utils\compatibility_tags.py
C:\opt\python-3.12.10-embed-amd64\Lib\site-packages\pip\_internal\utils\datetime.py
C:\opt\python-3.12.10-embed-amd64\Lib\site-packages\pip\_internal\utils\deprecation.py
C:\opt\python-3.12.10-embed-amd64\Lib\site-packages\pip\_internal\utils\direct_url_helpers.py
C:\opt\python-3.12.10-embed-amd64\Lib\site-packages\pip\_internal\utils\egg_link.py
C:\opt\python-3.12.10-embed-amd64\Lib\site-packages\pip\_internal\utils\entrypoints.py
C:\opt\python-3.12.10-embed-amd64\Lib\site-packages\pip\_internal\utils\filesystem.py
C:\opt\python-3.12.10-embed-amd64\Lib\site-packages\pip\_internal\utils\filetypes.py
C:\opt\python-3.12.10-embed-amd64\Lib\site-packages\pip\_internal\utils\glibc.py
C:\opt\python-3.12.10-embed-amd64\Lib\site-packages\pip\_internal\utils\hashes.py
C:\opt\python-3.12.10-embed-amd64\Lib\site-packages\pip\_internal\utils\logging.py
C:\opt\python-3.12.10-embed-amd64\Lib\site-packages\pip\_internal\utils\misc.py
C:\opt\python-3.12.10-embed-amd64\Lib\site-packages\pip\_internal\utils\packaging.py
C:\opt\python-3.12.10-embed-amd64\Lib\site-packages\pip\_internal\utils\pylock.py
C:\opt\python-3.12.10-embed-amd64\Lib\site-packages\pip\_internal\utils\retry.py
C:\opt\python-3.12.10-embed-amd64\Lib\site-packages\pip\_internal\utils\subprocess.py
C:\opt\python-3.12.10-embed-amd64\Lib\site-packages\pip\_internal\utils\temp_dir.py
C:\opt\python-3.12.10-embed-amd64\Lib\site-packages\pip\_internal\utils\unpacking.py
C:\opt\python-3.12.10-embed-amd64\Lib\site-packages\pip\_internal\utils\urls.py
C:\opt\python-3.12.10-embed-amd64\Lib\site-packages\pip\_internal\utils\virtualenv.py
C:\opt\python-3.12.10-embed-amd64\Lib\site-packages\pip\_internal\utils\wheel.py
C:\opt\python-3.12.10-embed-amd64\Lib\site-packages\pip\_internal\utils\_jaraco_text.py
C:\opt\python-3.12.10-embed-amd64\Lib\site-packages\pip\_internal\utils\_log.py
C:\opt\python-3.12.10-embed-amd64\Lib\site-packages\pip\_internal\utils\__init__.py
C:\opt\python-3.12.10-embed-amd64\Lib\site-packages\pip\_internal\utils\__pycache__\appdirs.cpython-312.pyc
C:\opt\python-3.12.10-embed-amd64\Lib\site-packages\pip\_internal\utils\__pycache__\compat.cpython-312.pyc
C:\opt\python-3.12.10-embed-amd64\Lib\site-packages\pip\_internal\utils\__pycache__\compatibility_tags.cpython-312.pyc
C:\opt\python-3.12.10-embed-amd64\Lib\site-packages\pip\_internal\utils\__pycache__\datetime.cpython-312.pyc
C:\opt\python-3.12.10-embed-amd64\Lib\site-packages\pip\_internal\utils\__pycache__\deprecation.cpython-312.pyc
C:\opt\python-3.12.10-embed-amd64\Lib\site-packages\pip\_internal\utils\__pycache__\direct_url_helpers.cpython-312.pyc
C:\opt\python-3.12.10-embed-amd64\Lib\site-packages\pip\_internal\utils\__pycache__\egg_link.cpython-312.pyc
C:\opt\python-3.12.10-embed-amd64\Lib\site-packages\pip\_internal\utils\__pycache__\entrypoints.cpython-312.pyc
C:\opt\python-3.12.10-embed-amd64\Lib\site-packages\pip\_internal\utils\__pycache__\filesystem.cpython-312.pyc
C:\opt\python-3.12.10-embed-amd64\Lib\site-packages\pip\_internal\utils\__pycache__\filetypes.cpython-312.pyc
C:\opt\python-3.12.10-embed-amd64\Lib\site-packages\pip\_internal\utils\__pycache__\glibc.cpython-312.pyc
C:\opt\python-3.12.10-embed-amd64\Lib\site-packages\pip\_internal\utils\__pycache__\hashes.cpython-312.pyc
C:\opt\python-3.12.10-embed-amd64\Lib\site-packages\pip\_internal\utils\__pycache__\logging.cpython-312.pyc
C:\opt\python-3.12.10-embed-amd64\Lib\site-packages\pip\_internal\utils\__pycache__\misc.cpython-312.pyc
C:\opt\python-3.12.10-embed-amd64\Lib\site-packages\pip\_internal\utils\__pycache__\packaging.cpython-312.pyc
C:\opt\python-3.12.10-embed-amd64\Lib\site-packages\pip\_internal\utils\__pycache__\pylock.cpython-312.pyc
C:\opt\python-3.12.10-embed-amd64\Lib\site-packages\pip\_internal\utils\__pycache__\retry.cpython-312.pyc
C:\opt\python-3.12.10-embed-amd64\Lib\site-packages\pip\_internal\utils\__pycache__\subprocess.cpython-312.pyc
C:\opt\python-3.12.10-embed-amd64\Lib\site-packages\pip\_internal\utils\__pycache__\temp_dir.cpython-312.pyc
C:\opt\python-3.12.10-embed-amd64\Lib\site-packages\pip\_internal\utils\__pycache__\unpacking.cpython-312.pyc
C:\opt\python-3.12.10-embed-amd64\Lib\site-packages\pip\_internal\utils\__pycache__\urls.cpython-312.pyc
C:\opt\python-3.12.10-embed-amd64\Lib\site-packages\pip\_internal\utils\__pycache__\virtualenv.cpython-312.pyc
C:\opt\python-3.12.10-embed-amd64\Lib\site-packages\pip\_internal\utils\__pycache__\wheel.cpython-312.pyc
C:\opt\python-3.12.10-embed-amd64\Lib\site-packages\pip\_internal\utils\__pycache__\_jaraco_text.cpython-312.pyc
C:\opt\python-3.12.10-embed-amd64\Lib\site-packages\pip\_internal\utils\__pycache__\_log.cpython-312.pyc
C:\opt\python-3.12.10-embed-amd64\Lib\site-packages\pip\_internal\utils\__pycache__\__init__.cpython-312.pyc
C:\opt\python-3.12.10-embed-amd64\Lib\site-packages\pip\_internal\vcs\bazaar.py
C:\opt\python-3.12.10-embed-amd64\Lib\site-packages\pip\_internal\vcs\git.py
C:\opt\python-3.12.10-embed-amd64\Lib\site-packages\pip\_internal\vcs\mercurial.py
C:\opt\python-3.12.10-embed-amd64\Lib\site-packages\pip\_internal\vcs\subversion.py
C:\opt\python-3.12.10-embed-amd64\Lib\site-packages\pip\_internal\vcs\versioncontrol.py
C:\opt\python-3.12.10-embed-amd64\Lib\site-packages\pip\_internal\vcs\__init__.py
C:\opt\python-3.12.10-embed-amd64\Lib\site-packages\pip\_internal\vcs\__pycache__\bazaar.cpython-312.pyc
C:\opt\python-3.12.10-embed-amd64\Lib\site-packages\pip\_internal\vcs\__pycache__\git.cpython-312.pyc
C:\opt\python-3.12.10-embed-amd64\Lib\site-packages\pip\_internal\vcs\__pycache__\mercurial.cpython-312.pyc
C:\opt\python-3.12.10-embed-amd64\Lib\site-packages\pip\_internal\vcs\__pycache__\subversion.cpython-312.pyc
C:\opt\python-3.12.10-embed-amd64\Lib\site-packages\pip\_internal\vcs\__pycache__\versioncontrol.cpython-312.pyc
C:\opt\python-3.12.10-embed-amd64\Lib\site-packages\pip\_internal\vcs\__pycache__\__init__.cpython-312.pyc
C:\opt\python-3.12.10-embed-amd64\Lib\site-packages\pip\_internal\__pycache__\cache.cpython-312.pyc
C:\opt\python-3.12.10-embed-amd64\Lib\site-packages\pip\_internal\__pycache__\configuration.cpython-312.pyc
C:\opt\python-3.12.10-embed-amd64\Lib\site-packages\pip\_internal\__pycache__\exceptions.cpython-312.pyc
C:\opt\python-3.12.10-embed-amd64\Lib\site-packages\pip\_internal\__pycache__\main.cpython-312.pyc
C:\opt\python-3.12.10-embed-amd64\Lib\site-packages\pip\_internal\__pycache__\pyproject.cpython-312.pyc
C:\opt\python-3.12.10-embed-amd64\Lib\site-packages\pip\_internal\__pycache__\self_outdated_check.cpython-312.pyc
C:\opt\python-3.12.10-embed-amd64\Lib\site-packages\pip\_internal\__pycache__\wheel_builder.cpython-312.pyc
C:\opt\python-3.12.10-embed-amd64\Lib\site-packages\pip\_internal\__pycache__\__init__.cpython-312.pyc
C:\opt\python-3.12.10-embed-amd64\Lib\site-packages\pip\_vendor\bom.cdx.json
C:\opt\python-3.12.10-embed-amd64\Lib\site-packages\pip\_vendor\README.rst
C:\opt\python-3.12.10-embed-amd64\Lib\site-packages\pip\_vendor\vendor.txt
C:\opt\python-3.12.10-embed-amd64\Lib\site-packages\pip\_vendor\__init__.py
C:\opt\python-3.12.10-embed-amd64\Lib\site-packages\pip\_vendor\cachecontrol\adapter.py
C:\opt\python-3.12.10-embed-amd64\Lib\site-packages\pip\_vendor\cachecontrol\cache.py
C:\opt\python-3.12.10-embed-amd64\Lib\site-packages\pip\_vendor\cachecontrol\controller.py
C:\opt\python-3.12.10-embed-amd64\Lib\site-packages\pip\_vendor\cachecontrol\filewrapper.py
C:\opt\python-3.12.10-embed-amd64\Lib\site-packages\pip\_vendor\cachecontrol\heuristics.py
C:\opt\python-3.12.10-embed-amd64\Lib\site-packages\pip\_vendor\cachecontrol\LICENSE.txt
C:\opt\python-3.12.10-embed-amd64\Lib\site-packages\pip\_vendor\cachecontrol\py.typed
C:\opt\python-3.12.10-embed-amd64\Lib\site-packages\pip\_vendor\cachecontrol\serialize.py
C:\opt\python-3.12.10-embed-amd64\Lib\site-packages\pip\_vendor\cachecontrol\wrapper.py
C:\opt\python-3.12.10-embed-amd64\Lib\site-packages\pip\_vendor\cachecontrol\_cmd.py
C:\opt\python-3.12.10-embed-amd64\Lib\site-packages\pip\_vendor\cachecontrol\__init__.py
C:\opt\python-3.12.10-embed-amd64\Lib\site-packages\pip\_vendor\cachecontrol\caches\file_cache.py
C:\opt\python-3.12.10-embed-amd64\Lib\site-packages\pip\_vendor\cachecontrol\caches\redis_cache.py
C:\opt\python-3.12.10-embed-amd64\Lib\site-packages\pip\_vendor\cachecontrol\caches\__init__.py
C:\opt\python-3.12.10-embed-amd64\Lib\site-packages\pip\_vendor\cachecontrol\caches\__pycache__\file_cache.cpython-312.pyc
C:\opt\python-3.12.10-embed-amd64\Lib\site-packages\pip\_vendor\cachecontrol\caches\__pycache__\redis_cache.cpython-312.pyc
C:\opt\python-3.12.10-embed-amd64\Lib\site-packages\pip\_vendor\cachecontrol\caches\__pycache__\__init__.cpython-312.pyc
C:\opt\python-3.12.10-embed-amd64\Lib\site-packages\pip\_vendor\cachecontrol\__pycache__\adapter.cpython-312.pyc
C:\opt\python-3.12.10-embed-amd64\Lib\site-packages\pip\_vendor\cachecontrol\__pycache__\cache.cpython-312.pyc
C:\opt\python-3.12.10-embed-amd64\Lib\site-packages\pip\_vendor\cachecontrol\__pycache__\controller.cpython-312.pyc
C:\opt\python-3.12.10-embed-amd64\Lib\site-packages\pip\_vendor\cachecontrol\__pycache__\filewrapper.cpython-312.pyc
C:\opt\python-3.12.10-embed-amd64\Lib\site-packages\pip\_vendor\cachecontrol\__pycache__\heuristics.cpython-312.pyc
C:\opt\python-3.12.10-embed-amd64\Lib\site-packages\pip\_vendor\cachecontrol\__pycache__\serialize.cpython-312.pyc
C:\opt\python-3.12.10-embed-amd64\Lib\site-packages\pip\_vendor\cachecontrol\__pycache__\wrapper.cpython-312.pyc
C:\opt\python-3.12.10-embed-amd64\Lib\site-packages\pip\_vendor\cachecontrol\__pycache__\_cmd.cpython-312.pyc
C:\opt\python-3.12.10-embed-amd64\Lib\site-packages\pip\_vendor\cachecontrol\__pycache__\__init__.cpython-312.pyc
C:\opt\python-3.12.10-embed-amd64\Lib\site-packages\pip\_vendor\certifi\cacert.pem
C:\opt\python-3.12.10-embed-amd64\Lib\site-packages\pip\_vendor\certifi\core.py
C:\opt\python-3.12.10-embed-amd64\Lib\site-packages\pip\_vendor\certifi\LICENSE
C:\opt\python-3.12.10-embed-amd64\Lib\site-packages\pip\_vendor\certifi\py.typed
C:\opt\python-3.12.10-embed-amd64\Lib\site-packages\pip\_vendor\certifi\__init__.py
C:\opt\python-3.12.10-embed-amd64\Lib\site-packages\pip\_vendor\certifi\__main__.py
C:\opt\python-3.12.10-embed-amd64\Lib\site-packages\pip\_vendor\certifi\__pycache__\core.cpython-312.pyc
C:\opt\python-3.12.10-embed-amd64\Lib\site-packages\pip\_vendor\certifi\__pycache__\__init__.cpython-312.pyc
C:\opt\python-3.12.10-embed-amd64\Lib\site-packages\pip\_vendor\certifi\__pycache__\__main__.cpython-312.pyc
C:\opt\python-3.12.10-embed-amd64\Lib\site-packages\pip\_vendor\distlib\compat.py
C:\opt\python-3.12.10-embed-amd64\Lib\site-packages\pip\_vendor\distlib\LICENSE.txt
C:\opt\python-3.12.10-embed-amd64\Lib\site-packages\pip\_vendor\distlib\resources.py
C:\opt\python-3.12.10-embed-amd64\Lib\site-packages\pip\_vendor\distlib\scripts.py
C:\opt\python-3.12.10-embed-amd64\Lib\site-packages\pip\_vendor\distlib\t32.exe
C:\opt\python-3.12.10-embed-amd64\Lib\site-packages\pip\_vendor\distlib\t64-arm.exe
C:\opt\python-3.12.10-embed-amd64\Lib\site-packages\pip\_vendor\distlib\t64.exe
C:\opt\python-3.12.10-embed-amd64\Lib\site-packages\pip\_vendor\distlib\util.py
C:\opt\python-3.12.10-embed-amd64\Lib\site-packages\pip\_vendor\distlib\w32.exe
C:\opt\python-3.12.10-embed-amd64\Lib\site-packages\pip\_vendor\distlib\w64-arm.exe
C:\opt\python-3.12.10-embed-amd64\Lib\site-packages\pip\_vendor\distlib\w64.exe
C:\opt\python-3.12.10-embed-amd64\Lib\site-packages\pip\_vendor\distlib\__init__.py
C:\opt\python-3.12.10-embed-amd64\Lib\site-packages\pip\_vendor\distlib\__pycache__\compat.cpython-312.pyc
C:\opt\python-3.12.10-embed-amd64\Lib\site-packages\pip\_vendor\distlib\__pycache__\resources.cpython-312.pyc
C:\opt\python-3.12.10-embed-amd64\Lib\site-packages\pip\_vendor\distlib\__pycache__\scripts.cpython-312.pyc
C:\opt\python-3.12.10-embed-amd64\Lib\site-packages\pip\_vendor\distlib\__pycache__\util.cpython-312.pyc
C:\opt\python-3.12.10-embed-amd64\Lib\site-packages\pip\_vendor\distlib\__pycache__\__init__.cpython-312.pyc
C:\opt\python-3.12.10-embed-amd64\Lib\site-packages\pip\_vendor\distro\distro.py
C:\opt\python-3.12.10-embed-amd64\Lib\site-packages\pip\_vendor\distro\LICENSE
C:\opt\python-3.12.10-embed-amd64\Lib\site-packages\pip\_vendor\distro\py.typed
C:\opt\python-3.12.10-embed-amd64\Lib\site-packages\pip\_vendor\distro\__init__.py
C:\opt\python-3.12.10-embed-amd64\Lib\site-packages\pip\_vendor\distro\__main__.py
C:\opt\python-3.12.10-embed-amd64\Lib\site-packages\pip\_vendor\distro\__pycache__\distro.cpython-312.pyc
C:\opt\python-3.12.10-embed-amd64\Lib\site-packages\pip\_vendor\distro\__pycache__\__init__.cpython-312.pyc
C:\opt\python-3.12.10-embed-amd64\Lib\site-packages\pip\_vendor\distro\__pycache__\__main__.cpython-312.pyc
C:\opt\python-3.12.10-embed-amd64\Lib\site-packages\pip\_vendor\idna\cli.py
C:\opt\python-3.12.10-embed-amd64\Lib\site-packages\pip\_vendor\idna\codec.py
C:\opt\python-3.12.10-embed-amd64\Lib\site-packages\pip\_vendor\idna\compat.py
C:\opt\python-3.12.10-embed-amd64\Lib\site-packages\pip\_vendor\idna\core.py
C:\opt\python-3.12.10-embed-amd64\Lib\site-packages\pip\_vendor\idna\idnadata.py
C:\opt\python-3.12.10-embed-amd64\Lib\site-packages\pip\_vendor\idna\intranges.py
C:\opt\python-3.12.10-embed-amd64\Lib\site-packages\pip\_vendor\idna\LICENSE.md
C:\opt\python-3.12.10-embed-amd64\Lib\site-packages\pip\_vendor\idna\package_data.py
C:\opt\python-3.12.10-embed-amd64\Lib\site-packages\pip\_vendor\idna\py.typed
C:\opt\python-3.12.10-embed-amd64\Lib\site-packages\pip\_vendor\idna\uts46data.py
C:\opt\python-3.12.10-embed-amd64\Lib\site-packages\pip\_vendor\idna\__init__.py
C:\opt\python-3.12.10-embed-amd64\Lib\site-packages\pip\_vendor\idna\__main__.py
C:\opt\python-3.12.10-embed-amd64\Lib\site-packages\pip\_vendor\idna\__pycache__\cli.cpython-312.pyc
C:\opt\python-3.12.10-embed-amd64\Lib\site-packages\pip\_vendor\idna\__pycache__\codec.cpython-312.pyc
C:\opt\python-3.12.10-embed-amd64\Lib\site-packages\pip\_vendor\idna\__pycache__\compat.cpython-312.pyc
C:\opt\python-3.12.10-embed-amd64\Lib\site-packages\pip\_vendor\idna\__pycache__\core.cpython-312.pyc
C:\opt\python-3.12.10-embed-amd64\Lib\site-packages\pip\_vendor\idna\__pycache__\idnadata.cpython-312.pyc
C:\opt\python-3.12.10-embed-amd64\Lib\site-packages\pip\_vendor\idna\__pycache__\intranges.cpython-312.pyc
C:\opt\python-3.12.10-embed-amd64\Lib\site-packages\pip\_vendor\idna\__pycache__\package_data.cpython-312.pyc
C:\opt\python-3.12.10-embed-amd64\Lib\site-packages\pip\_vendor\idna\__pycache__\uts46data.cpython-312.pyc
C:\opt\python-3.12.10-embed-amd64\Lib\site-packages\pip\_vendor\idna\__pycache__\__init__.cpython-312.pyc
C:\opt\python-3.12.10-embed-amd64\Lib\site-packages\pip\_vendor\idna\__pycache__\__main__.cpython-312.pyc
C:\opt\python-3.12.10-embed-amd64\Lib\site-packages\pip\_vendor\msgpack\COPYING
C:\opt\python-3.12.10-embed-amd64\Lib\site-packages\pip\_vendor\msgpack\exceptions.py
C:\opt\python-3.12.10-embed-amd64\Lib\site-packages\pip\_vendor\msgpack\ext.py
C:\opt\python-3.12.10-embed-amd64\Lib\site-packages\pip\_vendor\msgpack\fallback.py
C:\opt\python-3.12.10-embed-amd64\Lib\site-packages\pip\_vendor\msgpack\__init__.py
C:\opt\python-3.12.10-embed-amd64\Lib\site-packages\pip\_vendor\msgpack\__pycache__\exceptions.cpython-312.pyc
C:\opt\python-3.12.10-embed-amd64\Lib\site-packages\pip\_vendor\msgpack\__pycache__\ext.cpython-312.pyc
C:\opt\python-3.12.10-embed-amd64\Lib\site-packages\pip\_vendor\msgpack\__pycache__\fallback.cpython-312.pyc
C:\opt\python-3.12.10-embed-amd64\Lib\site-packages\pip\_vendor\msgpack\__pycache__\__init__.cpython-312.pyc
C:\opt\python-3.12.10-embed-amd64\Lib\site-packages\pip\_vendor\packaging\dependency_groups.py
C:\opt\python-3.12.10-embed-amd64\Lib\site-packages\pip\_vendor\packaging\direct_url.py
C:\opt\python-3.12.10-embed-amd64\Lib\site-packages\pip\_vendor\packaging\errors.py
C:\opt\python-3.12.10-embed-amd64\Lib\site-packages\pip\_vendor\packaging\LICENSE
C:\opt\python-3.12.10-embed-amd64\Lib\site-packages\pip\_vendor\packaging\LICENSE.APACHE
C:\opt\python-3.12.10-embed-amd64\Lib\site-packages\pip\_vendor\packaging\LICENSE.BSD
C:\opt\python-3.12.10-embed-amd64\Lib\site-packages\pip\_vendor\packaging\markers.py
C:\opt\python-3.12.10-embed-amd64\Lib\site-packages\pip\_vendor\packaging\metadata.py
C:\opt\python-3.12.10-embed-amd64\Lib\site-packages\pip\_vendor\packaging\py.typed
C:\opt\python-3.12.10-embed-amd64\Lib\site-packages\pip\_vendor\packaging\pylock.py
C:\opt\python-3.12.10-embed-amd64\Lib\site-packages\pip\_vendor\packaging\requirements.py
C:\opt\python-3.12.10-embed-amd64\Lib\site-packages\pip\_vendor\packaging\specifiers.py
C:\opt\python-3.12.10-embed-amd64\Lib\site-packages\pip\_vendor\packaging\tags.py
C:\opt\python-3.12.10-embed-amd64\Lib\site-packages\pip\_vendor\packaging\utils.py
C:\opt\python-3.12.10-embed-amd64\Lib\site-packages\pip\_vendor\packaging\version.py
C:\opt\python-3.12.10-embed-amd64\Lib\site-packages\pip\_vendor\packaging\_elffile.py
C:\opt\python-3.12.10-embed-amd64\Lib\site-packages\pip\_vendor\packaging\_manylinux.py
C:\opt\python-3.12.10-embed-amd64\Lib\site-packages\pip\_vendor\packaging\_musllinux.py
C:\opt\python-3.12.10-embed-amd64\Lib\site-packages\pip\_vendor\packaging\_parser.py
C:\opt\python-3.12.10-embed-amd64\Lib\site-packages\pip\_vendor\packaging\_structures.py
C:\opt\python-3.12.10-embed-amd64\Lib\site-packages\pip\_vendor\packaging\_tokenizer.py
C:\opt\python-3.12.10-embed-amd64\Lib\site-packages\pip\_vendor\packaging\__init__.py
C:\opt\python-3.12.10-embed-amd64\Lib\site-packages\pip\_vendor\packaging\licenses\_spdx.py
C:\opt\python-3.12.10-embed-amd64\Lib\site-packages\pip\_vendor\packaging\licenses\__init__.py
C:\opt\python-3.12.10-embed-amd64\Lib\site-packages\pip\_vendor\packaging\licenses\__pycache__\_spdx.cpython-312.pyc
C:\opt\python-3.12.10-embed-amd64\Lib\site-packages\pip\_vendor\packaging\licenses\__pycache__\__init__.cpython-312.pyc
C:\opt\python-3.12.10-embed-amd64\Lib\site-packages\pip\_vendor\packaging\__pycache__\dependency_groups.cpython-312.pyc
C:\opt\python-3.12.10-embed-amd64\Lib\site-packages\pip\_vendor\packaging\__pycache__\direct_url.cpython-312.pyc
C:\opt\python-3.12.10-embed-amd64\Lib\site-packages\pip\_vendor\packaging\__pycache__\errors.cpython-312.pyc
C:\opt\python-3.12.10-embed-amd64\Lib\site-packages\pip\_vendor\packaging\__pycache__\markers.cpython-312.pyc
C:\opt\python-3.12.10-embed-amd64\Lib\site-packages\pip\_vendor\packaging\__pycache__\metadata.cpython-312.pyc
C:\opt\python-3.12.10-embed-amd64\Lib\site-packages\pip\_vendor\packaging\__pycache__\pylock.cpython-312.pyc
C:\opt\python-3.12.10-embed-amd64\Lib\site-packages\pip\_vendor\packaging\__pycache__\requirements.cpython-312.pyc
C:\opt\python-3.12.10-embed-amd64\Lib\site-packages\pip\_vendor\packaging\__pycache__\specifiers.cpython-312.pyc
C:\opt\python-3.12.10-embed-amd64\Lib\site-packages\pip\_vendor\packaging\__pycache__\tags.cpython-312.pyc
C:\opt\python-3.12.10-embed-amd64\Lib\site-packages\pip\_vendor\packaging\__pycache__\utils.cpython-312.pyc
C:\opt\python-3.12.10-embed-amd64\Lib\site-packages\pip\_vendor\packaging\__pycache__\version.cpython-312.pyc
C:\opt\python-3.12.10-embed-amd64\Lib\site-packages\pip\_vendor\packaging\__pycache__\_elffile.cpython-312.pyc
C:\opt\python-3.12.10-embed-amd64\Lib\site-packages\pip\_vendor\packaging\__pycache__\_manylinux.cpython-312.pyc
C:\opt\python-3.12.10-embed-amd64\Lib\site-packages\pip\_vendor\packaging\__pycache__\_musllinux.cpython-312.pyc
C:\opt\python-3.12.10-embed-amd64\Lib\site-packages\pip\_vendor\packaging\__pycache__\_parser.cpython-312.pyc
C:\opt\python-3.12.10-embed-amd64\Lib\site-packages\pip\_vendor\packaging\__pycache__\_structures.cpython-312.pyc
C:\opt\python-3.12.10-embed-amd64\Lib\site-packages\pip\_vendor\packaging\__pycache__\_tokenizer.cpython-312.pyc
C:\opt\python-3.12.10-embed-amd64\Lib\site-packages\pip\_vendor\packaging\__pycache__\__init__.cpython-312.pyc
C:\opt\python-3.12.10-embed-amd64\Lib\site-packages\pip\_vendor\pkg_resources\LICENSE
C:\opt\python-3.12.10-embed-amd64\Lib\site-packages\pip\_vendor\pkg_resources\__init__.py
C:\opt\python-3.12.10-embed-amd64\Lib\site-packages\pip\_vendor\pkg_resources\__pycache__\__init__.cpython-312.pyc
C:\opt\python-3.12.10-embed-amd64\Lib\site-packages\pip\_vendor\platformdirs\android.py
C:\opt\python-3.12.10-embed-amd64\Lib\site-packages\pip\_vendor\platformdirs\api.py
C:\opt\python-3.12.10-embed-amd64\Lib\site-packages\pip\_vendor\platformdirs\LICENSE
C:\opt\python-3.12.10-embed-amd64\Lib\site-packages\pip\_vendor\platformdirs\macos.py
C:\opt\python-3.12.10-embed-amd64\Lib\site-packages\pip\_vendor\platformdirs\py.typed
C:\opt\python-3.12.10-embed-amd64\Lib\site-packages\pip\_vendor\platformdirs\unix.py
C:\opt\python-3.12.10-embed-amd64\Lib\site-packages\pip\_vendor\platformdirs\version.py
C:\opt\python-3.12.10-embed-amd64\Lib\site-packages\pip\_vendor\platformdirs\windows.py
C:\opt\python-3.12.10-embed-amd64\Lib\site-packages\pip\_vendor\platformdirs\_xdg.py
C:\opt\python-3.12.10-embed-amd64\Lib\site-packages\pip\_vendor\platformdirs\__init__.py
C:\opt\python-3.12.10-embed-amd64\Lib\site-packages\pip\_vendor\platformdirs\__main__.py
C:\opt\python-3.12.10-embed-amd64\Lib\site-packages\pip\_vendor\platformdirs\__pycache__\android.cpython-312.pyc
C:\opt\python-3.12.10-embed-amd64\Lib\site-packages\pip\_vendor\platformdirs\__pycache__\api.cpython-312.pyc
C:\opt\python-3.12.10-embed-amd64\Lib\site-packages\pip\_vendor\platformdirs\__pycache__\macos.cpython-312.pyc
C:\opt\python-3.12.10-embed-amd64\Lib\site-packages\pip\_vendor\platformdirs\__pycache__\unix.cpython-312.pyc
C:\opt\python-3.12.10-embed-amd64\Lib\site-packages\pip\_vendor\platformdirs\__pycache__\version.cpython-312.pyc
C:\opt\python-3.12.10-embed-amd64\Lib\site-packages\pip\_vendor\platformdirs\__pycache__\windows.cpython-312.pyc
C:\opt\python-3.12.10-embed-amd64\Lib\site-packages\pip\_vendor\platformdirs\__pycache__\_xdg.cpython-312.pyc
C:\opt\python-3.12.10-embed-amd64\Lib\site-packages\pip\_vendor\platformdirs\__pycache__\__init__.cpython-312.pyc
C:\opt\python-3.12.10-embed-amd64\Lib\site-packages\pip\_vendor\platformdirs\__pycache__\__main__.cpython-312.pyc
C:\opt\python-3.12.10-embed-amd64\Lib\site-packages\pip\_vendor\pygments\console.py
C:\opt\python-3.12.10-embed-amd64\Lib\site-packages\pip\_vendor\pygments\filter.py
C:\opt\python-3.12.10-embed-amd64\Lib\site-packages\pip\_vendor\pygments\formatter.py
C:\opt\python-3.12.10-embed-amd64\Lib\site-packages\pip\_vendor\pygments\lexer.py
C:\opt\python-3.12.10-embed-amd64\Lib\site-packages\pip\_vendor\pygments\LICENSE
C:\opt\python-3.12.10-embed-amd64\Lib\site-packages\pip\_vendor\pygments\modeline.py
C:\opt\python-3.12.10-embed-amd64\Lib\site-packages\pip\_vendor\pygments\plugin.py
C:\opt\python-3.12.10-embed-amd64\Lib\site-packages\pip\_vendor\pygments\regexopt.py
C:\opt\python-3.12.10-embed-amd64\Lib\site-packages\pip\_vendor\pygments\scanner.py
C:\opt\python-3.12.10-embed-amd64\Lib\site-packages\pip\_vendor\pygments\sphinxext.py
C:\opt\python-3.12.10-embed-amd64\Lib\site-packages\pip\_vendor\pygments\style.py
C:\opt\python-3.12.10-embed-amd64\Lib\site-packages\pip\_vendor\pygments\token.py
C:\opt\python-3.12.10-embed-amd64\Lib\site-packages\pip\_vendor\pygments\unistring.py
C:\opt\python-3.12.10-embed-amd64\Lib\site-packages\pip\_vendor\pygments\util.py
C:\opt\python-3.12.10-embed-amd64\Lib\site-packages\pip\_vendor\pygments\__init__.py
C:\opt\python-3.12.10-embed-amd64\Lib\site-packages\pip\_vendor\pygments\__main__.py
C:\opt\python-3.12.10-embed-amd64\Lib\site-packages\pip\_vendor\pygments\filters\__init__.py
C:\opt\python-3.12.10-embed-amd64\Lib\site-packages\pip\_vendor\pygments\filters\__pycache__\__init__.cpython-312.pyc
C:\opt\python-3.12.10-embed-amd64\Lib\site-packages\pip\_vendor\pygments\formatters\_mapping.py
C:\opt\python-3.12.10-embed-amd64\Lib\site-packages\pip\_vendor\pygments\formatters\__init__.py
C:\opt\python-3.12.10-embed-amd64\Lib\site-packages\pip\_vendor\pygments\formatters\__pycache__\_mapping.cpython-312.pyc
C:\opt\python-3.12.10-embed-amd64\Lib\site-packages\pip\_vendor\pygments\formatters\__pycache__\__init__.cpython-312.pyc
C:\opt\python-3.12.10-embed-amd64\Lib\site-packages\pip\_vendor\pygments\lexers\python.py
C:\opt\python-3.12.10-embed-amd64\Lib\site-packages\pip\_vendor\pygments\lexers\_mapping.py
C:\opt\python-3.12.10-embed-amd64\Lib\site-packages\pip\_vendor\pygments\lexers\__init__.py
C:\opt\python-3.12.10-embed-amd64\Lib\site-packages\pip\_vendor\pygments\lexers\__pycache__\python.cpython-312.pyc
C:\opt\python-3.12.10-embed-amd64\Lib\site-packages\pip\_vendor\pygments\lexers\__pycache__\_mapping.cpython-312.pyc
C:\opt\python-3.12.10-embed-amd64\Lib\site-packages\pip\_vendor\pygments\lexers\__pycache__\__init__.cpython-312.pyc
C:\opt\python-3.12.10-embed-amd64\Lib\site-packages\pip\_vendor\pygments\styles\_mapping.py
C:\opt\python-3.12.10-embed-amd64\Lib\site-packages\pip\_vendor\pygments\styles\__init__.py
C:\opt\python-3.12.10-embed-amd64\Lib\site-packages\pip\_vendor\pygments\styles\__pycache__\_mapping.cpython-312.pyc
C:\opt\python-3.12.10-embed-amd64\Lib\site-packages\pip\_vendor\pygments\styles\__pycache__\__init__.cpython-312.pyc
C:\opt\python-3.12.10-embed-amd64\Lib\site-packages\pip\_vendor\pygments\__pycache__\console.cpython-312.pyc
C:\opt\python-3.12.10-embed-amd64\Lib\site-packages\pip\_vendor\pygments\__pycache__\filter.cpython-312.pyc
C:\opt\python-3.12.10-embed-amd64\Lib\site-packages\pip\_vendor\pygments\__pycache__\formatter.cpython-312.pyc
C:\opt\python-3.12.10-embed-amd64\Lib\site-packages\pip\_vendor\pygments\__pycache__\lexer.cpython-312.pyc
C:\opt\python-3.12.10-embed-amd64\Lib\site-packages\pip\_vendor\pygments\__pycache__\modeline.cpython-312.pyc
C:\opt\python-3.12.10-embed-amd64\Lib\site-packages\pip\_vendor\pygments\__pycache__\plugin.cpython-312.pyc
C:\opt\python-3.12.10-embed-amd64\Lib\site-packages\pip\_vendor\pygments\__pycache__\regexopt.cpython-312.pyc
C:\opt\python-3.12.10-embed-amd64\Lib\site-packages\pip\_vendor\pygments\__pycache__\scanner.cpython-312.pyc
C:\opt\python-3.12.10-embed-amd64\Lib\site-packages\pip\_vendor\pygments\__pycache__\sphinxext.cpython-312.pyc
C:\opt\python-3.12.10-embed-amd64\Lib\site-packages\pip\_vendor\pygments\__pycache__\style.cpython-312.pyc
C:\opt\python-3.12.10-embed-amd64\Lib\site-packages\pip\_vendor\pygments\__pycache__\token.cpython-312.pyc
C:\opt\python-3.12.10-embed-amd64\Lib\site-packages\pip\_vendor\pygments\__pycache__\unistring.cpython-312.pyc
C:\opt\python-3.12.10-embed-amd64\Lib\site-packages\pip\_vendor\pygments\__pycache__\util.cpython-312.pyc
C:\opt\python-3.12.10-embed-amd64\Lib\site-packages\pip\_vendor\pygments\__pycache__\__init__.cpython-312.pyc
C:\opt\python-3.12.10-embed-amd64\Lib\site-packages\pip\_vendor\pygments\__pycache__\__main__.cpython-312.pyc
C:\opt\python-3.12.10-embed-amd64\Lib\site-packages\pip\_vendor\pyproject_hooks\LICENSE
C:\opt\python-3.12.10-embed-amd64\Lib\site-packages\pip\_vendor\pyproject_hooks\py.typed
C:\opt\python-3.12.10-embed-amd64\Lib\site-packages\pip\_vendor\pyproject_hooks\_impl.py
C:\opt\python-3.12.10-embed-amd64\Lib\site-packages\pip\_vendor\pyproject_hooks\__init__.py
C:\opt\python-3.12.10-embed-amd64\Lib\site-packages\pip\_vendor\pyproject_hooks\_in_process\_in_process.py
C:\opt\python-3.12.10-embed-amd64\Lib\site-packages\pip\_vendor\pyproject_hooks\_in_process\__init__.py
C:\opt\python-3.12.10-embed-amd64\Lib\site-packages\pip\_vendor\pyproject_hooks\_in_process\__pycache__\_in_process.cpython-312.pyc
C:\opt\python-3.12.10-embed-amd64\Lib\site-packages\pip\_vendor\pyproject_hooks\_in_process\__pycache__\__init__.cpython-312.pyc
C:\opt\python-3.12.10-embed-amd64\Lib\site-packages\pip\_vendor\pyproject_hooks\__pycache__\_impl.cpython-312.pyc
C:\opt\python-3.12.10-embed-amd64\Lib\site-packages\pip\_vendor\pyproject_hooks\__pycache__\__init__.cpython-312.pyc
C:\opt\python-3.12.10-embed-amd64\Lib\site-packages\pip\_vendor\requests\adapters.py
C:\opt\python-3.12.10-embed-amd64\Lib\site-packages\pip\_vendor\requests\api.py
C:\opt\python-3.12.10-embed-amd64\Lib\site-packages\pip\_vendor\requests\auth.py
C:\opt\python-3.12.10-embed-amd64\Lib\site-packages\pip\_vendor\requests\certs.py
C:\opt\python-3.12.10-embed-amd64\Lib\site-packages\pip\_vendor\requests\compat.py
C:\opt\python-3.12.10-embed-amd64\Lib\site-packages\pip\_vendor\requests\cookies.py
C:\opt\python-3.12.10-embed-amd64\Lib\site-packages\pip\_vendor\requests\exceptions.py
C:\opt\python-3.12.10-embed-amd64\Lib\site-packages\pip\_vendor\requests\help.py
C:\opt\python-3.12.10-embed-amd64\Lib\site-packages\pip\_vendor\requests\hooks.py
C:\opt\python-3.12.10-embed-amd64\Lib\site-packages\pip\_vendor\requests\LICENSE
C:\opt\python-3.12.10-embed-amd64\Lib\site-packages\pip\_vendor\requests\models.py
C:\opt\python-3.12.10-embed-amd64\Lib\site-packages\pip\_vendor\requests\packages.py
C:\opt\python-3.12.10-embed-amd64\Lib\site-packages\pip\_vendor\requests\py.typed
C:\opt\python-3.12.10-embed-amd64\Lib\site-packages\pip\_vendor\requests\sessions.py
C:\opt\python-3.12.10-embed-amd64\Lib\site-packages\pip\_vendor\requests\status_codes.py
C:\opt\python-3.12.10-embed-amd64\Lib\site-packages\pip\_vendor\requests\structures.py
C:\opt\python-3.12.10-embed-amd64\Lib\site-packages\pip\_vendor\requests\utils.py
C:\opt\python-3.12.10-embed-amd64\Lib\site-packages\pip\_vendor\requests\_internal_utils.py
C:\opt\python-3.12.10-embed-amd64\Lib\site-packages\pip\_vendor\requests\_types.py
C:\opt\python-3.12.10-embed-amd64\Lib\site-packages\pip\_vendor\requests\__init__.py
C:\opt\python-3.12.10-embed-amd64\Lib\site-packages\pip\_vendor\requests\__version__.py
C:\opt\python-3.12.10-embed-amd64\Lib\site-packages\pip\_vendor\requests\__pycache__\adapters.cpython-312.pyc
C:\opt\python-3.12.10-embed-amd64\Lib\site-packages\pip\_vendor\requests\__pycache__\api.cpython-312.pyc
C:\opt\python-3.12.10-embed-amd64\Lib\site-packages\pip\_vendor\requests\__pycache__\auth.cpython-312.pyc
C:\opt\python-3.12.10-embed-amd64\Lib\site-packages\pip\_vendor\requests\__pycache__\certs.cpython-312.pyc
C:\opt\python-3.12.10-embed-amd64\Lib\site-packages\pip\_vendor\requests\__pycache__\compat.cpython-312.pyc
C:\opt\python-3.12.10-embed-amd64\Lib\site-packages\pip\_vendor\requests\__pycache__\cookies.cpython-312.pyc
C:\opt\python-3.12.10-embed-amd64\Lib\site-packages\pip\_vendor\requests\__pycache__\exceptions.cpython-312.pyc
C:\opt\python-3.12.10-embed-amd64\Lib\site-packages\pip\_vendor\requests\__pycache__\help.cpython-312.pyc
C:\opt\python-3.12.10-embed-amd64\Lib\site-packages\pip\_vendor\requests\__pycache__\hooks.cpython-312.pyc
C:\opt\python-3.12.10-embed-amd64\Lib\site-packages\pip\_vendor\requests\__pycache__\models.cpython-312.pyc
C:\opt\python-3.12.10-embed-amd64\Lib\site-packages\pip\_vendor\requests\__pycache__\packages.cpython-312.pyc
C:\opt\python-3.12.10-embed-amd64\Lib\site-packages\pip\_vendor\requests\__pycache__\sessions.cpython-312.pyc
C:\opt\python-3.12.10-embed-amd64\Lib\site-packages\pip\_vendor\requests\__pycache__\status_codes.cpython-312.pyc
C:\opt\python-3.12.10-embed-amd64\Lib\site-packages\pip\_vendor\requests\__pycache__\structures.cpython-312.pyc
C:\opt\python-3.12.10-embed-amd64\Lib\site-packages\pip\_vendor\requests\__pycache__\utils.cpython-312.pyc
C:\opt\python-3.12.10-embed-amd64\Lib\site-packages\pip\_vendor\requests\__pycache__\_internal_utils.cpython-312.pyc
C:\opt\python-3.12.10-embed-amd64\Lib\site-packages\pip\_vendor\requests\__pycache__\_types.cpython-312.pyc
C:\opt\python-3.12.10-embed-amd64\Lib\site-packages\pip\_vendor\requests\__pycache__\__init__.cpython-312.pyc
C:\opt\python-3.12.10-embed-amd64\Lib\site-packages\pip\_vendor\requests\__pycache__\__version__.cpython-312.pyc
C:\opt\python-3.12.10-embed-amd64\Lib\site-packages\pip\_vendor\resolvelib\LICENSE
C:\opt\python-3.12.10-embed-amd64\Lib\site-packages\pip\_vendor\resolvelib\providers.py
C:\opt\python-3.12.10-embed-amd64\Lib\site-packages\pip\_vendor\resolvelib\py.typed
C:\opt\python-3.12.10-embed-amd64\Lib\site-packages\pip\_vendor\resolvelib\reporters.py
C:\opt\python-3.12.10-embed-amd64\Lib\site-packages\pip\_vendor\resolvelib\structs.py
C:\opt\python-3.12.10-embed-amd64\Lib\site-packages\pip\_vendor\resolvelib\__init__.py
C:\opt\python-3.12.10-embed-amd64\Lib\site-packages\pip\_vendor\resolvelib\resolvers\abstract.py
C:\opt\python-3.12.10-embed-amd64\Lib\site-packages\pip\_vendor\resolvelib\resolvers\criterion.py
C:\opt\python-3.12.10-embed-amd64\Lib\site-packages\pip\_vendor\resolvelib\resolvers\exceptions.py
C:\opt\python-3.12.10-embed-amd64\Lib\site-packages\pip\_vendor\resolvelib\resolvers\resolution.py
C:\opt\python-3.12.10-embed-amd64\Lib\site-packages\pip\_vendor\resolvelib\resolvers\__init__.py
C:\opt\python-3.12.10-embed-amd64\Lib\site-packages\pip\_vendor\resolvelib\resolvers\__pycache__\abstract.cpython-312.pyc
C:\opt\python-3.12.10-embed-amd64\Lib\site-packages\pip\_vendor\resolvelib\resolvers\__pycache__\criterion.cpython-312.pyc
C:\opt\python-3.12.10-embed-amd64\Lib\site-packages\pip\_vendor\resolvelib\resolvers\__pycache__\exceptions.cpython-312.pyc
C:\opt\python-3.12.10-embed-amd64\Lib\site-packages\pip\_vendor\resolvelib\resolvers\__pycache__\resolution.cpython-312.pyc
C:\opt\python-3.12.10-embed-amd64\Lib\site-packages\pip\_vendor\resolvelib\resolvers\__pycache__\__init__.cpython-312.pyc
C:\opt\python-3.12.10-embed-amd64\Lib\site-packages\pip\_vendor\resolvelib\__pycache__\providers.cpython-312.pyc
C:\opt\python-3.12.10-embed-amd64\Lib\site-packages\pip\_vendor\resolvelib\__pycache__\reporters.cpython-312.pyc
C:\opt\python-3.12.10-embed-amd64\Lib\site-packages\pip\_vendor\resolvelib\__pycache__\structs.cpython-312.pyc
C:\opt\python-3.12.10-embed-amd64\Lib\site-packages\pip\_vendor\resolvelib\__pycache__\__init__.cpython-312.pyc
C:\opt\python-3.12.10-embed-amd64\Lib\site-packages\pip\_vendor\rich\abc.py
C:\opt\python-3.12.10-embed-amd64\Lib\site-packages\pip\_vendor\rich\align.py
C:\opt\python-3.12.10-embed-amd64\Lib\site-packages\pip\_vendor\rich\ansi.py
C:\opt\python-3.12.10-embed-amd64\Lib\site-packages\pip\_vendor\rich\bar.py
C:\opt\python-3.12.10-embed-amd64\Lib\site-packages\pip\_vendor\rich\box.py
C:\opt\python-3.12.10-embed-amd64\Lib\site-packages\pip\_vendor\rich\cells.py
C:\opt\python-3.12.10-embed-amd64\Lib\site-packages\pip\_vendor\rich\color.py
C:\opt\python-3.12.10-embed-amd64\Lib\site-packages\pip\_vendor\rich\color_triplet.py
C:\opt\python-3.12.10-embed-amd64\Lib\site-packages\pip\_vendor\rich\columns.py
C:\opt\python-3.12.10-embed-amd64\Lib\site-packages\pip\_vendor\rich\console.py
C:\opt\python-3.12.10-embed-amd64\Lib\site-packages\pip\_vendor\rich\constrain.py
C:\opt\python-3.12.10-embed-amd64\Lib\site-packages\pip\_vendor\rich\containers.py
C:\opt\python-3.12.10-embed-amd64\Lib\site-packages\pip\_vendor\rich\control.py
C:\opt\python-3.12.10-embed-amd64\Lib\site-packages\pip\_vendor\rich\default_styles.py
C:\opt\python-3.12.10-embed-amd64\Lib\site-packages\pip\_vendor\rich\diagnose.py
C:\opt\python-3.12.10-embed-amd64\Lib\site-packages\pip\_vendor\rich\emoji.py
C:\opt\python-3.12.10-embed-amd64\Lib\site-packages\pip\_vendor\rich\errors.py
C:\opt\python-3.12.10-embed-amd64\Lib\site-packages\pip\_vendor\rich\filesize.py
C:\opt\python-3.12.10-embed-amd64\Lib\site-packages\pip\_vendor\rich\file_proxy.py
C:\opt\python-3.12.10-embed-amd64\Lib\site-packages\pip\_vendor\rich\highlighter.py
C:\opt\python-3.12.10-embed-amd64\Lib\site-packages\pip\_vendor\rich\json.py
C:\opt\python-3.12.10-embed-amd64\Lib\site-packages\pip\_vendor\rich\jupyter.py
C:\opt\python-3.12.10-embed-amd64\Lib\site-packages\pip\_vendor\rich\layout.py
C:\opt\python-3.12.10-embed-amd64\Lib\site-packages\pip\_vendor\rich\LICENSE
C:\opt\python-3.12.10-embed-amd64\Lib\site-packages\pip\_vendor\rich\live.py
C:\opt\python-3.12.10-embed-amd64\Lib\site-packages\pip\_vendor\rich\live_render.py
C:\opt\python-3.12.10-embed-amd64\Lib\site-packages\pip\_vendor\rich\logging.py
C:\opt\python-3.12.10-embed-amd64\Lib\site-packages\pip\_vendor\rich\markup.py
C:\opt\python-3.12.10-embed-amd64\Lib\site-packages\pip\_vendor\rich\measure.py
C:\opt\python-3.12.10-embed-amd64\Lib\site-packages\pip\_vendor\rich\padding.py
C:\opt\python-3.12.10-embed-amd64\Lib\site-packages\pip\_vendor\rich\pager.py
C:\opt\python-3.12.10-embed-amd64\Lib\site-packages\pip\_vendor\rich\palette.py
C:\opt\python-3.12.10-embed-amd64\Lib\site-packages\pip\_vendor\rich\panel.py
C:\opt\python-3.12.10-embed-amd64\Lib\site-packages\pip\_vendor\rich\pretty.py
C:\opt\python-3.12.10-embed-amd64\Lib\site-packages\pip\_vendor\rich\progress.py
C:\opt\python-3.12.10-embed-amd64\Lib\site-packages\pip\_vendor\rich\progress_bar.py
C:\opt\python-3.12.10-embed-amd64\Lib\site-packages\pip\_vendor\rich\prompt.py
C:\opt\python-3.12.10-embed-amd64\Lib\site-packages\pip\_vendor\rich\protocol.py
C:\opt\python-3.12.10-embed-amd64\Lib\site-packages\pip\_vendor\rich\py.typed
C:\opt\python-3.12.10-embed-amd64\Lib\site-packages\pip\_vendor\rich\region.py
C:\opt\python-3.12.10-embed-amd64\Lib\site-packages\pip\_vendor\rich\repr.py
C:\opt\python-3.12.10-embed-amd64\Lib\site-packages\pip\_vendor\rich\rule.py
C:\opt\python-3.12.10-embed-amd64\Lib\site-packages\pip\_vendor\rich\scope.py
C:\opt\python-3.12.10-embed-amd64\Lib\site-packages\pip\_vendor\rich\screen.py
C:\opt\python-3.12.10-embed-amd64\Lib\site-packages\pip\_vendor\rich\segment.py
C:\opt\python-3.12.10-embed-amd64\Lib\site-packages\pip\_vendor\rich\spinner.py
C:\opt\python-3.12.10-embed-amd64\Lib\site-packages\pip\_vendor\rich\status.py
C:\opt\python-3.12.10-embed-amd64\Lib\site-packages\pip\_vendor\rich\style.py
C:\opt\python-3.12.10-embed-amd64\Lib\site-packages\pip\_vendor\rich\styled.py
C:\opt\python-3.12.10-embed-amd64\Lib\site-packages\pip\_vendor\rich\syntax.py
C:\opt\python-3.12.10-embed-amd64\Lib\site-packages\pip\_vendor\rich\table.py
C:\opt\python-3.12.10-embed-amd64\Lib\site-packages\pip\_vendor\rich\terminal_theme.py
C:\opt\python-3.12.10-embed-amd64\Lib\site-packages\pip\_vendor\rich\text.py
C:\opt\python-3.12.10-embed-amd64\Lib\site-packages\pip\_vendor\rich\theme.py
C:\opt\python-3.12.10-embed-amd64\Lib\site-packages\pip\_vendor\rich\themes.py
C:\opt\python-3.12.10-embed-amd64\Lib\site-packages\pip\_vendor\rich\traceback.py
C:\opt\python-3.12.10-embed-amd64\Lib\site-packages\pip\_vendor\rich\tree.py
C:\opt\python-3.12.10-embed-amd64\Lib\site-packages\pip\_vendor\rich\_cell_widths.py
C:\opt\python-3.12.10-embed-amd64\Lib\site-packages\pip\_vendor\rich\_emoji_codes.py
C:\opt\python-3.12.10-embed-amd64\Lib\site-packages\pip\_vendor\rich\_emoji_replace.py
C:\opt\python-3.12.10-embed-amd64\Lib\site-packages\pip\_vendor\rich\_export_format.py
C:\opt\python-3.12.10-embed-amd64\Lib\site-packages\pip\_vendor\rich\_extension.py
C:\opt\python-3.12.10-embed-amd64\Lib\site-packages\pip\_vendor\rich\_fileno.py
C:\opt\python-3.12.10-embed-amd64\Lib\site-packages\pip\_vendor\rich\_inspect.py
C:\opt\python-3.12.10-embed-amd64\Lib\site-packages\pip\_vendor\rich\_log_render.py
C:\opt\python-3.12.10-embed-amd64\Lib\site-packages\pip\_vendor\rich\_loop.py
C:\opt\python-3.12.10-embed-amd64\Lib\site-packages\pip\_vendor\rich\_null_file.py
C:\opt\python-3.12.10-embed-amd64\Lib\site-packages\pip\_vendor\rich\_palettes.py
C:\opt\python-3.12.10-embed-amd64\Lib\site-packages\pip\_vendor\rich\_pick.py
C:\opt\python-3.12.10-embed-amd64\Lib\site-packages\pip\_vendor\rich\_ratio.py
C:\opt\python-3.12.10-embed-amd64\Lib\site-packages\pip\_vendor\rich\_spinners.py
C:\opt\python-3.12.10-embed-amd64\Lib\site-packages\pip\_vendor\rich\_stack.py
C:\opt\python-3.12.10-embed-amd64\Lib\site-packages\pip\_vendor\rich\_timer.py
C:\opt\python-3.12.10-embed-amd64\Lib\site-packages\pip\_vendor\rich\_win32_console.py
C:\opt\python-3.12.10-embed-amd64\Lib\site-packages\pip\_vendor\rich\_windows.py
C:\opt\python-3.12.10-embed-amd64\Lib\site-packages\pip\_vendor\rich\_windows_renderer.py
C:\opt\python-3.12.10-embed-amd64\Lib\site-packages\pip\_vendor\rich\_wrap.py
C:\opt\python-3.12.10-embed-amd64\Lib\site-packages\pip\_vendor\rich\__init__.py
C:\opt\python-3.12.10-embed-amd64\Lib\site-packages\pip\_vendor\rich\__main__.py
C:\opt\python-3.12.10-embed-amd64\Lib\site-packages\pip\_vendor\rich\__pycache__\abc.cpython-312.pyc
C:\opt\python-3.12.10-embed-amd64\Lib\site-packages\pip\_vendor\rich\__pycache__\align.cpython-312.pyc
C:\opt\python-3.12.10-embed-amd64\Lib\site-packages\pip\_vendor\rich\__pycache__\ansi.cpython-312.pyc
C:\opt\python-3.12.10-embed-amd64\Lib\site-packages\pip\_vendor\rich\__pycache__\bar.cpython-312.pyc
C:\opt\python-3.12.10-embed-amd64\Lib\site-packages\pip\_vendor\rich\__pycache__\box.cpython-312.pyc
C:\opt\python-3.12.10-embed-amd64\Lib\site-packages\pip\_vendor\rich\__pycache__\cells.cpython-312.pyc
C:\opt\python-3.12.10-embed-amd64\Lib\site-packages\pip\_vendor\rich\__pycache__\color.cpython-312.pyc
C:\opt\python-3.12.10-embed-amd64\Lib\site-packages\pip\_vendor\rich\__pycache__\color_triplet.cpython-312.pyc
C:\opt\python-3.12.10-embed-amd64\Lib\site-packages\pip\_vendor\rich\__pycache__\columns.cpython-312.pyc
C:\opt\python-3.12.10-embed-amd64\Lib\site-packages\pip\_vendor\rich\__pycache__\console.cpython-312.pyc
C:\opt\python-3.12.10-embed-amd64\Lib\site-packages\pip\_vendor\rich\__pycache__\constrain.cpython-312.pyc
C:\opt\python-3.12.10-embed-amd64\Lib\site-packages\pip\_vendor\rich\__pycache__\containers.cpython-312.pyc
C:\opt\python-3.12.10-embed-amd64\Lib\site-packages\pip\_vendor\rich\__pycache__\control.cpython-312.pyc
C:\opt\python-3.12.10-embed-amd64\Lib\site-packages\pip\_vendor\rich\__pycache__\default_styles.cpython-312.pyc
C:\opt\python-3.12.10-embed-amd64\Lib\site-packages\pip\_vendor\rich\__pycache__\diagnose.cpython-312.pyc
C:\opt\python-3.12.10-embed-amd64\Lib\site-packages\pip\_vendor\rich\__pycache__\emoji.cpython-312.pyc
C:\opt\python-3.12.10-embed-amd64\Lib\site-packages\pip\_vendor\rich\__pycache__\errors.cpython-312.pyc
C:\opt\python-3.12.10-embed-amd64\Lib\site-packages\pip\_vendor\rich\__pycache__\filesize.cpython-312.pyc
C:\opt\python-3.12.10-embed-amd64\Lib\site-packages\pip\_vendor\rich\__pycache__\file_proxy.cpython-312.pyc
C:\opt\python-3.12.10-embed-amd64\Lib\site-packages\pip\_vendor\rich\__pycache__\highlighter.cpython-312.pyc
C:\opt\python-3.12.10-embed-amd64\Lib\site-packages\pip\_vendor\rich\__pycache__\json.cpython-312.pyc
C:\opt\python-3.12.10-embed-amd64\Lib\site-packages\pip\_vendor\rich\__pycache__\jupyter.cpython-312.pyc
C:\opt\python-3.12.10-embed-amd64\Lib\site-packages\pip\_vendor\rich\__pycache__\layout.cpython-312.pyc
C:\opt\python-3.12.10-embed-amd64\Lib\site-packages\pip\_vendor\rich\__pycache__\live.cpython-312.pyc
C:\opt\python-3.12.10-embed-amd64\Lib\site-packages\pip\_vendor\rich\__pycache__\live_render.cpython-312.pyc
C:\opt\python-3.12.10-embed-amd64\Lib\site-packages\pip\_vendor\rich\__pycache__\logging.cpython-312.pyc
C:\opt\python-3.12.10-embed-amd64\Lib\site-packages\pip\_vendor\rich\__pycache__\markup.cpython-312.pyc
C:\opt\python-3.12.10-embed-amd64\Lib\site-packages\pip\_vendor\rich\__pycache__\measure.cpython-312.pyc
C:\opt\python-3.12.10-embed-amd64\Lib\site-packages\pip\_vendor\rich\__pycache__\padding.cpython-312.pyc
C:\opt\python-3.12.10-embed-amd64\Lib\site-packages\pip\_vendor\rich\__pycache__\pager.cpython-312.pyc
C:\opt\python-3.12.10-embed-amd64\Lib\site-packages\pip\_vendor\rich\__pycache__\palette.cpython-312.pyc
C:\opt\python-3.12.10-embed-amd64\Lib\site-packages\pip\_vendor\rich\__pycache__\panel.cpython-312.pyc
C:\opt\python-3.12.10-embed-amd64\Lib\site-packages\pip\_vendor\rich\__pycache__\pretty.cpython-312.pyc
C:\opt\python-3.12.10-embed-amd64\Lib\site-packages\pip\_vendor\rich\__pycache__\progress.cpython-312.pyc
C:\opt\python-3.12.10-embed-amd64\Lib\site-packages\pip\_vendor\rich\__pycache__\progress_bar.cpython-312.pyc
C:\opt\python-3.12.10-embed-amd64\Lib\site-packages\pip\_vendor\rich\__pycache__\prompt.cpython-312.pyc
C:\opt\python-3.12.10-embed-amd64\Lib\site-packages\pip\_vendor\rich\__pycache__\protocol.cpython-312.pyc
C:\opt\python-3.12.10-embed-amd64\Lib\site-packages\pip\_vendor\rich\__pycache__\region.cpython-312.pyc
C:\opt\python-3.12.10-embed-amd64\Lib\site-packages\pip\_vendor\rich\__pycache__\repr.cpython-312.pyc
C:\opt\python-3.12.10-embed-amd64\Lib\site-packages\pip\_vendor\rich\__pycache__\rule.cpython-312.pyc
C:\opt\python-3.12.10-embed-amd64\Lib\site-packages\pip\_vendor\rich\__pycache__\scope.cpython-312.pyc
C:\opt\python-3.12.10-embed-amd64\Lib\site-packages\pip\_vendor\rich\__pycache__\screen.cpython-312.pyc
C:\opt\python-3.12.10-embed-amd64\Lib\site-packages\pip\_vendor\rich\__pycache__\segment.cpython-312.pyc
C:\opt\python-3.12.10-embed-amd64\Lib\site-packages\pip\_vendor\rich\__pycache__\spinner.cpython-312.pyc
C:\opt\python-3.12.10-embed-amd64\Lib\site-packages\pip\_vendor\rich\__pycache__\status.cpython-312.pyc
C:\opt\python-3.12.10-embed-amd64\Lib\site-packages\pip\_vendor\rich\__pycache__\style.cpython-312.pyc
C:\opt\python-3.12.10-embed-amd64\Lib\site-packages\pip\_vendor\rich\__pycache__\styled.cpython-312.pyc
C:\opt\python-3.12.10-embed-amd64\Lib\site-packages\pip\_vendor\rich\__pycache__\syntax.cpython-312.pyc
C:\opt\python-3.12.10-embed-amd64\Lib\site-packages\pip\_vendor\rich\__pycache__\table.cpython-312.pyc
C:\opt\python-3.12.10-embed-amd64\Lib\site-packages\pip\_vendor\rich\__pycache__\terminal_theme.cpython-312.pyc
C:\opt\python-3.12.10-embed-amd64\Lib\site-packages\pip\_vendor\rich\__pycache__\text.cpython-312.pyc
C:\opt\python-3.12.10-embed-amd64\Lib\site-packages\pip\_vendor\rich\__pycache__\theme.cpython-312.pyc
C:\opt\python-3.12.10-embed-amd64\Lib\site-packages\pip\_vendor\rich\__pycache__\themes.cpython-312.pyc
C:\opt\python-3.12.10-embed-amd64\Lib\site-packages\pip\_vendor\rich\__pycache__\traceback.cpython-312.pyc
C:\opt\python-3.12.10-embed-amd64\Lib\site-packages\pip\_vendor\rich\__pycache__\tree.cpython-312.pyc
C:\opt\python-3.12.10-embed-amd64\Lib\site-packages\pip\_vendor\rich\__pycache__\_cell_widths.cpython-312.pyc
C:\opt\python-3.12.10-embed-amd64\Lib\site-packages\pip\_vendor\rich\__pycache__\_emoji_codes.cpython-312.pyc
C:\opt\python-3.12.10-embed-amd64\Lib\site-packages\pip\_vendor\rich\__pycache__\_emoji_replace.cpython-312.pyc
C:\opt\python-3.12.10-embed-amd64\Lib\site-packages\pip\_vendor\rich\__pycache__\_export_format.cpython-312.pyc
C:\opt\python-3.12.10-embed-amd64\Lib\site-packages\pip\_vendor\rich\__pycache__\_extension.cpython-312.pyc
C:\opt\python-3.12.10-embed-amd64\Lib\site-packages\pip\_vendor\rich\__pycache__\_fileno.cpython-312.pyc
C:\opt\python-3.12.10-embed-amd64\Lib\site-packages\pip\_vendor\rich\__pycache__\_inspect.cpython-312.pyc
C:\opt\python-3.12.10-embed-amd64\Lib\site-packages\pip\_vendor\rich\__pycache__\_log_render.cpython-312.pyc
C:\opt\python-3.12.10-embed-amd64\Lib\site-packages\pip\_vendor\rich\__pycache__\_loop.cpython-312.pyc
C:\opt\python-3.12.10-embed-amd64\Lib\site-packages\pip\_vendor\rich\__pycache__\_null_file.cpython-312.pyc
C:\opt\python-3.12.10-embed-amd64\Lib\site-packages\pip\_vendor\rich\__pycache__\_palettes.cpython-312.pyc
C:\opt\python-3.12.10-embed-amd64\Lib\site-packages\pip\_vendor\rich\__pycache__\_pick.cpython-312.pyc
C:\opt\python-3.12.10-embed-amd64\Lib\site-packages\pip\_vendor\rich\__pycache__\_ratio.cpython-312.pyc
C:\opt\python-3.12.10-embed-amd64\Lib\site-packages\pip\_vendor\rich\__pycache__\_spinners.cpython-312.pyc
C:\opt\python-3.12.10-embed-amd64\Lib\site-packages\pip\_vendor\rich\__pycache__\_stack.cpython-312.pyc
C:\opt\python-3.12.10-embed-amd64\Lib\site-packages\pip\_vendor\rich\__pycache__\_timer.cpython-312.pyc
C:\opt\python-3.12.10-embed-amd64\Lib\site-packages\pip\_vendor\rich\__pycache__\_win32_console.cpython-312.pyc
C:\opt\python-3.12.10-embed-amd64\Lib\site-packages\pip\_vendor\rich\__pycache__\_windows.cpython-312.pyc
C:\opt\python-3.12.10-embed-amd64\Lib\site-packages\pip\_vendor\rich\__pycache__\_windows_renderer.cpython-312.pyc
C:\opt\python-3.12.10-embed-amd64\Lib\site-packages\pip\_vendor\rich\__pycache__\_wrap.cpython-312.pyc
C:\opt\python-3.12.10-embed-amd64\Lib\site-packages\pip\_vendor\rich\__pycache__\__init__.cpython-312.pyc
C:\opt\python-3.12.10-embed-amd64\Lib\site-packages\pip\_vendor\rich\__pycache__\__main__.cpython-312.pyc
C:\opt\python-3.12.10-embed-amd64\Lib\site-packages\pip\_vendor\tomli\LICENSE
C:\opt\python-3.12.10-embed-amd64\Lib\site-packages\pip\_vendor\tomli\py.typed
C:\opt\python-3.12.10-embed-amd64\Lib\site-packages\pip\_vendor\tomli\_parser.py
C:\opt\python-3.12.10-embed-amd64\Lib\site-packages\pip\_vendor\tomli\_re.py
C:\opt\python-3.12.10-embed-amd64\Lib\site-packages\pip\_vendor\tomli\_types.py
C:\opt\python-3.12.10-embed-amd64\Lib\site-packages\pip\_vendor\tomli\__init__.py
C:\opt\python-3.12.10-embed-amd64\Lib\site-packages\pip\_vendor\tomli\__pycache__\_parser.cpython-312.pyc
C:\opt\python-3.12.10-embed-amd64\Lib\site-packages\pip\_vendor\tomli\__pycache__\_re.cpython-312.pyc
C:\opt\python-3.12.10-embed-amd64\Lib\site-packages\pip\_vendor\tomli\__pycache__\_types.cpython-312.pyc
C:\opt\python-3.12.10-embed-amd64\Lib\site-packages\pip\_vendor\tomli\__pycache__\__init__.cpython-312.pyc
C:\opt\python-3.12.10-embed-amd64\Lib\site-packages\pip\_vendor\tomli_w\LICENSE
C:\opt\python-3.12.10-embed-amd64\Lib\site-packages\pip\_vendor\tomli_w\py.typed
C:\opt\python-3.12.10-embed-amd64\Lib\site-packages\pip\_vendor\tomli_w\_writer.py
C:\opt\python-3.12.10-embed-amd64\Lib\site-packages\pip\_vendor\tomli_w\__init__.py
C:\opt\python-3.12.10-embed-amd64\Lib\site-packages\pip\_vendor\tomli_w\__pycache__\_writer.cpython-312.pyc
C:\opt\python-3.12.10-embed-amd64\Lib\site-packages\pip\_vendor\tomli_w\__pycache__\__init__.cpython-312.pyc
C:\opt\python-3.12.10-embed-amd64\Lib\site-packages\pip\_vendor\truststore\LICENSE
C:\opt\python-3.12.10-embed-amd64\Lib\site-packages\pip\_vendor\truststore\py.typed
C:\opt\python-3.12.10-embed-amd64\Lib\site-packages\pip\_vendor\truststore\_api.py
C:\opt\python-3.12.10-embed-amd64\Lib\site-packages\pip\_vendor\truststore\_macos.py
C:\opt\python-3.12.10-embed-amd64\Lib\site-packages\pip\_vendor\truststore\_openssl.py
C:\opt\python-3.12.10-embed-amd64\Lib\site-packages\pip\_vendor\truststore\_ssl_constants.py
C:\opt\python-3.12.10-embed-amd64\Lib\site-packages\pip\_vendor\truststore\_windows.py
C:\opt\python-3.12.10-embed-amd64\Lib\site-packages\pip\_vendor\truststore\__init__.py
C:\opt\python-3.12.10-embed-amd64\Lib\site-packages\pip\_vendor\truststore\__pycache__\_api.cpython-312.pyc
C:\opt\python-3.12.10-embed-amd64\Lib\site-packages\pip\_vendor\truststore\__pycache__\_macos.cpython-312.pyc
C:\opt\python-3.12.10-embed-amd64\Lib\site-packages\pip\_vendor\truststore\__pycache__\_openssl.cpython-312.pyc
C:\opt\python-3.12.10-embed-amd64\Lib\site-packages\pip\_vendor\truststore\__pycache__\_ssl_constants.cpython-312.pyc
C:\opt\python-3.12.10-embed-amd64\Lib\site-packages\pip\_vendor\truststore\__pycache__\_windows.cpython-312.pyc
C:\opt\python-3.12.10-embed-amd64\Lib\site-packages\pip\_vendor\truststore\__pycache__\__init__.cpython-312.pyc
C:\opt\python-3.12.10-embed-amd64\Lib\site-packages\pip\_vendor\urllib3\connection.py
C:\opt\python-3.12.10-embed-amd64\Lib\site-packages\pip\_vendor\urllib3\connectionpool.py
C:\opt\python-3.12.10-embed-amd64\Lib\site-packages\pip\_vendor\urllib3\exceptions.py
C:\opt\python-3.12.10-embed-amd64\Lib\site-packages\pip\_vendor\urllib3\fields.py
C:\opt\python-3.12.10-embed-amd64\Lib\site-packages\pip\_vendor\urllib3\filepost.py
C:\opt\python-3.12.10-embed-amd64\Lib\site-packages\pip\_vendor\urllib3\LICENSE.txt
C:\opt\python-3.12.10-embed-amd64\Lib\site-packages\pip\_vendor\urllib3\poolmanager.py
C:\opt\python-3.12.10-embed-amd64\Lib\site-packages\pip\_vendor\urllib3\py.typed
C:\opt\python-3.12.10-embed-amd64\Lib\site-packages\pip\_vendor\urllib3\response.py
C:\opt\python-3.12.10-embed-amd64\Lib\site-packages\pip\_vendor\urllib3\_base_connection.py
C:\opt\python-3.12.10-embed-amd64\Lib\site-packages\pip\_vendor\urllib3\_collections.py
C:\opt\python-3.12.10-embed-amd64\Lib\site-packages\pip\_vendor\urllib3\_request_methods.py
C:\opt\python-3.12.10-embed-amd64\Lib\site-packages\pip\_vendor\urllib3\_version.py
C:\opt\python-3.12.10-embed-amd64\Lib\site-packages\pip\_vendor\urllib3\__init__.py
C:\opt\python-3.12.10-embed-amd64\Lib\site-packages\pip\_vendor\urllib3\contrib\pyopenssl.py
C:\opt\python-3.12.10-embed-amd64\Lib\site-packages\pip\_vendor\urllib3\contrib\socks.py
C:\opt\python-3.12.10-embed-amd64\Lib\site-packages\pip\_vendor\urllib3\contrib\__init__.py
C:\opt\python-3.12.10-embed-amd64\Lib\site-packages\pip\_vendor\urllib3\contrib\emscripten\connection.py
C:\opt\python-3.12.10-embed-amd64\Lib\site-packages\pip\_vendor\urllib3\contrib\emscripten\emscripten_fetch_worker.js
C:\opt\python-3.12.10-embed-amd64\Lib\site-packages\pip\_vendor\urllib3\contrib\emscripten\fetch.py
C:\opt\python-3.12.10-embed-amd64\Lib\site-packages\pip\_vendor\urllib3\contrib\emscripten\request.py
C:\opt\python-3.12.10-embed-amd64\Lib\site-packages\pip\_vendor\urllib3\contrib\emscripten\response.py
C:\opt\python-3.12.10-embed-amd64\Lib\site-packages\pip\_vendor\urllib3\contrib\emscripten\__init__.py
C:\opt\python-3.12.10-embed-amd64\Lib\site-packages\pip\_vendor\urllib3\contrib\emscripten\__pycache__\connection.cpython-312.pyc
C:\opt\python-3.12.10-embed-amd64\Lib\site-packages\pip\_vendor\urllib3\contrib\emscripten\__pycache__\fetch.cpython-312.pyc
C:\opt\python-3.12.10-embed-amd64\Lib\site-packages\pip\_vendor\urllib3\contrib\emscripten\__pycache__\request.cpython-312.pyc
C:\opt\python-3.12.10-embed-amd64\Lib\site-packages\pip\_vendor\urllib3\contrib\emscripten\__pycache__\response.cpython-312.pyc
C:\opt\python-3.12.10-embed-amd64\Lib\site-packages\pip\_vendor\urllib3\contrib\emscripten\__pycache__\__init__.cpython-312.pyc
C:\opt\python-3.12.10-embed-amd64\Lib\site-packages\pip\_vendor\urllib3\contrib\__pycache__\pyopenssl.cpython-312.pyc
C:\opt\python-3.12.10-embed-amd64\Lib\site-packages\pip\_vendor\urllib3\contrib\__pycache__\socks.cpython-312.pyc
C:\opt\python-3.12.10-embed-amd64\Lib\site-packages\pip\_vendor\urllib3\contrib\__pycache__\__init__.cpython-312.pyc
C:\opt\python-3.12.10-embed-amd64\Lib\site-packages\pip\_vendor\urllib3\http2\connection.py
C:\opt\python-3.12.10-embed-amd64\Lib\site-packages\pip\_vendor\urllib3\http2\probe.py
C:\opt\python-3.12.10-embed-amd64\Lib\site-packages\pip\_vendor\urllib3\http2\__init__.py
C:\opt\python-3.12.10-embed-amd64\Lib\site-packages\pip\_vendor\urllib3\http2\__pycache__\connection.cpython-312.pyc
C:\opt\python-3.12.10-embed-amd64\Lib\site-packages\pip\_vendor\urllib3\http2\__pycache__\probe.cpython-312.pyc
C:\opt\python-3.12.10-embed-amd64\Lib\site-packages\pip\_vendor\urllib3\http2\__pycache__\__init__.cpython-312.pyc
C:\opt\python-3.12.10-embed-amd64\Lib\site-packages\pip\_vendor\urllib3\util\connection.py
C:\opt\python-3.12.10-embed-amd64\Lib\site-packages\pip\_vendor\urllib3\util\proxy.py
C:\opt\python-3.12.10-embed-amd64\Lib\site-packages\pip\_vendor\urllib3\util\request.py
C:\opt\python-3.12.10-embed-amd64\Lib\site-packages\pip\_vendor\urllib3\util\response.py
C:\opt\python-3.12.10-embed-amd64\Lib\site-packages\pip\_vendor\urllib3\util\retry.py
C:\opt\python-3.12.10-embed-amd64\Lib\site-packages\pip\_vendor\urllib3\util\ssltransport.py
C:\opt\python-3.12.10-embed-amd64\Lib\site-packages\pip\_vendor\urllib3\util\ssl_.py
C:\opt\python-3.12.10-embed-amd64\Lib\site-packages\pip\_vendor\urllib3\util\ssl_match_hostname.py
C:\opt\python-3.12.10-embed-amd64\Lib\site-packages\pip\_vendor\urllib3\util\timeout.py
C:\opt\python-3.12.10-embed-amd64\Lib\site-packages\pip\_vendor\urllib3\util\url.py
C:\opt\python-3.12.10-embed-amd64\Lib\site-packages\pip\_vendor\urllib3\util\util.py
C:\opt\python-3.12.10-embed-amd64\Lib\site-packages\pip\_vendor\urllib3\util\wait.py
C:\opt\python-3.12.10-embed-amd64\Lib\site-packages\pip\_vendor\urllib3\util\__init__.py
C:\opt\python-3.12.10-embed-amd64\Lib\site-packages\pip\_vendor\urllib3\util\__pycache__\connection.cpython-312.pyc
C:\opt\python-3.12.10-embed-amd64\Lib\site-packages\pip\_vendor\urllib3\util\__pycache__\proxy.cpython-312.pyc
C:\opt\python-3.12.10-embed-amd64\Lib\site-packages\pip\_vendor\urllib3\util\__pycache__\request.cpython-312.pyc
C:\opt\python-3.12.10-embed-amd64\Lib\site-packages\pip\_vendor\urllib3\util\__pycache__\response.cpython-312.pyc
C:\opt\python-3.12.10-embed-amd64\Lib\site-packages\pip\_vendor\urllib3\util\__pycache__\retry.cpython-312.pyc
C:\opt\python-3.12.10-embed-amd64\Lib\site-packages\pip\_vendor\urllib3\util\__pycache__\ssltransport.cpython-312.pyc
C:\opt\python-3.12.10-embed-amd64\Lib\site-packages\pip\_vendor\urllib3\util\__pycache__\ssl_.cpython-312.pyc
C:\opt\python-3.12.10-embed-amd64\Lib\site-packages\pip\_vendor\urllib3\util\__pycache__\ssl_match_hostname.cpython-312.pyc
C:\opt\python-3.12.10-embed-amd64\Lib\site-packages\pip\_vendor\urllib3\util\__pycache__\timeout.cpython-312.pyc
C:\opt\python-3.12.10-embed-amd64\Lib\site-packages\pip\_vendor\urllib3\util\__pycache__\url.cpython-312.pyc
C:\opt\python-3.12.10-embed-amd64\Lib\site-packages\pip\_vendor\urllib3\util\__pycache__\util.cpython-312.pyc
C:\opt\python-3.12.10-embed-amd64\Lib\site-packages\pip\_vendor\urllib3\util\__pycache__\wait.cpython-312.pyc
C:\opt\python-3.12.10-embed-amd64\Lib\site-packages\pip\_vendor\urllib3\util\__pycache__\__init__.cpython-312.pyc
C:\opt\python-3.12.10-embed-amd64\Lib\site-packages\pip\_vendor\urllib3\__pycache__\connection.cpython-312.pyc
C:\opt\python-3.12.10-embed-amd64\Lib\site-packages\pip\_vendor\urllib3\__pycache__\connectionpool.cpython-312.pyc
C:\opt\python-3.12.10-embed-amd64\Lib\site-packages\pip\_vendor\urllib3\__pycache__\exceptions.cpython-312.pyc
C:\opt\python-3.12.10-embed-amd64\Lib\site-packages\pip\_vendor\urllib3\__pycache__\fields.cpython-312.pyc
C:\opt\python-3.12.10-embed-amd64\Lib\site-packages\pip\_vendor\urllib3\__pycache__\filepost.cpython-312.pyc
C:\opt\python-3.12.10-embed-amd64\Lib\site-packages\pip\_vendor\urllib3\__pycache__\poolmanager.cpython-312.pyc
C:\opt\python-3.12.10-embed-amd64\Lib\site-packages\pip\_vendor\urllib3\__pycache__\response.cpython-312.pyc
C:\opt\python-3.12.10-embed-amd64\Lib\site-packages\pip\_vendor\urllib3\__pycache__\_base_connection.cpython-312.pyc
C:\opt\python-3.12.10-embed-amd64\Lib\site-packages\pip\_vendor\urllib3\__pycache__\_collections.cpython-312.pyc
C:\opt\python-3.12.10-embed-amd64\Lib\site-packages\pip\_vendor\urllib3\__pycache__\_request_methods.cpython-312.pyc
C:\opt\python-3.12.10-embed-amd64\Lib\site-packages\pip\_vendor\urllib3\__pycache__\_version.cpython-312.pyc
C:\opt\python-3.12.10-embed-amd64\Lib\site-packages\pip\_vendor\urllib3\__pycache__\__init__.cpython-312.pyc
C:\opt\python-3.12.10-embed-amd64\Lib\site-packages\pip\_vendor\__pycache__\__init__.cpython-312.pyc
C:\opt\python-3.12.10-embed-amd64\Lib\site-packages\pip\__pycache__\__init__.cpython-312.pyc
C:\opt\python-3.12.10-embed-amd64\Lib\site-packages\pip\__pycache__\__main__.cpython-312.pyc
C:\opt\python-3.12.10-embed-amd64\Lib\site-packages\pip\__pycache__\__pip-runner__.cpython-312.pyc
C:\opt\python-3.12.10-embed-amd64\Lib\site-packages\pip-26.2.1.dist-info\entry_points.txt
C:\opt\python-3.12.10-embed-amd64\Lib\site-packages\pip-26.2.1.dist-info\INSTALLER
C:\opt\python-3.12.10-embed-amd64\Lib\site-packages\pip-26.2.1.dist-info\METADATA
C:\opt\python-3.12.10-embed-amd64\Lib\site-packages\pip-26.2.1.dist-info\RECORD
C:\opt\python-3.12.10-embed-amd64\Lib\site-packages\pip-26.2.1.dist-info\REQUESTED
C:\opt\python-3.12.10-embed-amd64\Lib\site-packages\pip-26.2.1.dist-info\WHEEL
C:\opt\python-3.12.10-embed-amd64\Lib\site-packages\pip-26.2.1.dist-info\licenses\AUTHORS.txt
C:\opt\python-3.12.10-embed-amd64\Lib\site-packages\pip-26.2.1.dist-info\licenses\LICENSE.txt
C:\opt\python-3.12.10-embed-amd64\Lib\site-packages\pip-26.2.1.dist-info\licenses\src\pip\_vendor\cachecontrol\LICENSE.txt
C:\opt\python-3.12.10-embed-amd64\Lib\site-packages\pip-26.2.1.dist-info\licenses\src\pip\_vendor\certifi\LICENSE
C:\opt\python-3.12.10-embed-amd64\Lib\site-packages\pip-26.2.1.dist-info\licenses\src\pip\_vendor\distlib\LICENSE.txt
C:\opt\python-3.12.10-embed-amd64\Lib\site-packages\pip-26.2.1.dist-info\licenses\src\pip\_vendor\distro\LICENSE
C:\opt\python-3.12.10-embed-amd64\Lib\site-packages\pip-26.2.1.dist-info\licenses\src\pip\_vendor\idna\LICENSE.md
C:\opt\python-3.12.10-embed-amd64\Lib\site-packages\pip-26.2.1.dist-info\licenses\src\pip\_vendor\msgpack\COPYING
C:\opt\python-3.12.10-embed-amd64\Lib\site-packages\pip-26.2.1.dist-info\licenses\src\pip\_vendor\packaging\LICENSE
C:\opt\python-3.12.10-embed-amd64\Lib\site-packages\pip-26.2.1.dist-info\licenses\src\pip\_vendor\packaging\LICENSE.APACHE
C:\opt\python-3.12.10-embed-amd64\Lib\site-packages\pip-26.2.1.dist-info\licenses\src\pip\_vendor\packaging\LICENSE.BSD
C:\opt\python-3.12.10-embed-amd64\Lib\site-packages\pip-26.2.1.dist-info\licenses\src\pip\_vendor\pkg_resources\LICENSE
C:\opt\python-3.12.10-embed-amd64\Lib\site-packages\pip-26.2.1.dist-info\licenses\src\pip\_vendor\platformdirs\LICENSE
C:\opt\python-3.12.10-embed-amd64\Lib\site-packages\pip-26.2.1.dist-info\licenses\src\pip\_vendor\pygments\LICENSE
C:\opt\python-3.12.10-embed-amd64\Lib\site-packages\pip-26.2.1.dist-info\licenses\src\pip\_vendor\pyproject_hooks\LICENSE
C:\opt\python-3.12.10-embed-amd64\Lib\site-packages\pip-26.2.1.dist-info\licenses\src\pip\_vendor\requests\LICENSE
C:\opt\python-3.12.10-embed-amd64\Lib\site-packages\pip-26.2.1.dist-info\licenses\src\pip\_vendor\resolvelib\LICENSE
C:\opt\python-3.12.10-embed-amd64\Lib\site-packages\pip-26.2.1.dist-info\licenses\src\pip\_vendor\rich\LICENSE
C:\opt\python-3.12.10-embed-amd64\Lib\site-packages\pip-26.2.1.dist-info\licenses\src\pip\_vendor\tomli\LICENSE
C:\opt\python-3.12.10-embed-amd64\Lib\site-packages\pip-26.2.1.dist-info\licenses\src\pip\_vendor\tomli_w\LICENSE
C:\opt\python-3.12.10-embed-amd64\Lib\site-packages\pip-26.2.1.dist-info\licenses\src\pip\_vendor\truststore\LICENSE
C:\opt\python-3.12.10-embed-amd64\Lib\site-packages\pip-26.2.1.dist-info\licenses\src\pip\_vendor\urllib3\LICENSE.txt
C:\opt\python-3.12.10-embed-amd64\python312\abc.pyc
C:\opt\python-3.12.10-embed-amd64\python312\aifc.pyc
C:\opt\python-3.12.10-embed-amd64\python312\antigravity.pyc
C:\opt\python-3.12.10-embed-amd64\python312\argparse.pyc
C:\opt\python-3.12.10-embed-amd64\python312\ast.pyc
C:\opt\python-3.12.10-embed-amd64\python312\base64.pyc
C:\opt\python-3.12.10-embed-amd64\python312\bdb.pyc
C:\opt\python-3.12.10-embed-amd64\python312\bisect.pyc
C:\opt\python-3.12.10-embed-amd64\python312\bz2.pyc
C:\opt\python-3.12.10-embed-amd64\python312\calendar.pyc
C:\opt\python-3.12.10-embed-amd64\python312\cgi.pyc
C:\opt\python-3.12.10-embed-amd64\python312\cgitb.pyc
C:\opt\python-3.12.10-embed-amd64\python312\chunk.pyc
C:\opt\python-3.12.10-embed-amd64\python312\cmd.pyc
C:\opt\python-3.12.10-embed-amd64\python312\code.pyc
C:\opt\python-3.12.10-embed-amd64\python312\codecs.pyc
C:\opt\python-3.12.10-embed-amd64\python312\codeop.pyc
C:\opt\python-3.12.10-embed-amd64\python312\colorsys.pyc
C:\opt\python-3.12.10-embed-amd64\python312\compileall.pyc
C:\opt\python-3.12.10-embed-amd64\python312\configparser.pyc
C:\opt\python-3.12.10-embed-amd64\python312\contextlib.pyc
C:\opt\python-3.12.10-embed-amd64\python312\contextvars.pyc
C:\opt\python-3.12.10-embed-amd64\python312\copy.pyc
C:\opt\python-3.12.10-embed-amd64\python312\copyreg.pyc
C:\opt\python-3.12.10-embed-amd64\python312\cProfile.pyc
C:\opt\python-3.12.10-embed-amd64\python312\crypt.pyc
C:\opt\python-3.12.10-embed-amd64\python312\csv.pyc
C:\opt\python-3.12.10-embed-amd64\python312\dataclasses.pyc
C:\opt\python-3.12.10-embed-amd64\python312\datetime.pyc
C:\opt\python-3.12.10-embed-amd64\python312\decimal.pyc
C:\opt\python-3.12.10-embed-amd64\python312\difflib.pyc
C:\opt\python-3.12.10-embed-amd64\python312\dis.pyc
C:\opt\python-3.12.10-embed-amd64\python312\doctest.pyc
C:\opt\python-3.12.10-embed-amd64\python312\enum.pyc
C:\opt\python-3.12.10-embed-amd64\python312\filecmp.pyc
C:\opt\python-3.12.10-embed-amd64\python312\fileinput.pyc
C:\opt\python-3.12.10-embed-amd64\python312\fnmatch.pyc
C:\opt\python-3.12.10-embed-amd64\python312\fractions.pyc
C:\opt\python-3.12.10-embed-amd64\python312\ftplib.pyc
C:\opt\python-3.12.10-embed-amd64\python312\functools.pyc
C:\opt\python-3.12.10-embed-amd64\python312\genericpath.pyc
C:\opt\python-3.12.10-embed-amd64\python312\getopt.pyc
C:\opt\python-3.12.10-embed-amd64\python312\getpass.pyc
C:\opt\python-3.12.10-embed-amd64\python312\gettext.pyc
C:\opt\python-3.12.10-embed-amd64\python312\glob.pyc
C:\opt\python-3.12.10-embed-amd64\python312\graphlib.pyc
C:\opt\python-3.12.10-embed-amd64\python312\gzip.pyc
C:\opt\python-3.12.10-embed-amd64\python312\hashlib.pyc
C:\opt\python-3.12.10-embed-amd64\python312\heapq.pyc
C:\opt\python-3.12.10-embed-amd64\python312\hmac.pyc
C:\opt\python-3.12.10-embed-amd64\python312\imaplib.pyc
C:\opt\python-3.12.10-embed-amd64\python312\imghdr.pyc
C:\opt\python-3.12.10-embed-amd64\python312\inspect.pyc
C:\opt\python-3.12.10-embed-amd64\python312\io.pyc
C:\opt\python-3.12.10-embed-amd64\python312\ipaddress.pyc
C:\opt\python-3.12.10-embed-amd64\python312\keyword.pyc
C:\opt\python-3.12.10-embed-amd64\python312\linecache.pyc
C:\opt\python-3.12.10-embed-amd64\python312\locale.pyc
C:\opt\python-3.12.10-embed-amd64\python312\lzma.pyc
C:\opt\python-3.12.10-embed-amd64\python312\mailbox.pyc
C:\opt\python-3.12.10-embed-amd64\python312\mailcap.pyc
C:\opt\python-3.12.10-embed-amd64\python312\mimetypes.pyc
C:\opt\python-3.12.10-embed-amd64\python312\modulefinder.pyc
C:\opt\python-3.12.10-embed-amd64\python312\netrc.pyc
C:\opt\python-3.12.10-embed-amd64\python312\nntplib.pyc
C:\opt\python-3.12.10-embed-amd64\python312\ntpath.pyc
C:\opt\python-3.12.10-embed-amd64\python312\nturl2path.pyc
C:\opt\python-3.12.10-embed-amd64\python312\numbers.pyc
C:\opt\python-3.12.10-embed-amd64\python312\opcode.pyc
C:\opt\python-3.12.10-embed-amd64\python312\operator.pyc
C:\opt\python-3.12.10-embed-amd64\python312\optparse.pyc
C:\opt\python-3.12.10-embed-amd64\python312\os.pyc
C:\opt\python-3.12.10-embed-amd64\python312\pathlib.pyc
C:\opt\python-3.12.10-embed-amd64\python312\pdb.pyc
C:\opt\python-3.12.10-embed-amd64\python312\pickle.pyc
C:\opt\python-3.12.10-embed-amd64\python312\pickletools.pyc
C:\opt\python-3.12.10-embed-amd64\python312\pipes.pyc
C:\opt\python-3.12.10-embed-amd64\python312\pkgutil.pyc
C:\opt\python-3.12.10-embed-amd64\python312\platform.pyc
C:\opt\python-3.12.10-embed-amd64\python312\plistlib.pyc
C:\opt\python-3.12.10-embed-amd64\python312\poplib.pyc
C:\opt\python-3.12.10-embed-amd64\python312\posixpath.pyc
C:\opt\python-3.12.10-embed-amd64\python312\pprint.pyc
C:\opt\python-3.12.10-embed-amd64\python312\profile.pyc
C:\opt\python-3.12.10-embed-amd64\python312\pstats.pyc
C:\opt\python-3.12.10-embed-amd64\python312\pty.pyc
C:\opt\python-3.12.10-embed-amd64\python312\pyclbr.pyc
C:\opt\python-3.12.10-embed-amd64\python312\pydoc.pyc
C:\opt\python-3.12.10-embed-amd64\python312\py_compile.pyc
C:\opt\python-3.12.10-embed-amd64\python312\queue.pyc
C:\opt\python-3.12.10-embed-amd64\python312\quopri.pyc
C:\opt\python-3.12.10-embed-amd64\python312\random.pyc
C:\opt\python-3.12.10-embed-amd64\python312\reprlib.pyc
C:\opt\python-3.12.10-embed-amd64\python312\rlcompleter.pyc
C:\opt\python-3.12.10-embed-amd64\python312\runpy.pyc
C:\opt\python-3.12.10-embed-amd64\python312\sched.pyc
C:\opt\python-3.12.10-embed-amd64\python312\secrets.pyc
C:\opt\python-3.12.10-embed-amd64\python312\selectors.pyc
C:\opt\python-3.12.10-embed-amd64\python312\shelve.pyc
C:\opt\python-3.12.10-embed-amd64\python312\shlex.pyc
C:\opt\python-3.12.10-embed-amd64\python312\shutil.pyc
C:\opt\python-3.12.10-embed-amd64\python312\signal.pyc
C:\opt\python-3.12.10-embed-amd64\python312\site.pyc
C:\opt\python-3.12.10-embed-amd64\python312\smtplib.pyc
C:\opt\python-3.12.10-embed-amd64\python312\sndhdr.pyc
C:\opt\python-3.12.10-embed-amd64\python312\socket.pyc
C:\opt\python-3.12.10-embed-amd64\python312\socketserver.pyc
C:\opt\python-3.12.10-embed-amd64\python312\sre_compile.pyc
C:\opt\python-3.12.10-embed-amd64\python312\sre_constants.pyc
C:\opt\python-3.12.10-embed-amd64\python312\sre_parse.pyc
C:\opt\python-3.12.10-embed-amd64\python312\ssl.pyc
C:\opt\python-3.12.10-embed-amd64\python312\stat.pyc
C:\opt\python-3.12.10-embed-amd64\python312\statistics.pyc
C:\opt\python-3.12.10-embed-amd64\python312\string.pyc
C:\opt\python-3.12.10-embed-amd64\python312\stringprep.pyc
C:\opt\python-3.12.10-embed-amd64\python312\struct.pyc
C:\opt\python-3.12.10-embed-amd64\python312\subprocess.pyc
C:\opt\python-3.12.10-embed-amd64\python312\sunau.pyc
C:\opt\python-3.12.10-embed-amd64\python312\symtable.pyc
C:\opt\python-3.12.10-embed-amd64\python312\sysconfig.pyc
C:\opt\python-3.12.10-embed-amd64\python312\tabnanny.pyc
C:\opt\python-3.12.10-embed-amd64\python312\tarfile.pyc
C:\opt\python-3.12.10-embed-amd64\python312\telnetlib.pyc
C:\opt\python-3.12.10-embed-amd64\python312\tempfile.pyc
C:\opt\python-3.12.10-embed-amd64\python312\textwrap.pyc
C:\opt\python-3.12.10-embed-amd64\python312\this.pyc
C:\opt\python-3.12.10-embed-amd64\python312\threading.pyc
C:\opt\python-3.12.10-embed-amd64\python312\timeit.pyc
C:\opt\python-3.12.10-embed-amd64\python312\token.pyc
C:\opt\python-3.12.10-embed-amd64\python312\tokenize.pyc
C:\opt\python-3.12.10-embed-amd64\python312\trace.pyc
C:\opt\python-3.12.10-embed-amd64\python312\traceback.pyc
C:\opt\python-3.12.10-embed-amd64\python312\tracemalloc.pyc
C:\opt\python-3.12.10-embed-amd64\python312\tty.pyc
C:\opt\python-3.12.10-embed-amd64\python312\types.pyc
C:\opt\python-3.12.10-embed-amd64\python312\typing.pyc
C:\opt\python-3.12.10-embed-amd64\python312\uu.pyc
C:\opt\python-3.12.10-embed-amd64\python312\uuid.pyc
C:\opt\python-3.12.10-embed-amd64\python312\warnings.pyc
C:\opt\python-3.12.10-embed-amd64\python312\wave.pyc
C:\opt\python-3.12.10-embed-amd64\python312\weakref.pyc
C:\opt\python-3.12.10-embed-amd64\python312\webbrowser.pyc
C:\opt\python-3.12.10-embed-amd64\python312\xdrlib.pyc
C:\opt\python-3.12.10-embed-amd64\python312\zipapp.pyc
C:\opt\python-3.12.10-embed-amd64\python312\zipimport.pyc
C:\opt\python-3.12.10-embed-amd64\python312\_aix_support.pyc
C:\opt\python-3.12.10-embed-amd64\python312\_collections_abc.pyc
C:\opt\python-3.12.10-embed-amd64\python312\_compat_pickle.pyc
C:\opt\python-3.12.10-embed-amd64\python312\_compression.pyc
C:\opt\python-3.12.10-embed-amd64\python312\_markupbase.pyc
C:\opt\python-3.12.10-embed-amd64\python312\_osx_support.pyc
C:\opt\python-3.12.10-embed-amd64\python312\_pydatetime.pyc
C:\opt\python-3.12.10-embed-amd64\python312\_pydecimal.pyc
C:\opt\python-3.12.10-embed-amd64\python312\_pyio.pyc
C:\opt\python-3.12.10-embed-amd64\python312\_pylong.pyc
C:\opt\python-3.12.10-embed-amd64\python312\_py_abc.pyc
C:\opt\python-3.12.10-embed-amd64\python312\_sitebuiltins.pyc
C:\opt\python-3.12.10-embed-amd64\python312\_strptime.pyc
C:\opt\python-3.12.10-embed-amd64\python312\_threading_local.pyc
C:\opt\python-3.12.10-embed-amd64\python312\_weakrefset.pyc
C:\opt\python-3.12.10-embed-amd64\python312\__future__.pyc
C:\opt\python-3.12.10-embed-amd64\python312\__hello__.pyc
C:\opt\python-3.12.10-embed-amd64\python312\asyncio\base_events.pyc
C:\opt\python-3.12.10-embed-amd64\python312\asyncio\base_futures.pyc
C:\opt\python-3.12.10-embed-amd64\python312\asyncio\base_subprocess.pyc
C:\opt\python-3.12.10-embed-amd64\python312\asyncio\base_tasks.pyc
C:\opt\python-3.12.10-embed-amd64\python312\asyncio\constants.pyc
C:\opt\python-3.12.10-embed-amd64\python312\asyncio\coroutines.pyc
C:\opt\python-3.12.10-embed-amd64\python312\asyncio\events.pyc
C:\opt\python-3.12.10-embed-amd64\python312\asyncio\exceptions.pyc
C:\opt\python-3.12.10-embed-amd64\python312\asyncio\format_helpers.pyc
C:\opt\python-3.12.10-embed-amd64\python312\asyncio\futures.pyc
C:\opt\python-3.12.10-embed-amd64\python312\asyncio\locks.pyc
C:\opt\python-3.12.10-embed-amd64\python312\asyncio\log.pyc
C:\opt\python-3.12.10-embed-amd64\python312\asyncio\mixins.pyc
C:\opt\python-3.12.10-embed-amd64\python312\asyncio\proactor_events.pyc
C:\opt\python-3.12.10-embed-amd64\python312\asyncio\protocols.pyc
C:\opt\python-3.12.10-embed-amd64\python312\asyncio\queues.pyc
C:\opt\python-3.12.10-embed-amd64\python312\asyncio\runners.pyc
C:\opt\python-3.12.10-embed-amd64\python312\asyncio\selector_events.pyc
C:\opt\python-3.12.10-embed-amd64\python312\asyncio\sslproto.pyc
C:\opt\python-3.12.10-embed-amd64\python312\asyncio\staggered.pyc
C:\opt\python-3.12.10-embed-amd64\python312\asyncio\streams.pyc
C:\opt\python-3.12.10-embed-amd64\python312\asyncio\subprocess.pyc
C:\opt\python-3.12.10-embed-amd64\python312\asyncio\taskgroups.pyc
C:\opt\python-3.12.10-embed-amd64\python312\asyncio\tasks.pyc
C:\opt\python-3.12.10-embed-amd64\python312\asyncio\threads.pyc
C:\opt\python-3.12.10-embed-amd64\python312\asyncio\timeouts.pyc
C:\opt\python-3.12.10-embed-amd64\python312\asyncio\transports.pyc
C:\opt\python-3.12.10-embed-amd64\python312\asyncio\trsock.pyc
C:\opt\python-3.12.10-embed-amd64\python312\asyncio\unix_events.pyc
C:\opt\python-3.12.10-embed-amd64\python312\asyncio\windows_events.pyc
C:\opt\python-3.12.10-embed-amd64\python312\asyncio\windows_utils.pyc
C:\opt\python-3.12.10-embed-amd64\python312\asyncio\__init__.pyc
C:\opt\python-3.12.10-embed-amd64\python312\asyncio\__main__.pyc
C:\opt\python-3.12.10-embed-amd64\python312\collections\abc.pyc
C:\opt\python-3.12.10-embed-amd64\python312\collections\__init__.pyc
C:\opt\python-3.12.10-embed-amd64\python312\concurrent\__init__.pyc
C:\opt\python-3.12.10-embed-amd64\python312\concurrent\futures\process.pyc
C:\opt\python-3.12.10-embed-amd64\python312\concurrent\futures\thread.pyc
C:\opt\python-3.12.10-embed-amd64\python312\concurrent\futures\_base.pyc
C:\opt\python-3.12.10-embed-amd64\python312\concurrent\futures\__init__.pyc
C:\opt\python-3.12.10-embed-amd64\python312\ctypes\util.pyc
C:\opt\python-3.12.10-embed-amd64\python312\ctypes\wintypes.pyc
C:\opt\python-3.12.10-embed-amd64\python312\ctypes\_aix.pyc
C:\opt\python-3.12.10-embed-amd64\python312\ctypes\_endian.pyc
C:\opt\python-3.12.10-embed-amd64\python312\ctypes\__init__.pyc
C:\opt\python-3.12.10-embed-amd64\python312\ctypes\macholib\dyld.pyc
C:\opt\python-3.12.10-embed-amd64\python312\ctypes\macholib\dylib.pyc
C:\opt\python-3.12.10-embed-amd64\python312\ctypes\macholib\fetch_macholib
C:\opt\python-3.12.10-embed-amd64\python312\ctypes\macholib\fetch_macholib.bat
C:\opt\python-3.12.10-embed-amd64\python312\ctypes\macholib\framework.pyc
C:\opt\python-3.12.10-embed-amd64\python312\ctypes\macholib\README.ctypes
C:\opt\python-3.12.10-embed-amd64\python312\ctypes\macholib\__init__.pyc
C:\opt\python-3.12.10-embed-amd64\python312\curses\ascii.pyc
C:\opt\python-3.12.10-embed-amd64\python312\curses\has_key.pyc
C:\opt\python-3.12.10-embed-amd64\python312\curses\panel.pyc
C:\opt\python-3.12.10-embed-amd64\python312\curses\textpad.pyc
C:\opt\python-3.12.10-embed-amd64\python312\curses\__init__.pyc
C:\opt\python-3.12.10-embed-amd64\python312\dbm\dumb.pyc
C:\opt\python-3.12.10-embed-amd64\python312\dbm\gnu.pyc
C:\opt\python-3.12.10-embed-amd64\python312\dbm\ndbm.pyc
C:\opt\python-3.12.10-embed-amd64\python312\dbm\__init__.pyc
C:\opt\python-3.12.10-embed-amd64\python312\email\architecture.rst
C:\opt\python-3.12.10-embed-amd64\python312\email\base64mime.pyc
C:\opt\python-3.12.10-embed-amd64\python312\email\charset.pyc
C:\opt\python-3.12.10-embed-amd64\python312\email\contentmanager.pyc
C:\opt\python-3.12.10-embed-amd64\python312\email\encoders.pyc
C:\opt\python-3.12.10-embed-amd64\python312\email\errors.pyc
C:\opt\python-3.12.10-embed-amd64\python312\email\feedparser.pyc
C:\opt\python-3.12.10-embed-amd64\python312\email\generator.pyc
C:\opt\python-3.12.10-embed-amd64\python312\email\header.pyc
C:\opt\python-3.12.10-embed-amd64\python312\email\headerregistry.pyc
C:\opt\python-3.12.10-embed-amd64\python312\email\iterators.pyc
C:\opt\python-3.12.10-embed-amd64\python312\email\message.pyc
C:\opt\python-3.12.10-embed-amd64\python312\email\parser.pyc
C:\opt\python-3.12.10-embed-amd64\python312\email\policy.pyc
C:\opt\python-3.12.10-embed-amd64\python312\email\quoprimime.pyc
C:\opt\python-3.12.10-embed-amd64\python312\email\utils.pyc
C:\opt\python-3.12.10-embed-amd64\python312\email\_encoded_words.pyc
C:\opt\python-3.12.10-embed-amd64\python312\email\_header_value_parser.pyc
C:\opt\python-3.12.10-embed-amd64\python312\email\_parseaddr.pyc
C:\opt\python-3.12.10-embed-amd64\python312\email\_policybase.pyc
C:\opt\python-3.12.10-embed-amd64\python312\email\__init__.pyc
C:\opt\python-3.12.10-embed-amd64\python312\email\mime\application.pyc
C:\opt\python-3.12.10-embed-amd64\python312\email\mime\audio.pyc
C:\opt\python-3.12.10-embed-amd64\python312\email\mime\base.pyc
C:\opt\python-3.12.10-embed-amd64\python312\email\mime\image.pyc
C:\opt\python-3.12.10-embed-amd64\python312\email\mime\message.pyc
C:\opt\python-3.12.10-embed-amd64\python312\email\mime\multipart.pyc
C:\opt\python-3.12.10-embed-amd64\python312\email\mime\nonmultipart.pyc
C:\opt\python-3.12.10-embed-amd64\python312\email\mime\text.pyc
C:\opt\python-3.12.10-embed-amd64\python312\email\mime\__init__.pyc
C:\opt\python-3.12.10-embed-amd64\python312\encodings\aliases.pyc
C:\opt\python-3.12.10-embed-amd64\python312\encodings\ascii.pyc
C:\opt\python-3.12.10-embed-amd64\python312\encodings\base64_codec.pyc
C:\opt\python-3.12.10-embed-amd64\python312\encodings\big5.pyc
C:\opt\python-3.12.10-embed-amd64\python312\encodings\big5hkscs.pyc
C:\opt\python-3.12.10-embed-amd64\python312\encodings\bz2_codec.pyc
C:\opt\python-3.12.10-embed-amd64\python312\encodings\charmap.pyc
C:\opt\python-3.12.10-embed-amd64\python312\encodings\cp037.pyc
C:\opt\python-3.12.10-embed-amd64\python312\encodings\cp1006.pyc
C:\opt\python-3.12.10-embed-amd64\python312\encodings\cp1026.pyc
C:\opt\python-3.12.10-embed-amd64\python312\encodings\cp1125.pyc
C:\opt\python-3.12.10-embed-amd64\python312\encodings\cp1140.pyc
C:\opt\python-3.12.10-embed-amd64\python312\encodings\cp1250.pyc
C:\opt\python-3.12.10-embed-amd64\python312\encodings\cp1251.pyc
C:\opt\python-3.12.10-embed-amd64\python312\encodings\cp1252.pyc
C:\opt\python-3.12.10-embed-amd64\python312\encodings\cp1253.pyc
C:\opt\python-3.12.10-embed-amd64\python312\encodings\cp1254.pyc
C:\opt\python-3.12.10-embed-amd64\python312\encodings\cp1255.pyc
C:\opt\python-3.12.10-embed-amd64\python312\encodings\cp1256.pyc
C:\opt\python-3.12.10-embed-amd64\python312\encodings\cp1257.pyc
C:\opt\python-3.12.10-embed-amd64\python312\encodings\cp1258.pyc
C:\opt\python-3.12.10-embed-amd64\python312\encodings\cp273.pyc
C:\opt\python-3.12.10-embed-amd64\python312\encodings\cp424.pyc
C:\opt\python-3.12.10-embed-amd64\python312\encodings\cp437.pyc
C:\opt\python-3.12.10-embed-amd64\python312\encodings\cp500.pyc
C:\opt\python-3.12.10-embed-amd64\python312\encodings\cp720.pyc
C:\opt\python-3.12.10-embed-amd64\python312\encodings\cp737.pyc
C:\opt\python-3.12.10-embed-amd64\python312\encodings\cp775.pyc
C:\opt\python-3.12.10-embed-amd64\python312\encodings\cp850.pyc
C:\opt\python-3.12.10-embed-amd64\python312\encodings\cp852.pyc
C:\opt\python-3.12.10-embed-amd64\python312\encodings\cp855.pyc
C:\opt\python-3.12.10-embed-amd64\python312\encodings\cp856.pyc
C:\opt\python-3.12.10-embed-amd64\python312\encodings\cp857.pyc
C:\opt\python-3.12.10-embed-amd64\python312\encodings\cp858.pyc
C:\opt\python-3.12.10-embed-amd64\python312\encodings\cp860.pyc
C:\opt\python-3.12.10-embed-amd64\python312\encodings\cp861.pyc
C:\opt\python-3.12.10-embed-amd64\python312\encodings\cp862.pyc
C:\opt\python-3.12.10-embed-amd64\python312\encodings\cp863.pyc
C:\opt\python-3.12.10-embed-amd64\python312\encodings\cp864.pyc
C:\opt\python-3.12.10-embed-amd64\python312\encodings\cp865.pyc
C:\opt\python-3.12.10-embed-amd64\python312\encodings\cp866.pyc
C:\opt\python-3.12.10-embed-amd64\python312\encodings\cp869.pyc
C:\opt\python-3.12.10-embed-amd64\python312\encodings\cp874.pyc
C:\opt\python-3.12.10-embed-amd64\python312\encodings\cp875.pyc
C:\opt\python-3.12.10-embed-amd64\python312\encodings\cp932.pyc
C:\opt\python-3.12.10-embed-amd64\python312\encodings\cp949.pyc
C:\opt\python-3.12.10-embed-amd64\python312\encodings\cp950.pyc
C:\opt\python-3.12.10-embed-amd64\python312\encodings\euc_jisx0213.pyc
C:\opt\python-3.12.10-embed-amd64\python312\encodings\euc_jis_2004.pyc
C:\opt\python-3.12.10-embed-amd64\python312\encodings\euc_jp.pyc
C:\opt\python-3.12.10-embed-amd64\python312\encodings\euc_kr.pyc
C:\opt\python-3.12.10-embed-amd64\python312\encodings\gb18030.pyc
C:\opt\python-3.12.10-embed-amd64\python312\encodings\gb2312.pyc
C:\opt\python-3.12.10-embed-amd64\python312\encodings\gbk.pyc
C:\opt\python-3.12.10-embed-amd64\python312\encodings\hex_codec.pyc
C:\opt\python-3.12.10-embed-amd64\python312\encodings\hp_roman8.pyc
C:\opt\python-3.12.10-embed-amd64\python312\encodings\hz.pyc
C:\opt\python-3.12.10-embed-amd64\python312\encodings\idna.pyc
C:\opt\python-3.12.10-embed-amd64\python312\encodings\iso2022_jp.pyc
C:\opt\python-3.12.10-embed-amd64\python312\encodings\iso2022_jp_1.pyc
C:\opt\python-3.12.10-embed-amd64\python312\encodings\iso2022_jp_2.pyc
C:\opt\python-3.12.10-embed-amd64\python312\encodings\iso2022_jp_2004.pyc
C:\opt\python-3.12.10-embed-amd64\python312\encodings\iso2022_jp_3.pyc
C:\opt\python-3.12.10-embed-amd64\python312\encodings\iso2022_jp_ext.pyc
C:\opt\python-3.12.10-embed-amd64\python312\encodings\iso2022_kr.pyc
C:\opt\python-3.12.10-embed-amd64\python312\encodings\iso8859_1.pyc
C:\opt\python-3.12.10-embed-amd64\python312\encodings\iso8859_10.pyc
C:\opt\python-3.12.10-embed-amd64\python312\encodings\iso8859_11.pyc
C:\opt\python-3.12.10-embed-amd64\python312\encodings\iso8859_13.pyc
C:\opt\python-3.12.10-embed-amd64\python312\encodings\iso8859_14.pyc
C:\opt\python-3.12.10-embed-amd64\python312\encodings\iso8859_15.pyc
C:\opt\python-3.12.10-embed-amd64\python312\encodings\iso8859_16.pyc
C:\opt\python-3.12.10-embed-amd64\python312\encodings\iso8859_2.pyc
C:\opt\python-3.12.10-embed-amd64\python312\encodings\iso8859_3.pyc
C:\opt\python-3.12.10-embed-amd64\python312\encodings\iso8859_4.pyc
C:\opt\python-3.12.10-embed-amd64\python312\encodings\iso8859_5.pyc
C:\opt\python-3.12.10-embed-amd64\python312\encodings\iso8859_6.pyc
C:\opt\python-3.12.10-embed-amd64\python312\encodings\iso8859_7.pyc
C:\opt\python-3.12.10-embed-amd64\python312\encodings\iso8859_8.pyc
C:\opt\python-3.12.10-embed-amd64\python312\encodings\iso8859_9.pyc
C:\opt\python-3.12.10-embed-amd64\python312\encodings\johab.pyc
C:\opt\python-3.12.10-embed-amd64\python312\encodings\koi8_r.pyc
C:\opt\python-3.12.10-embed-amd64\python312\encodings\koi8_t.pyc
C:\opt\python-3.12.10-embed-amd64\python312\encodings\koi8_u.pyc
C:\opt\python-3.12.10-embed-amd64\python312\encodings\kz1048.pyc
C:\opt\python-3.12.10-embed-amd64\python312\encodings\latin_1.pyc
C:\opt\python-3.12.10-embed-amd64\python312\encodings\mac_arabic.pyc
C:\opt\python-3.12.10-embed-amd64\python312\encodings\mac_croatian.pyc
C:\opt\python-3.12.10-embed-amd64\python312\encodings\mac_cyrillic.pyc
C:\opt\python-3.12.10-embed-amd64\python312\encodings\mac_farsi.pyc
C:\opt\python-3.12.10-embed-amd64\python312\encodings\mac_greek.pyc
C:\opt\python-3.12.10-embed-amd64\python312\encodings\mac_iceland.pyc
C:\opt\python-3.12.10-embed-amd64\python312\encodings\mac_latin2.pyc
C:\opt\python-3.12.10-embed-amd64\python312\encodings\mac_roman.pyc
C:\opt\python-3.12.10-embed-amd64\python312\encodings\mac_romanian.pyc
C:\opt\python-3.12.10-embed-amd64\python312\encodings\mac_turkish.pyc
C:\opt\python-3.12.10-embed-amd64\python312\encodings\mbcs.pyc
C:\opt\python-3.12.10-embed-amd64\python312\encodings\oem.pyc
C:\opt\python-3.12.10-embed-amd64\python312\encodings\palmos.pyc
C:\opt\python-3.12.10-embed-amd64\python312\encodings\ptcp154.pyc
C:\opt\python-3.12.10-embed-amd64\python312\encodings\punycode.pyc
C:\opt\python-3.12.10-embed-amd64\python312\encodings\quopri_codec.pyc
C:\opt\python-3.12.10-embed-amd64\python312\encodings\raw_unicode_escape.pyc
C:\opt\python-3.12.10-embed-amd64\python312\encodings\rot_13.pyc
C:\opt\python-3.12.10-embed-amd64\python312\encodings\shift_jis.pyc
C:\opt\python-3.12.10-embed-amd64\python312\encodings\shift_jisx0213.pyc
C:\opt\python-3.12.10-embed-amd64\python312\encodings\shift_jis_2004.pyc
C:\opt\python-3.12.10-embed-amd64\python312\encodings\tis_620.pyc
C:\opt\python-3.12.10-embed-amd64\python312\encodings\undefined.pyc
C:\opt\python-3.12.10-embed-amd64\python312\encodings\unicode_escape.pyc
C:\opt\python-3.12.10-embed-amd64\python312\encodings\utf_16.pyc
C:\opt\python-3.12.10-embed-amd64\python312\encodings\utf_16_be.pyc
C:\opt\python-3.12.10-embed-amd64\python312\encodings\utf_16_le.pyc
C:\opt\python-3.12.10-embed-amd64\python312\encodings\utf_32.pyc
C:\opt\python-3.12.10-embed-amd64\python312\encodings\utf_32_be.pyc
C:\opt\python-3.12.10-embed-amd64\python312\encodings\utf_32_le.pyc
C:\opt\python-3.12.10-embed-amd64\python312\encodings\utf_7.pyc
C:\opt\python-3.12.10-embed-amd64\python312\encodings\utf_8.pyc
C:\opt\python-3.12.10-embed-amd64\python312\encodings\utf_8_sig.pyc
C:\opt\python-3.12.10-embed-amd64\python312\encodings\uu_codec.pyc
C:\opt\python-3.12.10-embed-amd64\python312\encodings\zlib_codec.pyc
C:\opt\python-3.12.10-embed-amd64\python312\encodings\__init__.pyc
C:\opt\python-3.12.10-embed-amd64\python312\html\entities.pyc
C:\opt\python-3.12.10-embed-amd64\python312\html\parser.pyc
C:\opt\python-3.12.10-embed-amd64\python312\html\__init__.pyc
C:\opt\python-3.12.10-embed-amd64\python312\http\client.pyc
C:\opt\python-3.12.10-embed-amd64\python312\http\cookiejar.pyc
C:\opt\python-3.12.10-embed-amd64\python312\http\cookies.pyc
C:\opt\python-3.12.10-embed-amd64\python312\http\server.pyc
C:\opt\python-3.12.10-embed-amd64\python312\http\__init__.pyc
C:\opt\python-3.12.10-embed-amd64\python312\importlib\abc.pyc
C:\opt\python-3.12.10-embed-amd64\python312\importlib\machinery.pyc
C:\opt\python-3.12.10-embed-amd64\python312\importlib\readers.pyc
C:\opt\python-3.12.10-embed-amd64\python312\importlib\simple.pyc
C:\opt\python-3.12.10-embed-amd64\python312\importlib\util.pyc
C:\opt\python-3.12.10-embed-amd64\python312\importlib\_abc.pyc
C:\opt\python-3.12.10-embed-amd64\python312\importlib\_bootstrap.pyc
C:\opt\python-3.12.10-embed-amd64\python312\importlib\_bootstrap_external.pyc
C:\opt\python-3.12.10-embed-amd64\python312\importlib\__init__.pyc
C:\opt\python-3.12.10-embed-amd64\python312\importlib\metadata\_adapters.pyc
C:\opt\python-3.12.10-embed-amd64\python312\importlib\metadata\_collections.pyc
C:\opt\python-3.12.10-embed-amd64\python312\importlib\metadata\_functools.pyc
C:\opt\python-3.12.10-embed-amd64\python312\importlib\metadata\_itertools.pyc
C:\opt\python-3.12.10-embed-amd64\python312\importlib\metadata\_meta.pyc
C:\opt\python-3.12.10-embed-amd64\python312\importlib\metadata\_text.pyc
C:\opt\python-3.12.10-embed-amd64\python312\importlib\metadata\__init__.pyc
C:\opt\python-3.12.10-embed-amd64\python312\importlib\resources\abc.pyc
C:\opt\python-3.12.10-embed-amd64\python312\importlib\resources\readers.pyc
C:\opt\python-3.12.10-embed-amd64\python312\importlib\resources\simple.pyc
C:\opt\python-3.12.10-embed-amd64\python312\importlib\resources\_adapters.pyc
C:\opt\python-3.12.10-embed-amd64\python312\importlib\resources\_common.pyc
C:\opt\python-3.12.10-embed-amd64\python312\importlib\resources\_itertools.pyc
C:\opt\python-3.12.10-embed-amd64\python312\importlib\resources\_legacy.pyc
C:\opt\python-3.12.10-embed-amd64\python312\importlib\resources\__init__.pyc
C:\opt\python-3.12.10-embed-amd64\python312\json\decoder.pyc
C:\opt\python-3.12.10-embed-amd64\python312\json\encoder.pyc
C:\opt\python-3.12.10-embed-amd64\python312\json\scanner.pyc
C:\opt\python-3.12.10-embed-amd64\python312\json\tool.pyc
C:\opt\python-3.12.10-embed-amd64\python312\json\__init__.pyc
C:\opt\python-3.12.10-embed-amd64\python312\lib2to3\btm_matcher.pyc
C:\opt\python-3.12.10-embed-amd64\python312\lib2to3\btm_utils.pyc
C:\opt\python-3.12.10-embed-amd64\python312\lib2to3\fixer_base.pyc
C:\opt\python-3.12.10-embed-amd64\python312\lib2to3\fixer_util.pyc
C:\opt\python-3.12.10-embed-amd64\python312\lib2to3\Grammar.txt
C:\opt\python-3.12.10-embed-amd64\python312\lib2to3\Grammar3.12.10.final.0.pickle
C:\opt\python-3.12.10-embed-amd64\python312\lib2to3\main.pyc
C:\opt\python-3.12.10-embed-amd64\python312\lib2to3\patcomp.pyc
C:\opt\python-3.12.10-embed-amd64\python312\lib2to3\PatternGrammar.txt
C:\opt\python-3.12.10-embed-amd64\python312\lib2to3\PatternGrammar3.12.10.final.0.pickle
C:\opt\python-3.12.10-embed-amd64\python312\lib2to3\pygram.pyc
C:\opt\python-3.12.10-embed-amd64\python312\lib2to3\pytree.pyc
C:\opt\python-3.12.10-embed-amd64\python312\lib2to3\refactor.pyc
C:\opt\python-3.12.10-embed-amd64\python312\lib2to3\__init__.pyc
C:\opt\python-3.12.10-embed-amd64\python312\lib2to3\__main__.pyc
C:\opt\python-3.12.10-embed-amd64\python312\lib2to3\fixes\fix_apply.pyc
C:\opt\python-3.12.10-embed-amd64\python312\lib2to3\fixes\fix_asserts.pyc
C:\opt\python-3.12.10-embed-amd64\python312\lib2to3\fixes\fix_basestring.pyc
C:\opt\python-3.12.10-embed-amd64\python312\lib2to3\fixes\fix_buffer.pyc
C:\opt\python-3.12.10-embed-amd64\python312\lib2to3\fixes\fix_dict.pyc
C:\opt\python-3.12.10-embed-amd64\python312\lib2to3\fixes\fix_except.pyc
C:\opt\python-3.12.10-embed-amd64\python312\lib2to3\fixes\fix_exec.pyc
C:\opt\python-3.12.10-embed-amd64\python312\lib2to3\fixes\fix_execfile.pyc
C:\opt\python-3.12.10-embed-amd64\python312\lib2to3\fixes\fix_exitfunc.pyc
C:\opt\python-3.12.10-embed-amd64\python312\lib2to3\fixes\fix_filter.pyc
C:\opt\python-3.12.10-embed-amd64\python312\lib2to3\fixes\fix_funcattrs.pyc
C:\opt\python-3.12.10-embed-amd64\python312\lib2to3\fixes\fix_future.pyc
C:\opt\python-3.12.10-embed-amd64\python312\lib2to3\fixes\fix_getcwdu.pyc
C:\opt\python-3.12.10-embed-amd64\python312\lib2to3\fixes\fix_has_key.pyc
C:\opt\python-3.12.10-embed-amd64\python312\lib2to3\fixes\fix_idioms.pyc
C:\opt\python-3.12.10-embed-amd64\python312\lib2to3\fixes\fix_import.pyc
C:\opt\python-3.12.10-embed-amd64\python312\lib2to3\fixes\fix_imports.pyc
C:\opt\python-3.12.10-embed-amd64\python312\lib2to3\fixes\fix_imports2.pyc
C:\opt\python-3.12.10-embed-amd64\python312\lib2to3\fixes\fix_input.pyc
C:\opt\python-3.12.10-embed-amd64\python312\lib2to3\fixes\fix_intern.pyc
C:\opt\python-3.12.10-embed-amd64\python312\lib2to3\fixes\fix_isinstance.pyc
C:\opt\python-3.12.10-embed-amd64\python312\lib2to3\fixes\fix_itertools.pyc
C:\opt\python-3.12.10-embed-amd64\python312\lib2to3\fixes\fix_itertools_imports.pyc
C:\opt\python-3.12.10-embed-amd64\python312\lib2to3\fixes\fix_long.pyc
C:\opt\python-3.12.10-embed-amd64\python312\lib2to3\fixes\fix_map.pyc
C:\opt\python-3.12.10-embed-amd64\python312\lib2to3\fixes\fix_metaclass.pyc
C:\opt\python-3.12.10-embed-amd64\python312\lib2to3\fixes\fix_methodattrs.pyc
C:\opt\python-3.12.10-embed-amd64\python312\lib2to3\fixes\fix_ne.pyc
C:\opt\python-3.12.10-embed-amd64\python312\lib2to3\fixes\fix_next.pyc
C:\opt\python-3.12.10-embed-amd64\python312\lib2to3\fixes\fix_nonzero.pyc
C:\opt\python-3.12.10-embed-amd64\python312\lib2to3\fixes\fix_numliterals.pyc
C:\opt\python-3.12.10-embed-amd64\python312\lib2to3\fixes\fix_operator.pyc
C:\opt\python-3.12.10-embed-amd64\python312\lib2to3\fixes\fix_paren.pyc
C:\opt\python-3.12.10-embed-amd64\python312\lib2to3\fixes\fix_print.pyc
C:\opt\python-3.12.10-embed-amd64\python312\lib2to3\fixes\fix_raise.pyc
C:\opt\python-3.12.10-embed-amd64\python312\lib2to3\fixes\fix_raw_input.pyc
C:\opt\python-3.12.10-embed-amd64\python312\lib2to3\fixes\fix_reduce.pyc
C:\opt\python-3.12.10-embed-amd64\python312\lib2to3\fixes\fix_reload.pyc
C:\opt\python-3.12.10-embed-amd64\python312\lib2to3\fixes\fix_renames.pyc
C:\opt\python-3.12.10-embed-amd64\python312\lib2to3\fixes\fix_repr.pyc
C:\opt\python-3.12.10-embed-amd64\python312\lib2to3\fixes\fix_set_literal.pyc
C:\opt\python-3.12.10-embed-amd64\python312\lib2to3\fixes\fix_standarderror.pyc
C:\opt\python-3.12.10-embed-amd64\python312\lib2to3\fixes\fix_sys_exc.pyc
C:\opt\python-3.12.10-embed-amd64\python312\lib2to3\fixes\fix_throw.pyc
C:\opt\python-3.12.10-embed-amd64\python312\lib2to3\fixes\fix_tuple_params.pyc
C:\opt\python-3.12.10-embed-amd64\python312\lib2to3\fixes\fix_types.pyc
C:\opt\python-3.12.10-embed-amd64\python312\lib2to3\fixes\fix_unicode.pyc
C:\opt\python-3.12.10-embed-amd64\python312\lib2to3\fixes\fix_urllib.pyc
C:\opt\python-3.12.10-embed-amd64\python312\lib2to3\fixes\fix_ws_comma.pyc
C:\opt\python-3.12.10-embed-amd64\python312\lib2to3\fixes\fix_xrange.pyc
C:\opt\python-3.12.10-embed-amd64\python312\lib2to3\fixes\fix_xreadlines.pyc
C:\opt\python-3.12.10-embed-amd64\python312\lib2to3\fixes\fix_zip.pyc
C:\opt\python-3.12.10-embed-amd64\python312\lib2to3\fixes\__init__.pyc
C:\opt\python-3.12.10-embed-amd64\python312\lib2to3\pgen2\conv.pyc
C:\opt\python-3.12.10-embed-amd64\python312\lib2to3\pgen2\driver.pyc
C:\opt\python-3.12.10-embed-amd64\python312\lib2to3\pgen2\grammar.pyc
C:\opt\python-3.12.10-embed-amd64\python312\lib2to3\pgen2\literals.pyc
C:\opt\python-3.12.10-embed-amd64\python312\lib2to3\pgen2\parse.pyc
C:\opt\python-3.12.10-embed-amd64\python312\lib2to3\pgen2\pgen.pyc
C:\opt\python-3.12.10-embed-amd64\python312\lib2to3\pgen2\token.pyc
C:\opt\python-3.12.10-embed-amd64\python312\lib2to3\pgen2\tokenize.pyc
C:\opt\python-3.12.10-embed-amd64\python312\lib2to3\pgen2\__init__.pyc
C:\opt\python-3.12.10-embed-amd64\python312\logging\config.pyc
C:\opt\python-3.12.10-embed-amd64\python312\logging\handlers.pyc
C:\opt\python-3.12.10-embed-amd64\python312\logging\__init__.pyc
C:\opt\python-3.12.10-embed-amd64\python312\msilib\schema.pyc
C:\opt\python-3.12.10-embed-amd64\python312\msilib\sequence.pyc
C:\opt\python-3.12.10-embed-amd64\python312\msilib\text.pyc
C:\opt\python-3.12.10-embed-amd64\python312\msilib\__init__.pyc
C:\opt\python-3.12.10-embed-amd64\python312\multiprocessing\connection.pyc
C:\opt\python-3.12.10-embed-amd64\python312\multiprocessing\context.pyc
C:\opt\python-3.12.10-embed-amd64\python312\multiprocessing\forkserver.pyc
C:\opt\python-3.12.10-embed-amd64\python312\multiprocessing\heap.pyc
C:\opt\python-3.12.10-embed-amd64\python312\multiprocessing\managers.pyc
C:\opt\python-3.12.10-embed-amd64\python312\multiprocessing\pool.pyc
C:\opt\python-3.12.10-embed-amd64\python312\multiprocessing\popen_fork.pyc
C:\opt\python-3.12.10-embed-amd64\python312\multiprocessing\popen_forkserver.pyc
C:\opt\python-3.12.10-embed-amd64\python312\multiprocessing\popen_spawn_posix.pyc
C:\opt\python-3.12.10-embed-amd64\python312\multiprocessing\popen_spawn_win32.pyc
C:\opt\python-3.12.10-embed-amd64\python312\multiprocessing\process.pyc
C:\opt\python-3.12.10-embed-amd64\python312\multiprocessing\queues.pyc
C:\opt\python-3.12.10-embed-amd64\python312\multiprocessing\reduction.pyc
C:\opt\python-3.12.10-embed-amd64\python312\multiprocessing\resource_sharer.pyc
C:\opt\python-3.12.10-embed-amd64\python312\multiprocessing\resource_tracker.pyc
C:\opt\python-3.12.10-embed-amd64\python312\multiprocessing\sharedctypes.pyc
C:\opt\python-3.12.10-embed-amd64\python312\multiprocessing\shared_memory.pyc
C:\opt\python-3.12.10-embed-amd64\python312\multiprocessing\spawn.pyc
C:\opt\python-3.12.10-embed-amd64\python312\multiprocessing\synchronize.pyc
C:\opt\python-3.12.10-embed-amd64\python312\multiprocessing\util.pyc
C:\opt\python-3.12.10-embed-amd64\python312\multiprocessing\__init__.pyc
C:\opt\python-3.12.10-embed-amd64\python312\multiprocessing\dummy\connection.pyc
C:\opt\python-3.12.10-embed-amd64\python312\multiprocessing\dummy\__init__.pyc
C:\opt\python-3.12.10-embed-amd64\python312\pydoc_data\topics.pyc
C:\opt\python-3.12.10-embed-amd64\python312\pydoc_data\_pydoc.css
C:\opt\python-3.12.10-embed-amd64\python312\pydoc_data\__init__.pyc
C:\opt\python-3.12.10-embed-amd64\python312\re\_casefix.pyc
C:\opt\python-3.12.10-embed-amd64\python312\re\_compiler.pyc
C:\opt\python-3.12.10-embed-amd64\python312\re\_constants.pyc
C:\opt\python-3.12.10-embed-amd64\python312\re\_parser.pyc
C:\opt\python-3.12.10-embed-amd64\python312\re\__init__.pyc
C:\opt\python-3.12.10-embed-amd64\python312\site-packages\README.txt
C:\opt\python-3.12.10-embed-amd64\python312\sqlite3\dbapi2.pyc
C:\opt\python-3.12.10-embed-amd64\python312\sqlite3\dump.pyc
C:\opt\python-3.12.10-embed-amd64\python312\sqlite3\__init__.pyc
C:\opt\python-3.12.10-embed-amd64\python312\sqlite3\__main__.pyc
C:\opt\python-3.12.10-embed-amd64\python312\tomllib\_parser.pyc
C:\opt\python-3.12.10-embed-amd64\python312\tomllib\_re.pyc
C:\opt\python-3.12.10-embed-amd64\python312\tomllib\_types.pyc
C:\opt\python-3.12.10-embed-amd64\python312\tomllib\__init__.pyc
C:\opt\python-3.12.10-embed-amd64\python312\unittest\async_case.pyc
C:\opt\python-3.12.10-embed-amd64\python312\unittest\case.pyc
C:\opt\python-3.12.10-embed-amd64\python312\unittest\loader.pyc
C:\opt\python-3.12.10-embed-amd64\python312\unittest\main.pyc
C:\opt\python-3.12.10-embed-amd64\python312\unittest\mock.pyc
C:\opt\python-3.12.10-embed-amd64\python312\unittest\result.pyc
C:\opt\python-3.12.10-embed-amd64\python312\unittest\runner.pyc
C:\opt\python-3.12.10-embed-amd64\python312\unittest\signals.pyc
C:\opt\python-3.12.10-embed-amd64\python312\unittest\suite.pyc
C:\opt\python-3.12.10-embed-amd64\python312\unittest\util.pyc
C:\opt\python-3.12.10-embed-amd64\python312\unittest\_log.pyc
C:\opt\python-3.12.10-embed-amd64\python312\unittest\__init__.pyc
C:\opt\python-3.12.10-embed-amd64\python312\unittest\__main__.pyc
C:\opt\python-3.12.10-embed-amd64\python312\urllib\error.pyc
C:\opt\python-3.12.10-embed-amd64\python312\urllib\parse.pyc
C:\opt\python-3.12.10-embed-amd64\python312\urllib\request.pyc
C:\opt\python-3.12.10-embed-amd64\python312\urllib\response.pyc
C:\opt\python-3.12.10-embed-amd64\python312\urllib\robotparser.pyc
C:\opt\python-3.12.10-embed-amd64\python312\urllib\__init__.pyc
C:\opt\python-3.12.10-embed-amd64\python312\wsgiref\handlers.pyc
C:\opt\python-3.12.10-embed-amd64\python312\wsgiref\headers.pyc
C:\opt\python-3.12.10-embed-amd64\python312\wsgiref\simple_server.pyc
C:\opt\python-3.12.10-embed-amd64\python312\wsgiref\types.pyc
C:\opt\python-3.12.10-embed-amd64\python312\wsgiref\util.pyc
C:\opt\python-3.12.10-embed-amd64\python312\wsgiref\validate.pyc
C:\opt\python-3.12.10-embed-amd64\python312\wsgiref\__init__.pyc
C:\opt\python-3.12.10-embed-amd64\python312\xml\__init__.pyc
C:\opt\python-3.12.10-embed-amd64\python312\xml\dom\domreg.pyc
C:\opt\python-3.12.10-embed-amd64\python312\xml\dom\expatbuilder.pyc
C:\opt\python-3.12.10-embed-amd64\python312\xml\dom\minicompat.pyc
C:\opt\python-3.12.10-embed-amd64\python312\xml\dom\minidom.pyc
C:\opt\python-3.12.10-embed-amd64\python312\xml\dom\NodeFilter.pyc
C:\opt\python-3.12.10-embed-amd64\python312\xml\dom\pulldom.pyc
C:\opt\python-3.12.10-embed-amd64\python312\xml\dom\xmlbuilder.pyc
C:\opt\python-3.12.10-embed-amd64\python312\xml\dom\__init__.pyc
C:\opt\python-3.12.10-embed-amd64\python312\xml\etree\cElementTree.pyc
C:\opt\python-3.12.10-embed-amd64\python312\xml\etree\ElementInclude.pyc
C:\opt\python-3.12.10-embed-amd64\python312\xml\etree\ElementPath.pyc
C:\opt\python-3.12.10-embed-amd64\python312\xml\etree\ElementTree.pyc
C:\opt\python-3.12.10-embed-amd64\python312\xml\etree\__init__.pyc
C:\opt\python-3.12.10-embed-amd64\python312\xml\parsers\expat.pyc
C:\opt\python-3.12.10-embed-amd64\python312\xml\parsers\__init__.pyc
C:\opt\python-3.12.10-embed-amd64\python312\xml\sax\expatreader.pyc
C:\opt\python-3.12.10-embed-amd64\python312\xml\sax\handler.pyc
C:\opt\python-3.12.10-embed-amd64\python312\xml\sax\saxutils.pyc
C:\opt\python-3.12.10-embed-amd64\python312\xml\sax\xmlreader.pyc
C:\opt\python-3.12.10-embed-amd64\python312\xml\sax\_exceptions.pyc
C:\opt\python-3.12.10-embed-amd64\python312\xml\sax\__init__.pyc
C:\opt\python-3.12.10-embed-amd64\python312\xmlrpc\client.pyc
C:\opt\python-3.12.10-embed-amd64\python312\xmlrpc\server.pyc
C:\opt\python-3.12.10-embed-amd64\python312\xmlrpc\__init__.pyc
C:\opt\python-3.12.10-embed-amd64\python312\zipfile\__init__.pyc
C:\opt\python-3.12.10-embed-amd64\python312\zipfile\__main__.pyc
C:\opt\python-3.12.10-embed-amd64\python312\zipfile\_path\glob.pyc
C:\opt\python-3.12.10-embed-amd64\python312\zipfile\_path\__init__.pyc
C:\opt\python-3.12.10-embed-amd64\python312\zoneinfo\_common.pyc
C:\opt\python-3.12.10-embed-amd64\python312\zoneinfo\_tzpath.pyc
C:\opt\python-3.12.10-embed-amd64\python312\zoneinfo\_zoneinfo.pyc
C:\opt\python-3.12.10-embed-amd64\python312\zoneinfo\__init__.pyc
C:\opt\python-3.12.10-embed-amd64\python312\__phello__\spam.pyc
C:\opt\python-3.12.10-embed-amd64\python312\__phello__\__init__.pyc
C:\opt\python-3.12.10-embed-amd64\python312\__phello__\ham\eggs.pyc
C:\opt\python-3.12.10-embed-amd64\python312\__phello__\ham\__init__.pyc
C:\opt\python-3.12.10-embed-amd64\Scripts\pip.exe
C:\opt\python-3.12.10-embed-amd64\Scripts\pip3.12.exe
C:\opt\python-3.12.10-embed-amd64\Scripts\pip3.exe
1519 File(s) copied
Collecting setuptools==80.9.0
  Using cached setuptools-80.9.0-py3-none-any.whl.metadata (6.6 kB)
Collecting Jinja2==3.1.6
  Using cached jinja2-3.1.6-py3-none-any.whl.metadata (2.9 kB)
Collecting MarkupSafe==3.0.2
  Using cached MarkupSafe-3.0.2-cp312-cp312-win_amd64.whl.metadata (4.1 kB)
Using cached setuptools-80.9.0-py3-none-any.whl (1.2 MB)
Using cached jinja2-3.1.6-py3-none-any.whl (134 kB)
Using cached MarkupSafe-3.0.2-cp312-cp312-win_amd64.whl (15 kB)
Installing collected packages: setuptools, MarkupSafe, Jinja2

Successfully installed Jinja2-3.1.6 MarkupSafe-3.0.2 setuptools-80.9.0
The system cannot find the drive specified.
Skipping Optimum CLI tooling bundle (no --with_optimum)
        1 file(s) copied.
        1 file(s) copied.
        1 file(s) copied.
        1 file(s) copied.
        1 file(s) copied.
        1 file(s) copied.
        1 file(s) copied.
        1 file(s) copied.
        1 file(s) copied.
C:\git\gemmamonster-2026.4-unified-20260911\bazel-out\x64_windows-opt\bin\external\espeak_ng\copy_espeak-ng\espeak-ng\share\espeak-ng-data\af_dict
C:\git\gemmamonster-2026.4-unified-20260911\bazel-out\x64_windows-opt\bin\external\espeak_ng\copy_espeak-ng\espeak-ng\share\espeak-ng-data\am_dict
C:\git\gemmamonster-2026.4-unified-20260911\bazel-out\x64_windows-opt\bin\external\espeak_ng\copy_espeak-ng\espeak-ng\share\espeak-ng-data\an_dict
C:\git\gemmamonster-2026.4-unified-20260911\bazel-out\x64_windows-opt\bin\external\espeak_ng\copy_espeak-ng\espeak-ng\share\espeak-ng-data\ar_dict
C:\git\gemmamonster-2026.4-unified-20260911\bazel-out\x64_windows-opt\bin\external\espeak_ng\copy_espeak-ng\espeak-ng\share\espeak-ng-data\as_dict
C:\git\gemmamonster-2026.4-unified-20260911\bazel-out\x64_windows-opt\bin\external\espeak_ng\copy_espeak-ng\espeak-ng\share\espeak-ng-data\az_dict
C:\git\gemmamonster-2026.4-unified-20260911\bazel-out\x64_windows-opt\bin\external\espeak_ng\copy_espeak-ng\espeak-ng\share\espeak-ng-data\ba_dict
C:\git\gemmamonster-2026.4-unified-20260911\bazel-out\x64_windows-opt\bin\external\espeak_ng\copy_espeak-ng\espeak-ng\share\espeak-ng-data\be_dict
C:\git\gemmamonster-2026.4-unified-20260911\bazel-out\x64_windows-opt\bin\external\espeak_ng\copy_espeak-ng\espeak-ng\share\espeak-ng-data\bg_dict
C:\git\gemmamonster-2026.4-unified-20260911\bazel-out\x64_windows-opt\bin\external\espeak_ng\copy_espeak-ng\espeak-ng\share\espeak-ng-data\bn_dict
C:\git\gemmamonster-2026.4-unified-20260911\bazel-out\x64_windows-opt\bin\external\espeak_ng\copy_espeak-ng\espeak-ng\share\espeak-ng-data\bpy_dict
C:\git\gemmamonster-2026.4-unified-20260911\bazel-out\x64_windows-opt\bin\external\espeak_ng\copy_espeak-ng\espeak-ng\share\espeak-ng-data\bs_dict
C:\git\gemmamonster-2026.4-unified-20260911\bazel-out\x64_windows-opt\bin\external\espeak_ng\copy_espeak-ng\espeak-ng\share\espeak-ng-data\ca_dict
C:\git\gemmamonster-2026.4-unified-20260911\bazel-out\x64_windows-opt\bin\external\espeak_ng\copy_espeak-ng\espeak-ng\share\espeak-ng-data\chr_dict
C:\git\gemmamonster-2026.4-unified-20260911\bazel-out\x64_windows-opt\bin\external\espeak_ng\copy_espeak-ng\espeak-ng\share\espeak-ng-data\cmn_dict
C:\git\gemmamonster-2026.4-unified-20260911\bazel-out\x64_windows-opt\bin\external\espeak_ng\copy_espeak-ng\espeak-ng\share\espeak-ng-data\cs_dict
C:\git\gemmamonster-2026.4-unified-20260911\bazel-out\x64_windows-opt\bin\external\espeak_ng\copy_espeak-ng\espeak-ng\share\espeak-ng-data\cv_dict
C:\git\gemmamonster-2026.4-unified-20260911\bazel-out\x64_windows-opt\bin\external\espeak_ng\copy_espeak-ng\espeak-ng\share\espeak-ng-data\cy_dict
C:\git\gemmamonster-2026.4-unified-20260911\bazel-out\x64_windows-opt\bin\external\espeak_ng\copy_espeak-ng\espeak-ng\share\espeak-ng-data\da_dict
C:\git\gemmamonster-2026.4-unified-20260911\bazel-out\x64_windows-opt\bin\external\espeak_ng\copy_espeak-ng\espeak-ng\share\espeak-ng-data\de_dict
C:\git\gemmamonster-2026.4-unified-20260911\bazel-out\x64_windows-opt\bin\external\espeak_ng\copy_espeak-ng\espeak-ng\share\espeak-ng-data\el_dict
C:\git\gemmamonster-2026.4-unified-20260911\bazel-out\x64_windows-opt\bin\external\espeak_ng\copy_espeak-ng\espeak-ng\share\espeak-ng-data\en_dict
C:\git\gemmamonster-2026.4-unified-20260911\bazel-out\x64_windows-opt\bin\external\espeak_ng\copy_espeak-ng\espeak-ng\share\espeak-ng-data\eo_dict
C:\git\gemmamonster-2026.4-unified-20260911\bazel-out\x64_windows-opt\bin\external\espeak_ng\copy_espeak-ng\espeak-ng\share\espeak-ng-data\es_dict
C:\git\gemmamonster-2026.4-unified-20260911\bazel-out\x64_windows-opt\bin\external\espeak_ng\copy_espeak-ng\espeak-ng\share\espeak-ng-data\et_dict
C:\git\gemmamonster-2026.4-unified-20260911\bazel-out\x64_windows-opt\bin\external\espeak_ng\copy_espeak-ng\espeak-ng\share\espeak-ng-data\eu_dict
C:\git\gemmamonster-2026.4-unified-20260911\bazel-out\x64_windows-opt\bin\external\espeak_ng\copy_espeak-ng\espeak-ng\share\espeak-ng-data\fa_dict
C:\git\gemmamonster-2026.4-unified-20260911\bazel-out\x64_windows-opt\bin\external\espeak_ng\copy_espeak-ng\espeak-ng\share\espeak-ng-data\fi_dict
C:\git\gemmamonster-2026.4-unified-20260911\bazel-out\x64_windows-opt\bin\external\espeak_ng\copy_espeak-ng\espeak-ng\share\espeak-ng-data\fr_dict
C:\git\gemmamonster-2026.4-unified-20260911\bazel-out\x64_windows-opt\bin\external\espeak_ng\copy_espeak-ng\espeak-ng\share\espeak-ng-data\ga_dict
C:\git\gemmamonster-2026.4-unified-20260911\bazel-out\x64_windows-opt\bin\external\espeak_ng\copy_espeak-ng\espeak-ng\share\espeak-ng-data\gd_dict
C:\git\gemmamonster-2026.4-unified-20260911\bazel-out\x64_windows-opt\bin\external\espeak_ng\copy_espeak-ng\espeak-ng\share\espeak-ng-data\gn_dict
C:\git\gemmamonster-2026.4-unified-20260911\bazel-out\x64_windows-opt\bin\external\espeak_ng\copy_espeak-ng\espeak-ng\share\espeak-ng-data\grc_dict
C:\git\gemmamonster-2026.4-unified-20260911\bazel-out\x64_windows-opt\bin\external\espeak_ng\copy_espeak-ng\espeak-ng\share\espeak-ng-data\gu_dict
C:\git\gemmamonster-2026.4-unified-20260911\bazel-out\x64_windows-opt\bin\external\espeak_ng\copy_espeak-ng\espeak-ng\share\espeak-ng-data\hak_dict
C:\git\gemmamonster-2026.4-unified-20260911\bazel-out\x64_windows-opt\bin\external\espeak_ng\copy_espeak-ng\espeak-ng\share\espeak-ng-data\haw_dict
C:\git\gemmamonster-2026.4-unified-20260911\bazel-out\x64_windows-opt\bin\external\espeak_ng\copy_espeak-ng\espeak-ng\share\espeak-ng-data\he_dict
C:\git\gemmamonster-2026.4-unified-20260911\bazel-out\x64_windows-opt\bin\external\espeak_ng\copy_espeak-ng\espeak-ng\share\espeak-ng-data\hi_dict
C:\git\gemmamonster-2026.4-unified-20260911\bazel-out\x64_windows-opt\bin\external\espeak_ng\copy_espeak-ng\espeak-ng\share\espeak-ng-data\hr_dict
C:\git\gemmamonster-2026.4-unified-20260911\bazel-out\x64_windows-opt\bin\external\espeak_ng\copy_espeak-ng\espeak-ng\share\espeak-ng-data\ht_dict
C:\git\gemmamonster-2026.4-unified-20260911\bazel-out\x64_windows-opt\bin\external\espeak_ng\copy_espeak-ng\espeak-ng\share\espeak-ng-data\hu_dict
C:\git\gemmamonster-2026.4-unified-20260911\bazel-out\x64_windows-opt\bin\external\espeak_ng\copy_espeak-ng\espeak-ng\share\espeak-ng-data\hy_dict
C:\git\gemmamonster-2026.4-unified-20260911\bazel-out\x64_windows-opt\bin\external\espeak_ng\copy_espeak-ng\espeak-ng\share\espeak-ng-data\ia_dict
C:\git\gemmamonster-2026.4-unified-20260911\bazel-out\x64_windows-opt\bin\external\espeak_ng\copy_espeak-ng\espeak-ng\share\espeak-ng-data\id_dict
C:\git\gemmamonster-2026.4-unified-20260911\bazel-out\x64_windows-opt\bin\external\espeak_ng\copy_espeak-ng\espeak-ng\share\espeak-ng-data\intonations
C:\git\gemmamonster-2026.4-unified-20260911\bazel-out\x64_windows-opt\bin\external\espeak_ng\copy_espeak-ng\espeak-ng\share\espeak-ng-data\io_dict
C:\git\gemmamonster-2026.4-unified-20260911\bazel-out\x64_windows-opt\bin\external\espeak_ng\copy_espeak-ng\espeak-ng\share\espeak-ng-data\is_dict
C:\git\gemmamonster-2026.4-unified-20260911\bazel-out\x64_windows-opt\bin\external\espeak_ng\copy_espeak-ng\espeak-ng\share\espeak-ng-data\it_dict
C:\git\gemmamonster-2026.4-unified-20260911\bazel-out\x64_windows-opt\bin\external\espeak_ng\copy_espeak-ng\espeak-ng\share\espeak-ng-data\ja_dict
C:\git\gemmamonster-2026.4-unified-20260911\bazel-out\x64_windows-opt\bin\external\espeak_ng\copy_espeak-ng\espeak-ng\share\espeak-ng-data\jbo_dict
C:\git\gemmamonster-2026.4-unified-20260911\bazel-out\x64_windows-opt\bin\external\espeak_ng\copy_espeak-ng\espeak-ng\share\espeak-ng-data\ka_dict
C:\git\gemmamonster-2026.4-unified-20260911\bazel-out\x64_windows-opt\bin\external\espeak_ng\copy_espeak-ng\espeak-ng\share\espeak-ng-data\kk_dict
C:\git\gemmamonster-2026.4-unified-20260911\bazel-out\x64_windows-opt\bin\external\espeak_ng\copy_espeak-ng\espeak-ng\share\espeak-ng-data\kl_dict
C:\git\gemmamonster-2026.4-unified-20260911\bazel-out\x64_windows-opt\bin\external\espeak_ng\copy_espeak-ng\espeak-ng\share\espeak-ng-data\kn_dict
C:\git\gemmamonster-2026.4-unified-20260911\bazel-out\x64_windows-opt\bin\external\espeak_ng\copy_espeak-ng\espeak-ng\share\espeak-ng-data\kok_dict
C:\git\gemmamonster-2026.4-unified-20260911\bazel-out\x64_windows-opt\bin\external\espeak_ng\copy_espeak-ng\espeak-ng\share\espeak-ng-data\ko_dict
C:\git\gemmamonster-2026.4-unified-20260911\bazel-out\x64_windows-opt\bin\external\espeak_ng\copy_espeak-ng\espeak-ng\share\espeak-ng-data\ku_dict
C:\git\gemmamonster-2026.4-unified-20260911\bazel-out\x64_windows-opt\bin\external\espeak_ng\copy_espeak-ng\espeak-ng\share\espeak-ng-data\ky_dict
C:\git\gemmamonster-2026.4-unified-20260911\bazel-out\x64_windows-opt\bin\external\espeak_ng\copy_espeak-ng\espeak-ng\share\espeak-ng-data\la_dict
C:\git\gemmamonster-2026.4-unified-20260911\bazel-out\x64_windows-opt\bin\external\espeak_ng\copy_espeak-ng\espeak-ng\share\espeak-ng-data\lb_dict
C:\git\gemmamonster-2026.4-unified-20260911\bazel-out\x64_windows-opt\bin\external\espeak_ng\copy_espeak-ng\espeak-ng\share\espeak-ng-data\lfn_dict
C:\git\gemmamonster-2026.4-unified-20260911\bazel-out\x64_windows-opt\bin\external\espeak_ng\copy_espeak-ng\espeak-ng\share\espeak-ng-data\lt_dict
C:\git\gemmamonster-2026.4-unified-20260911\bazel-out\x64_windows-opt\bin\external\espeak_ng\copy_espeak-ng\espeak-ng\share\espeak-ng-data\lv_dict
C:\git\gemmamonster-2026.4-unified-20260911\bazel-out\x64_windows-opt\bin\external\espeak_ng\copy_espeak-ng\espeak-ng\share\espeak-ng-data\mi_dict
C:\git\gemmamonster-2026.4-unified-20260911\bazel-out\x64_windows-opt\bin\external\espeak_ng\copy_espeak-ng\espeak-ng\share\espeak-ng-data\mk_dict
C:\git\gemmamonster-2026.4-unified-20260911\bazel-out\x64_windows-opt\bin\external\espeak_ng\copy_espeak-ng\espeak-ng\share\espeak-ng-data\ml_dict
C:\git\gemmamonster-2026.4-unified-20260911\bazel-out\x64_windows-opt\bin\external\espeak_ng\copy_espeak-ng\espeak-ng\share\espeak-ng-data\mr_dict
C:\git\gemmamonster-2026.4-unified-20260911\bazel-out\x64_windows-opt\bin\external\espeak_ng\copy_espeak-ng\espeak-ng\share\espeak-ng-data\ms_dict
C:\git\gemmamonster-2026.4-unified-20260911\bazel-out\x64_windows-opt\bin\external\espeak_ng\copy_espeak-ng\espeak-ng\share\espeak-ng-data\mto_dict
C:\git\gemmamonster-2026.4-unified-20260911\bazel-out\x64_windows-opt\bin\external\espeak_ng\copy_espeak-ng\espeak-ng\share\espeak-ng-data\mt_dict
C:\git\gemmamonster-2026.4-unified-20260911\bazel-out\x64_windows-opt\bin\external\espeak_ng\copy_espeak-ng\espeak-ng\share\espeak-ng-data\my_dict
C:\git\gemmamonster-2026.4-unified-20260911\bazel-out\x64_windows-opt\bin\external\espeak_ng\copy_espeak-ng\espeak-ng\share\espeak-ng-data\nci_dict
C:\git\gemmamonster-2026.4-unified-20260911\bazel-out\x64_windows-opt\bin\external\espeak_ng\copy_espeak-ng\espeak-ng\share\espeak-ng-data\ne_dict
C:\git\gemmamonster-2026.4-unified-20260911\bazel-out\x64_windows-opt\bin\external\espeak_ng\copy_espeak-ng\espeak-ng\share\espeak-ng-data\nl_dict
C:\git\gemmamonster-2026.4-unified-20260911\bazel-out\x64_windows-opt\bin\external\espeak_ng\copy_espeak-ng\espeak-ng\share\espeak-ng-data\nog_dict
C:\git\gemmamonster-2026.4-unified-20260911\bazel-out\x64_windows-opt\bin\external\espeak_ng\copy_espeak-ng\espeak-ng\share\espeak-ng-data\no_dict
C:\git\gemmamonster-2026.4-unified-20260911\bazel-out\x64_windows-opt\bin\external\espeak_ng\copy_espeak-ng\espeak-ng\share\espeak-ng-data\om_dict
C:\git\gemmamonster-2026.4-unified-20260911\bazel-out\x64_windows-opt\bin\external\espeak_ng\copy_espeak-ng\espeak-ng\share\espeak-ng-data\or_dict
C:\git\gemmamonster-2026.4-unified-20260911\bazel-out\x64_windows-opt\bin\external\espeak_ng\copy_espeak-ng\espeak-ng\share\espeak-ng-data\pap_dict
C:\git\gemmamonster-2026.4-unified-20260911\bazel-out\x64_windows-opt\bin\external\espeak_ng\copy_espeak-ng\espeak-ng\share\espeak-ng-data\pa_dict
C:\git\gemmamonster-2026.4-unified-20260911\bazel-out\x64_windows-opt\bin\external\espeak_ng\copy_espeak-ng\espeak-ng\share\espeak-ng-data\phondata
C:\git\gemmamonster-2026.4-unified-20260911\bazel-out\x64_windows-opt\bin\external\espeak_ng\copy_espeak-ng\espeak-ng\share\espeak-ng-data\phondata-manifest
C:\git\gemmamonster-2026.4-unified-20260911\bazel-out\x64_windows-opt\bin\external\espeak_ng\copy_espeak-ng\espeak-ng\share\espeak-ng-data\phonindex
C:\git\gemmamonster-2026.4-unified-20260911\bazel-out\x64_windows-opt\bin\external\espeak_ng\copy_espeak-ng\espeak-ng\share\espeak-ng-data\phontab
C:\git\gemmamonster-2026.4-unified-20260911\bazel-out\x64_windows-opt\bin\external\espeak_ng\copy_espeak-ng\espeak-ng\share\espeak-ng-data\piqd_dict
C:\git\gemmamonster-2026.4-unified-20260911\bazel-out\x64_windows-opt\bin\external\espeak_ng\copy_espeak-ng\espeak-ng\share\espeak-ng-data\pl_dict
C:\git\gemmamonster-2026.4-unified-20260911\bazel-out\x64_windows-opt\bin\external\espeak_ng\copy_espeak-ng\espeak-ng\share\espeak-ng-data\pt_dict
C:\git\gemmamonster-2026.4-unified-20260911\bazel-out\x64_windows-opt\bin\external\espeak_ng\copy_espeak-ng\espeak-ng\share\espeak-ng-data\py_dict
C:\git\gemmamonster-2026.4-unified-20260911\bazel-out\x64_windows-opt\bin\external\espeak_ng\copy_espeak-ng\espeak-ng\share\espeak-ng-data\qdb_dict
C:\git\gemmamonster-2026.4-unified-20260911\bazel-out\x64_windows-opt\bin\external\espeak_ng\copy_espeak-ng\espeak-ng\share\espeak-ng-data\quc_dict
C:\git\gemmamonster-2026.4-unified-20260911\bazel-out\x64_windows-opt\bin\external\espeak_ng\copy_espeak-ng\espeak-ng\share\espeak-ng-data\qu_dict
C:\git\gemmamonster-2026.4-unified-20260911\bazel-out\x64_windows-opt\bin\external\espeak_ng\copy_espeak-ng\espeak-ng\share\espeak-ng-data\qya_dict
C:\git\gemmamonster-2026.4-unified-20260911\bazel-out\x64_windows-opt\bin\external\espeak_ng\copy_espeak-ng\espeak-ng\share\espeak-ng-data\ro_dict
C:\git\gemmamonster-2026.4-unified-20260911\bazel-out\x64_windows-opt\bin\external\espeak_ng\copy_espeak-ng\espeak-ng\share\espeak-ng-data\ru_dict
C:\git\gemmamonster-2026.4-unified-20260911\bazel-out\x64_windows-opt\bin\external\espeak_ng\copy_espeak-ng\espeak-ng\share\espeak-ng-data\sd_dict
C:\git\gemmamonster-2026.4-unified-20260911\bazel-out\x64_windows-opt\bin\external\espeak_ng\copy_espeak-ng\espeak-ng\share\espeak-ng-data\shn_dict
C:\git\gemmamonster-2026.4-unified-20260911\bazel-out\x64_windows-opt\bin\external\espeak_ng\copy_espeak-ng\espeak-ng\share\espeak-ng-data\si_dict
C:\git\gemmamonster-2026.4-unified-20260911\bazel-out\x64_windows-opt\bin\external\espeak_ng\copy_espeak-ng\espeak-ng\share\espeak-ng-data\sjn_dict
C:\git\gemmamonster-2026.4-unified-20260911\bazel-out\x64_windows-opt\bin\external\espeak_ng\copy_espeak-ng\espeak-ng\share\espeak-ng-data\sk_dict
C:\git\gemmamonster-2026.4-unified-20260911\bazel-out\x64_windows-opt\bin\external\espeak_ng\copy_espeak-ng\espeak-ng\share\espeak-ng-data\sl_dict
C:\git\gemmamonster-2026.4-unified-20260911\bazel-out\x64_windows-opt\bin\external\espeak_ng\copy_espeak-ng\espeak-ng\share\espeak-ng-data\smj_dict
C:\git\gemmamonster-2026.4-unified-20260911\bazel-out\x64_windows-opt\bin\external\espeak_ng\copy_espeak-ng\espeak-ng\share\espeak-ng-data\sq_dict
C:\git\gemmamonster-2026.4-unified-20260911\bazel-out\x64_windows-opt\bin\external\espeak_ng\copy_espeak-ng\espeak-ng\share\espeak-ng-data\sr_dict
C:\git\gemmamonster-2026.4-unified-20260911\bazel-out\x64_windows-opt\bin\external\espeak_ng\copy_espeak-ng\espeak-ng\share\espeak-ng-data\sv_dict
C:\git\gemmamonster-2026.4-unified-20260911\bazel-out\x64_windows-opt\bin\external\espeak_ng\copy_espeak-ng\espeak-ng\share\espeak-ng-data\sw_dict
C:\git\gemmamonster-2026.4-unified-20260911\bazel-out\x64_windows-opt\bin\external\espeak_ng\copy_espeak-ng\espeak-ng\share\espeak-ng-data\ta_dict
C:\git\gemmamonster-2026.4-unified-20260911\bazel-out\x64_windows-opt\bin\external\espeak_ng\copy_espeak-ng\espeak-ng\share\espeak-ng-data\te_dict
C:\git\gemmamonster-2026.4-unified-20260911\bazel-out\x64_windows-opt\bin\external\espeak_ng\copy_espeak-ng\espeak-ng\share\espeak-ng-data\th_dict
C:\git\gemmamonster-2026.4-unified-20260911\bazel-out\x64_windows-opt\bin\external\espeak_ng\copy_espeak-ng\espeak-ng\share\espeak-ng-data\ti_dict
C:\git\gemmamonster-2026.4-unified-20260911\bazel-out\x64_windows-opt\bin\external\espeak_ng\copy_espeak-ng\espeak-ng\share\espeak-ng-data\tk_dict
C:\git\gemmamonster-2026.4-unified-20260911\bazel-out\x64_windows-opt\bin\external\espeak_ng\copy_espeak-ng\espeak-ng\share\espeak-ng-data\tn_dict
C:\git\gemmamonster-2026.4-unified-20260911\bazel-out\x64_windows-opt\bin\external\espeak_ng\copy_espeak-ng\espeak-ng\share\espeak-ng-data\tr_dict
C:\git\gemmamonster-2026.4-unified-20260911\bazel-out\x64_windows-opt\bin\external\espeak_ng\copy_espeak-ng\espeak-ng\share\espeak-ng-data\tt_dict
C:\git\gemmamonster-2026.4-unified-20260911\bazel-out\x64_windows-opt\bin\external\espeak_ng\copy_espeak-ng\espeak-ng\share\espeak-ng-data\ug_dict
C:\git\gemmamonster-2026.4-unified-20260911\bazel-out\x64_windows-opt\bin\external\espeak_ng\copy_espeak-ng\espeak-ng\share\espeak-ng-data\uk_dict
C:\git\gemmamonster-2026.4-unified-20260911\bazel-out\x64_windows-opt\bin\external\espeak_ng\copy_espeak-ng\espeak-ng\share\espeak-ng-data\ur_dict
C:\git\gemmamonster-2026.4-unified-20260911\bazel-out\x64_windows-opt\bin\external\espeak_ng\copy_espeak-ng\espeak-ng\share\espeak-ng-data\uz_dict
C:\git\gemmamonster-2026.4-unified-20260911\bazel-out\x64_windows-opt\bin\external\espeak_ng\copy_espeak-ng\espeak-ng\share\espeak-ng-data\vi_dict
C:\git\gemmamonster-2026.4-unified-20260911\bazel-out\x64_windows-opt\bin\external\espeak_ng\copy_espeak-ng\espeak-ng\share\espeak-ng-data\yue_dict
C:\git\gemmamonster-2026.4-unified-20260911\bazel-out\x64_windows-opt\bin\external\espeak_ng\copy_espeak-ng\espeak-ng\share\espeak-ng-data\lang\eu
C:\git\gemmamonster-2026.4-unified-20260911\bazel-out\x64_windows-opt\bin\external\espeak_ng\copy_espeak-ng\espeak-ng\share\espeak-ng-data\lang\ko
C:\git\gemmamonster-2026.4-unified-20260911\bazel-out\x64_windows-opt\bin\external\espeak_ng\copy_espeak-ng\espeak-ng\share\espeak-ng-data\lang\qu
C:\git\gemmamonster-2026.4-unified-20260911\bazel-out\x64_windows-opt\bin\external\espeak_ng\copy_espeak-ng\espeak-ng\share\espeak-ng-data\lang\aav\vi
C:\git\gemmamonster-2026.4-unified-20260911\bazel-out\x64_windows-opt\bin\external\espeak_ng\copy_espeak-ng\espeak-ng\share\espeak-ng-data\lang\aav\vi-VN-x-central
C:\git\gemmamonster-2026.4-unified-20260911\bazel-out\x64_windows-opt\bin\external\espeak_ng\copy_espeak-ng\espeak-ng\share\espeak-ng-data\lang\aav\vi-VN-x-south
C:\git\gemmamonster-2026.4-unified-20260911\bazel-out\x64_windows-opt\bin\external\espeak_ng\copy_espeak-ng\espeak-ng\share\espeak-ng-data\lang\art\eo
C:\git\gemmamonster-2026.4-unified-20260911\bazel-out\x64_windows-opt\bin\external\espeak_ng\copy_espeak-ng\espeak-ng\share\espeak-ng-data\lang\art\ia
C:\git\gemmamonster-2026.4-unified-20260911\bazel-out\x64_windows-opt\bin\external\espeak_ng\copy_espeak-ng\espeak-ng\share\espeak-ng-data\lang\art\io
C:\git\gemmamonster-2026.4-unified-20260911\bazel-out\x64_windows-opt\bin\external\espeak_ng\copy_espeak-ng\espeak-ng\share\espeak-ng-data\lang\art\jbo
C:\git\gemmamonster-2026.4-unified-20260911\bazel-out\x64_windows-opt\bin\external\espeak_ng\copy_espeak-ng\espeak-ng\share\espeak-ng-data\lang\art\lfn
C:\git\gemmamonster-2026.4-unified-20260911\bazel-out\x64_windows-opt\bin\external\espeak_ng\copy_espeak-ng\espeak-ng\share\espeak-ng-data\lang\art\piqd
C:\git\gemmamonster-2026.4-unified-20260911\bazel-out\x64_windows-opt\bin\external\espeak_ng\copy_espeak-ng\espeak-ng\share\espeak-ng-data\lang\art\py
C:\git\gemmamonster-2026.4-unified-20260911\bazel-out\x64_windows-opt\bin\external\espeak_ng\copy_espeak-ng\espeak-ng\share\espeak-ng-data\lang\art\qdb
C:\git\gemmamonster-2026.4-unified-20260911\bazel-out\x64_windows-opt\bin\external\espeak_ng\copy_espeak-ng\espeak-ng\share\espeak-ng-data\lang\art\qya
C:\git\gemmamonster-2026.4-unified-20260911\bazel-out\x64_windows-opt\bin\external\espeak_ng\copy_espeak-ng\espeak-ng\share\espeak-ng-data\lang\art\sjn
C:\git\gemmamonster-2026.4-unified-20260911\bazel-out\x64_windows-opt\bin\external\espeak_ng\copy_espeak-ng\espeak-ng\share\espeak-ng-data\lang\art\xex
C:\git\gemmamonster-2026.4-unified-20260911\bazel-out\x64_windows-opt\bin\external\espeak_ng\copy_espeak-ng\espeak-ng\share\espeak-ng-data\lang\azc\nci
C:\git\gemmamonster-2026.4-unified-20260911\bazel-out\x64_windows-opt\bin\external\espeak_ng\copy_espeak-ng\espeak-ng\share\espeak-ng-data\lang\bat\lt
C:\git\gemmamonster-2026.4-unified-20260911\bazel-out\x64_windows-opt\bin\external\espeak_ng\copy_espeak-ng\espeak-ng\share\espeak-ng-data\lang\bat\ltg
C:\git\gemmamonster-2026.4-unified-20260911\bazel-out\x64_windows-opt\bin\external\espeak_ng\copy_espeak-ng\espeak-ng\share\espeak-ng-data\lang\bat\lv
C:\git\gemmamonster-2026.4-unified-20260911\bazel-out\x64_windows-opt\bin\external\espeak_ng\copy_espeak-ng\espeak-ng\share\espeak-ng-data\lang\bnt\sw
C:\git\gemmamonster-2026.4-unified-20260911\bazel-out\x64_windows-opt\bin\external\espeak_ng\copy_espeak-ng\espeak-ng\share\espeak-ng-data\lang\bnt\tn
C:\git\gemmamonster-2026.4-unified-20260911\bazel-out\x64_windows-opt\bin\external\espeak_ng\copy_espeak-ng\espeak-ng\share\espeak-ng-data\lang\ccs\ka
C:\git\gemmamonster-2026.4-unified-20260911\bazel-out\x64_windows-opt\bin\external\espeak_ng\copy_espeak-ng\espeak-ng\share\espeak-ng-data\lang\cel\cy
C:\git\gemmamonster-2026.4-unified-20260911\bazel-out\x64_windows-opt\bin\external\espeak_ng\copy_espeak-ng\espeak-ng\share\espeak-ng-data\lang\cel\ga
C:\git\gemmamonster-2026.4-unified-20260911\bazel-out\x64_windows-opt\bin\external\espeak_ng\copy_espeak-ng\espeak-ng\share\espeak-ng-data\lang\cel\gd
C:\git\gemmamonster-2026.4-unified-20260911\bazel-out\x64_windows-opt\bin\external\espeak_ng\copy_espeak-ng\espeak-ng\share\espeak-ng-data\lang\cus\om
C:\git\gemmamonster-2026.4-unified-20260911\bazel-out\x64_windows-opt\bin\external\espeak_ng\copy_espeak-ng\espeak-ng\share\espeak-ng-data\lang\dra\kn
C:\git\gemmamonster-2026.4-unified-20260911\bazel-out\x64_windows-opt\bin\external\espeak_ng\copy_espeak-ng\espeak-ng\share\espeak-ng-data\lang\dra\ml
C:\git\gemmamonster-2026.4-unified-20260911\bazel-out\x64_windows-opt\bin\external\espeak_ng\copy_espeak-ng\espeak-ng\share\espeak-ng-data\lang\dra\ta
C:\git\gemmamonster-2026.4-unified-20260911\bazel-out\x64_windows-opt\bin\external\espeak_ng\copy_espeak-ng\espeak-ng\share\espeak-ng-data\lang\dra\te
C:\git\gemmamonster-2026.4-unified-20260911\bazel-out\x64_windows-opt\bin\external\espeak_ng\copy_espeak-ng\espeak-ng\share\espeak-ng-data\lang\esx\kl
C:\git\gemmamonster-2026.4-unified-20260911\bazel-out\x64_windows-opt\bin\external\espeak_ng\copy_espeak-ng\espeak-ng\share\espeak-ng-data\lang\gmq\da
C:\git\gemmamonster-2026.4-unified-20260911\bazel-out\x64_windows-opt\bin\external\espeak_ng\copy_espeak-ng\espeak-ng\share\espeak-ng-data\lang\gmq\fo
C:\git\gemmamonster-2026.4-unified-20260911\bazel-out\x64_windows-opt\bin\external\espeak_ng\copy_espeak-ng\espeak-ng\share\espeak-ng-data\lang\gmq\is
C:\git\gemmamonster-2026.4-unified-20260911\bazel-out\x64_windows-opt\bin\external\espeak_ng\copy_espeak-ng\espeak-ng\share\espeak-ng-data\lang\gmq\nb
C:\git\gemmamonster-2026.4-unified-20260911\bazel-out\x64_windows-opt\bin\external\espeak_ng\copy_espeak-ng\espeak-ng\share\espeak-ng-data\lang\gmq\sv
C:\git\gemmamonster-2026.4-unified-20260911\bazel-out\x64_windows-opt\bin\external\espeak_ng\copy_espeak-ng\espeak-ng\share\espeak-ng-data\lang\gmw\af
C:\git\gemmamonster-2026.4-unified-20260911\bazel-out\x64_windows-opt\bin\external\espeak_ng\copy_espeak-ng\espeak-ng\share\espeak-ng-data\lang\gmw\de
C:\git\gemmamonster-2026.4-unified-20260911\bazel-out\x64_windows-opt\bin\external\espeak_ng\copy_espeak-ng\espeak-ng\share\espeak-ng-data\lang\gmw\en
C:\git\gemmamonster-2026.4-unified-20260911\bazel-out\x64_windows-opt\bin\external\espeak_ng\copy_espeak-ng\espeak-ng\share\espeak-ng-data\lang\gmw\en-029
C:\git\gemmamonster-2026.4-unified-20260911\bazel-out\x64_windows-opt\bin\external\espeak_ng\copy_espeak-ng\espeak-ng\share\espeak-ng-data\lang\gmw\en-GB-scotland
C:\git\gemmamonster-2026.4-unified-20260911\bazel-out\x64_windows-opt\bin\external\espeak_ng\copy_espeak-ng\espeak-ng\share\espeak-ng-data\lang\gmw\en-GB-x-gbclan
C:\git\gemmamonster-2026.4-unified-20260911\bazel-out\x64_windows-opt\bin\external\espeak_ng\copy_espeak-ng\espeak-ng\share\espeak-ng-data\lang\gmw\en-GB-x-gbcwmd
C:\git\gemmamonster-2026.4-unified-20260911\bazel-out\x64_windows-opt\bin\external\espeak_ng\copy_espeak-ng\espeak-ng\share\espeak-ng-data\lang\gmw\en-GB-x-rp
C:\git\gemmamonster-2026.4-unified-20260911\bazel-out\x64_windows-opt\bin\external\espeak_ng\copy_espeak-ng\espeak-ng\share\espeak-ng-data\lang\gmw\en-Shaw
C:\git\gemmamonster-2026.4-unified-20260911\bazel-out\x64_windows-opt\bin\external\espeak_ng\copy_espeak-ng\espeak-ng\share\espeak-ng-data\lang\gmw\en-US
C:\git\gemmamonster-2026.4-unified-20260911\bazel-out\x64_windows-opt\bin\external\espeak_ng\copy_espeak-ng\espeak-ng\share\espeak-ng-data\lang\gmw\en-US-nyc
C:\git\gemmamonster-2026.4-unified-20260911\bazel-out\x64_windows-opt\bin\external\espeak_ng\copy_espeak-ng\espeak-ng\share\espeak-ng-data\lang\gmw\lb
C:\git\gemmamonster-2026.4-unified-20260911\bazel-out\x64_windows-opt\bin\external\espeak_ng\copy_espeak-ng\espeak-ng\share\espeak-ng-data\lang\gmw\nl
C:\git\gemmamonster-2026.4-unified-20260911\bazel-out\x64_windows-opt\bin\external\espeak_ng\copy_espeak-ng\espeak-ng\share\espeak-ng-data\lang\grk\el
C:\git\gemmamonster-2026.4-unified-20260911\bazel-out\x64_windows-opt\bin\external\espeak_ng\copy_espeak-ng\espeak-ng\share\espeak-ng-data\lang\grk\grc
C:\git\gemmamonster-2026.4-unified-20260911\bazel-out\x64_windows-opt\bin\external\espeak_ng\copy_espeak-ng\espeak-ng\share\espeak-ng-data\lang\inc\as
C:\git\gemmamonster-2026.4-unified-20260911\bazel-out\x64_windows-opt\bin\external\espeak_ng\copy_espeak-ng\espeak-ng\share\espeak-ng-data\lang\inc\bn
C:\git\gemmamonster-2026.4-unified-20260911\bazel-out\x64_windows-opt\bin\external\espeak_ng\copy_espeak-ng\espeak-ng\share\espeak-ng-data\lang\inc\bpy
C:\git\gemmamonster-2026.4-unified-20260911\bazel-out\x64_windows-opt\bin\external\espeak_ng\copy_espeak-ng\espeak-ng\share\espeak-ng-data\lang\inc\gu
C:\git\gemmamonster-2026.4-unified-20260911\bazel-out\x64_windows-opt\bin\external\espeak_ng\copy_espeak-ng\espeak-ng\share\espeak-ng-data\lang\inc\hi
C:\git\gemmamonster-2026.4-unified-20260911\bazel-out\x64_windows-opt\bin\external\espeak_ng\copy_espeak-ng\espeak-ng\share\espeak-ng-data\lang\inc\kok
C:\git\gemmamonster-2026.4-unified-20260911\bazel-out\x64_windows-opt\bin\external\espeak_ng\copy_espeak-ng\espeak-ng\share\espeak-ng-data\lang\inc\mr
C:\git\gemmamonster-2026.4-unified-20260911\bazel-out\x64_windows-opt\bin\external\espeak_ng\copy_espeak-ng\espeak-ng\share\espeak-ng-data\lang\inc\ne
C:\git\gemmamonster-2026.4-unified-20260911\bazel-out\x64_windows-opt\bin\external\espeak_ng\copy_espeak-ng\espeak-ng\share\espeak-ng-data\lang\inc\or
C:\git\gemmamonster-2026.4-unified-20260911\bazel-out\x64_windows-opt\bin\external\espeak_ng\copy_espeak-ng\espeak-ng\share\espeak-ng-data\lang\inc\pa
C:\git\gemmamonster-2026.4-unified-20260911\bazel-out\x64_windows-opt\bin\external\espeak_ng\copy_espeak-ng\espeak-ng\share\espeak-ng-data\lang\inc\sd
C:\git\gemmamonster-2026.4-unified-20260911\bazel-out\x64_windows-opt\bin\external\espeak_ng\copy_espeak-ng\espeak-ng\share\espeak-ng-data\lang\inc\si
C:\git\gemmamonster-2026.4-unified-20260911\bazel-out\x64_windows-opt\bin\external\espeak_ng\copy_espeak-ng\espeak-ng\share\espeak-ng-data\lang\inc\ur
C:\git\gemmamonster-2026.4-unified-20260911\bazel-out\x64_windows-opt\bin\external\espeak_ng\copy_espeak-ng\espeak-ng\share\espeak-ng-data\lang\ine\hy
C:\git\gemmamonster-2026.4-unified-20260911\bazel-out\x64_windows-opt\bin\external\espeak_ng\copy_espeak-ng\espeak-ng\share\espeak-ng-data\lang\ine\hyw
C:\git\gemmamonster-2026.4-unified-20260911\bazel-out\x64_windows-opt\bin\external\espeak_ng\copy_espeak-ng\espeak-ng\share\espeak-ng-data\lang\ine\sq
C:\git\gemmamonster-2026.4-unified-20260911\bazel-out\x64_windows-opt\bin\external\espeak_ng\copy_espeak-ng\espeak-ng\share\espeak-ng-data\lang\ira\fa
C:\git\gemmamonster-2026.4-unified-20260911\bazel-out\x64_windows-opt\bin\external\espeak_ng\copy_espeak-ng\espeak-ng\share\espeak-ng-data\lang\ira\fa-Latn
C:\git\gemmamonster-2026.4-unified-20260911\bazel-out\x64_windows-opt\bin\external\espeak_ng\copy_espeak-ng\espeak-ng\share\espeak-ng-data\lang\ira\ku
C:\git\gemmamonster-2026.4-unified-20260911\bazel-out\x64_windows-opt\bin\external\espeak_ng\copy_espeak-ng\espeak-ng\share\espeak-ng-data\lang\ira\ps
C:\git\gemmamonster-2026.4-unified-20260911\bazel-out\x64_windows-opt\bin\external\espeak_ng\copy_espeak-ng\espeak-ng\share\espeak-ng-data\lang\iro\chr
C:\git\gemmamonster-2026.4-unified-20260911\bazel-out\x64_windows-opt\bin\external\espeak_ng\copy_espeak-ng\espeak-ng\share\espeak-ng-data\lang\itc\la
C:\git\gemmamonster-2026.4-unified-20260911\bazel-out\x64_windows-opt\bin\external\espeak_ng\copy_espeak-ng\espeak-ng\share\espeak-ng-data\lang\jpx\ja
C:\git\gemmamonster-2026.4-unified-20260911\bazel-out\x64_windows-opt\bin\external\espeak_ng\copy_espeak-ng\espeak-ng\share\espeak-ng-data\lang\map\haw
C:\git\gemmamonster-2026.4-unified-20260911\bazel-out\x64_windows-opt\bin\external\espeak_ng\copy_espeak-ng\espeak-ng\share\espeak-ng-data\lang\miz\mto
C:\git\gemmamonster-2026.4-unified-20260911\bazel-out\x64_windows-opt\bin\external\espeak_ng\copy_espeak-ng\espeak-ng\share\espeak-ng-data\lang\myn\quc
C:\git\gemmamonster-2026.4-unified-20260911\bazel-out\x64_windows-opt\bin\external\espeak_ng\copy_espeak-ng\espeak-ng\share\espeak-ng-data\lang\poz\id
C:\git\gemmamonster-2026.4-unified-20260911\bazel-out\x64_windows-opt\bin\external\espeak_ng\copy_espeak-ng\espeak-ng\share\espeak-ng-data\lang\poz\mi
C:\git\gemmamonster-2026.4-unified-20260911\bazel-out\x64_windows-opt\bin\external\espeak_ng\copy_espeak-ng\espeak-ng\share\espeak-ng-data\lang\poz\ms
C:\git\gemmamonster-2026.4-unified-20260911\bazel-out\x64_windows-opt\bin\external\espeak_ng\copy_espeak-ng\espeak-ng\share\espeak-ng-data\lang\roa\an
C:\git\gemmamonster-2026.4-unified-20260911\bazel-out\x64_windows-opt\bin\external\espeak_ng\copy_espeak-ng\espeak-ng\share\espeak-ng-data\lang\roa\ca
C:\git\gemmamonster-2026.4-unified-20260911\bazel-out\x64_windows-opt\bin\external\espeak_ng\copy_espeak-ng\espeak-ng\share\espeak-ng-data\lang\roa\ca-ba
C:\git\gemmamonster-2026.4-unified-20260911\bazel-out\x64_windows-opt\bin\external\espeak_ng\copy_espeak-ng\espeak-ng\share\espeak-ng-data\lang\roa\ca-nw
C:\git\gemmamonster-2026.4-unified-20260911\bazel-out\x64_windows-opt\bin\external\espeak_ng\copy_espeak-ng\espeak-ng\share\espeak-ng-data\lang\roa\ca-va
C:\git\gemmamonster-2026.4-unified-20260911\bazel-out\x64_windows-opt\bin\external\espeak_ng\copy_espeak-ng\espeak-ng\share\espeak-ng-data\lang\roa\es
C:\git\gemmamonster-2026.4-unified-20260911\bazel-out\x64_windows-opt\bin\external\espeak_ng\copy_espeak-ng\espeak-ng\share\espeak-ng-data\lang\roa\es-419
C:\git\gemmamonster-2026.4-unified-20260911\bazel-out\x64_windows-opt\bin\external\espeak_ng\copy_espeak-ng\espeak-ng\share\espeak-ng-data\lang\roa\fr
C:\git\gemmamonster-2026.4-unified-20260911\bazel-out\x64_windows-opt\bin\external\espeak_ng\copy_espeak-ng\espeak-ng\share\espeak-ng-data\lang\roa\fr-BE
C:\git\gemmamonster-2026.4-unified-20260911\bazel-out\x64_windows-opt\bin\external\espeak_ng\copy_espeak-ng\espeak-ng\share\espeak-ng-data\lang\roa\fr-CH
C:\git\gemmamonster-2026.4-unified-20260911\bazel-out\x64_windows-opt\bin\external\espeak_ng\copy_espeak-ng\espeak-ng\share\espeak-ng-data\lang\roa\ht
C:\git\gemmamonster-2026.4-unified-20260911\bazel-out\x64_windows-opt\bin\external\espeak_ng\copy_espeak-ng\espeak-ng\share\espeak-ng-data\lang\roa\it
C:\git\gemmamonster-2026.4-unified-20260911\bazel-out\x64_windows-opt\bin\external\espeak_ng\copy_espeak-ng\espeak-ng\share\espeak-ng-data\lang\roa\pap
C:\git\gemmamonster-2026.4-unified-20260911\bazel-out\x64_windows-opt\bin\external\espeak_ng\copy_espeak-ng\espeak-ng\share\espeak-ng-data\lang\roa\pt
C:\git\gemmamonster-2026.4-unified-20260911\bazel-out\x64_windows-opt\bin\external\espeak_ng\copy_espeak-ng\espeak-ng\share\espeak-ng-data\lang\roa\pt-BR
C:\git\gemmamonster-2026.4-unified-20260911\bazel-out\x64_windows-opt\bin\external\espeak_ng\copy_espeak-ng\espeak-ng\share\espeak-ng-data\lang\roa\ro
C:\git\gemmamonster-2026.4-unified-20260911\bazel-out\x64_windows-opt\bin\external\espeak_ng\copy_espeak-ng\espeak-ng\share\espeak-ng-data\lang\sai\gn
C:\git\gemmamonster-2026.4-unified-20260911\bazel-out\x64_windows-opt\bin\external\espeak_ng\copy_espeak-ng\espeak-ng\share\espeak-ng-data\lang\sem\am
C:\git\gemmamonster-2026.4-unified-20260911\bazel-out\x64_windows-opt\bin\external\espeak_ng\copy_espeak-ng\espeak-ng\share\espeak-ng-data\lang\sem\ar
C:\git\gemmamonster-2026.4-unified-20260911\bazel-out\x64_windows-opt\bin\external\espeak_ng\copy_espeak-ng\espeak-ng\share\espeak-ng-data\lang\sem\he
C:\git\gemmamonster-2026.4-unified-20260911\bazel-out\x64_windows-opt\bin\external\espeak_ng\copy_espeak-ng\espeak-ng\share\espeak-ng-data\lang\sem\mt
C:\git\gemmamonster-2026.4-unified-20260911\bazel-out\x64_windows-opt\bin\external\espeak_ng\copy_espeak-ng\espeak-ng\share\espeak-ng-data\lang\sem\ti
C:\git\gemmamonster-2026.4-unified-20260911\bazel-out\x64_windows-opt\bin\external\espeak_ng\copy_espeak-ng\espeak-ng\share\espeak-ng-data\lang\sit\cmn
C:\git\gemmamonster-2026.4-unified-20260911\bazel-out\x64_windows-opt\bin\external\espeak_ng\copy_espeak-ng\espeak-ng\share\espeak-ng-data\lang\sit\cmn-Latn-pinyin
C:\git\gemmamonster-2026.4-unified-20260911\bazel-out\x64_windows-opt\bin\external\espeak_ng\copy_espeak-ng\espeak-ng\share\espeak-ng-data\lang\sit\hak
C:\git\gemmamonster-2026.4-unified-20260911\bazel-out\x64_windows-opt\bin\external\espeak_ng\copy_espeak-ng\espeak-ng\share\espeak-ng-data\lang\sit\my
C:\git\gemmamonster-2026.4-unified-20260911\bazel-out\x64_windows-opt\bin\external\espeak_ng\copy_espeak-ng\espeak-ng\share\espeak-ng-data\lang\sit\yue
C:\git\gemmamonster-2026.4-unified-20260911\bazel-out\x64_windows-opt\bin\external\espeak_ng\copy_espeak-ng\espeak-ng\share\espeak-ng-data\lang\sit\yue-Latn-jyutping
C:\git\gemmamonster-2026.4-unified-20260911\bazel-out\x64_windows-opt\bin\external\espeak_ng\copy_espeak-ng\espeak-ng\share\espeak-ng-data\lang\tai\shn
C:\git\gemmamonster-2026.4-unified-20260911\bazel-out\x64_windows-opt\bin\external\espeak_ng\copy_espeak-ng\espeak-ng\share\espeak-ng-data\lang\tai\th
C:\git\gemmamonster-2026.4-unified-20260911\bazel-out\x64_windows-opt\bin\external\espeak_ng\copy_espeak-ng\espeak-ng\share\espeak-ng-data\lang\trk\az
C:\git\gemmamonster-2026.4-unified-20260911\bazel-out\x64_windows-opt\bin\external\espeak_ng\copy_espeak-ng\espeak-ng\share\espeak-ng-data\lang\trk\ba
C:\git\gemmamonster-2026.4-unified-20260911\bazel-out\x64_windows-opt\bin\external\espeak_ng\copy_espeak-ng\espeak-ng\share\espeak-ng-data\lang\trk\cv
C:\git\gemmamonster-2026.4-unified-20260911\bazel-out\x64_windows-opt\bin\external\espeak_ng\copy_espeak-ng\espeak-ng\share\espeak-ng-data\lang\trk\kaa
C:\git\gemmamonster-2026.4-unified-20260911\bazel-out\x64_windows-opt\bin\external\espeak_ng\copy_espeak-ng\espeak-ng\share\espeak-ng-data\lang\trk\kk
C:\git\gemmamonster-2026.4-unified-20260911\bazel-out\x64_windows-opt\bin\external\espeak_ng\copy_espeak-ng\espeak-ng\share\espeak-ng-data\lang\trk\ky
C:\git\gemmamonster-2026.4-unified-20260911\bazel-out\x64_windows-opt\bin\external\espeak_ng\copy_espeak-ng\espeak-ng\share\espeak-ng-data\lang\trk\nog
C:\git\gemmamonster-2026.4-unified-20260911\bazel-out\x64_windows-opt\bin\external\espeak_ng\copy_espeak-ng\espeak-ng\share\espeak-ng-data\lang\trk\tk
C:\git\gemmamonster-2026.4-unified-20260911\bazel-out\x64_windows-opt\bin\external\espeak_ng\copy_espeak-ng\espeak-ng\share\espeak-ng-data\lang\trk\tr
C:\git\gemmamonster-2026.4-unified-20260911\bazel-out\x64_windows-opt\bin\external\espeak_ng\copy_espeak-ng\espeak-ng\share\espeak-ng-data\lang\trk\tt
C:\git\gemmamonster-2026.4-unified-20260911\bazel-out\x64_windows-opt\bin\external\espeak_ng\copy_espeak-ng\espeak-ng\share\espeak-ng-data\lang\trk\ug
C:\git\gemmamonster-2026.4-unified-20260911\bazel-out\x64_windows-opt\bin\external\espeak_ng\copy_espeak-ng\espeak-ng\share\espeak-ng-data\lang\trk\uz
C:\git\gemmamonster-2026.4-unified-20260911\bazel-out\x64_windows-opt\bin\external\espeak_ng\copy_espeak-ng\espeak-ng\share\espeak-ng-data\lang\urj\et
C:\git\gemmamonster-2026.4-unified-20260911\bazel-out\x64_windows-opt\bin\external\espeak_ng\copy_espeak-ng\espeak-ng\share\espeak-ng-data\lang\urj\fi
C:\git\gemmamonster-2026.4-unified-20260911\bazel-out\x64_windows-opt\bin\external\espeak_ng\copy_espeak-ng\espeak-ng\share\espeak-ng-data\lang\urj\hu
C:\git\gemmamonster-2026.4-unified-20260911\bazel-out\x64_windows-opt\bin\external\espeak_ng\copy_espeak-ng\espeak-ng\share\espeak-ng-data\lang\urj\smj
C:\git\gemmamonster-2026.4-unified-20260911\bazel-out\x64_windows-opt\bin\external\espeak_ng\copy_espeak-ng\espeak-ng\share\espeak-ng-data\lang\zle\be
C:\git\gemmamonster-2026.4-unified-20260911\bazel-out\x64_windows-opt\bin\external\espeak_ng\copy_espeak-ng\espeak-ng\share\espeak-ng-data\lang\zle\ru
C:\git\gemmamonster-2026.4-unified-20260911\bazel-out\x64_windows-opt\bin\external\espeak_ng\copy_espeak-ng\espeak-ng\share\espeak-ng-data\lang\zle\ru-cl
C:\git\gemmamonster-2026.4-unified-20260911\bazel-out\x64_windows-opt\bin\external\espeak_ng\copy_espeak-ng\espeak-ng\share\espeak-ng-data\lang\zle\ru-LV
C:\git\gemmamonster-2026.4-unified-20260911\bazel-out\x64_windows-opt\bin\external\espeak_ng\copy_espeak-ng\espeak-ng\share\espeak-ng-data\lang\zle\uk
C:\git\gemmamonster-2026.4-unified-20260911\bazel-out\x64_windows-opt\bin\external\espeak_ng\copy_espeak-ng\espeak-ng\share\espeak-ng-data\lang\zls\bg
C:\git\gemmamonster-2026.4-unified-20260911\bazel-out\x64_windows-opt\bin\external\espeak_ng\copy_espeak-ng\espeak-ng\share\espeak-ng-data\lang\zls\bs
C:\git\gemmamonster-2026.4-unified-20260911\bazel-out\x64_windows-opt\bin\external\espeak_ng\copy_espeak-ng\espeak-ng\share\espeak-ng-data\lang\zls\hr
C:\git\gemmamonster-2026.4-unified-20260911\bazel-out\x64_windows-opt\bin\external\espeak_ng\copy_espeak-ng\espeak-ng\share\espeak-ng-data\lang\zls\mk
C:\git\gemmamonster-2026.4-unified-20260911\bazel-out\x64_windows-opt\bin\external\espeak_ng\copy_espeak-ng\espeak-ng\share\espeak-ng-data\lang\zls\sl
C:\git\gemmamonster-2026.4-unified-20260911\bazel-out\x64_windows-opt\bin\external\espeak_ng\copy_espeak-ng\espeak-ng\share\espeak-ng-data\lang\zls\sr
C:\git\gemmamonster-2026.4-unified-20260911\bazel-out\x64_windows-opt\bin\external\espeak_ng\copy_espeak-ng\espeak-ng\share\espeak-ng-data\lang\zlw\cs
C:\git\gemmamonster-2026.4-unified-20260911\bazel-out\x64_windows-opt\bin\external\espeak_ng\copy_espeak-ng\espeak-ng\share\espeak-ng-data\lang\zlw\pl
C:\git\gemmamonster-2026.4-unified-20260911\bazel-out\x64_windows-opt\bin\external\espeak_ng\copy_espeak-ng\espeak-ng\share\espeak-ng-data\lang\zlw\sk
C:\git\gemmamonster-2026.4-unified-20260911\bazel-out\x64_windows-opt\bin\external\espeak_ng\copy_espeak-ng\espeak-ng\share\espeak-ng-data\voices\!v\adam
C:\git\gemmamonster-2026.4-unified-20260911\bazel-out\x64_windows-opt\bin\external\espeak_ng\copy_espeak-ng\espeak-ng\share\espeak-ng-data\voices\!v\Alex
C:\git\gemmamonster-2026.4-unified-20260911\bazel-out\x64_windows-opt\bin\external\espeak_ng\copy_espeak-ng\espeak-ng\share\espeak-ng-data\voices\!v\Alicia
C:\git\gemmamonster-2026.4-unified-20260911\bazel-out\x64_windows-opt\bin\external\espeak_ng\copy_espeak-ng\espeak-ng\share\espeak-ng-data\voices\!v\Andrea
C:\git\gemmamonster-2026.4-unified-20260911\bazel-out\x64_windows-opt\bin\external\espeak_ng\copy_espeak-ng\espeak-ng\share\espeak-ng-data\voices\!v\Andy
C:\git\gemmamonster-2026.4-unified-20260911\bazel-out\x64_windows-opt\bin\external\espeak_ng\copy_espeak-ng\espeak-ng\share\espeak-ng-data\voices\!v\anika
C:\git\gemmamonster-2026.4-unified-20260911\bazel-out\x64_windows-opt\bin\external\espeak_ng\copy_espeak-ng\espeak-ng\share\espeak-ng-data\voices\!v\anikaRobot
C:\git\gemmamonster-2026.4-unified-20260911\bazel-out\x64_windows-opt\bin\external\espeak_ng\copy_espeak-ng\espeak-ng\share\espeak-ng-data\voices\!v\Annie
C:\git\gemmamonster-2026.4-unified-20260911\bazel-out\x64_windows-opt\bin\external\espeak_ng\copy_espeak-ng\espeak-ng\share\espeak-ng-data\voices\!v\announcer
C:\git\gemmamonster-2026.4-unified-20260911\bazel-out\x64_windows-opt\bin\external\espeak_ng\copy_espeak-ng\espeak-ng\share\espeak-ng-data\voices\!v\antonio
C:\git\gemmamonster-2026.4-unified-20260911\bazel-out\x64_windows-opt\bin\external\espeak_ng\copy_espeak-ng\espeak-ng\share\espeak-ng-data\voices\!v\AnxiousAndy
C:\git\gemmamonster-2026.4-unified-20260911\bazel-out\x64_windows-opt\bin\external\espeak_ng\copy_espeak-ng\espeak-ng\share\espeak-ng-data\voices\!v\aunty
C:\git\gemmamonster-2026.4-unified-20260911\bazel-out\x64_windows-opt\bin\external\espeak_ng\copy_espeak-ng\espeak-ng\share\espeak-ng-data\voices\!v\belinda
C:\git\gemmamonster-2026.4-unified-20260911\bazel-out\x64_windows-opt\bin\external\espeak_ng\copy_espeak-ng\espeak-ng\share\espeak-ng-data\voices\!v\benjamin
C:\git\gemmamonster-2026.4-unified-20260911\bazel-out\x64_windows-opt\bin\external\espeak_ng\copy_espeak-ng\espeak-ng\share\espeak-ng-data\voices\!v\boris
C:\git\gemmamonster-2026.4-unified-20260911\bazel-out\x64_windows-opt\bin\external\espeak_ng\copy_espeak-ng\espeak-ng\share\espeak-ng-data\voices\!v\caleb
C:\git\gemmamonster-2026.4-unified-20260911\bazel-out\x64_windows-opt\bin\external\espeak_ng\copy_espeak-ng\espeak-ng\share\espeak-ng-data\voices\!v\croak
C:\git\gemmamonster-2026.4-unified-20260911\bazel-out\x64_windows-opt\bin\external\espeak_ng\copy_espeak-ng\espeak-ng\share\espeak-ng-data\voices\!v\david
C:\git\gemmamonster-2026.4-unified-20260911\bazel-out\x64_windows-opt\bin\external\espeak_ng\copy_espeak-ng\espeak-ng\share\espeak-ng-data\voices\!v\Demonic
C:\git\gemmamonster-2026.4-unified-20260911\bazel-out\x64_windows-opt\bin\external\espeak_ng\copy_espeak-ng\espeak-ng\share\espeak-ng-data\voices\!v\Denis
C:\git\gemmamonster-2026.4-unified-20260911\bazel-out\x64_windows-opt\bin\external\espeak_ng\copy_espeak-ng\espeak-ng\share\espeak-ng-data\voices\!v\Diogo
C:\git\gemmamonster-2026.4-unified-20260911\bazel-out\x64_windows-opt\bin\external\espeak_ng\copy_espeak-ng\espeak-ng\share\espeak-ng-data\voices\!v\ed
C:\git\gemmamonster-2026.4-unified-20260911\bazel-out\x64_windows-opt\bin\external\espeak_ng\copy_espeak-ng\espeak-ng\share\espeak-ng-data\voices\!v\edward
C:\git\gemmamonster-2026.4-unified-20260911\bazel-out\x64_windows-opt\bin\external\espeak_ng\copy_espeak-ng\espeak-ng\share\espeak-ng-data\voices\!v\edward2
C:\git\gemmamonster-2026.4-unified-20260911\bazel-out\x64_windows-opt\bin\external\espeak_ng\copy_espeak-ng\espeak-ng\share\espeak-ng-data\voices\!v\f1
C:\git\gemmamonster-2026.4-unified-20260911\bazel-out\x64_windows-opt\bin\external\espeak_ng\copy_espeak-ng\espeak-ng\share\espeak-ng-data\voices\!v\f2
C:\git\gemmamonster-2026.4-unified-20260911\bazel-out\x64_windows-opt\bin\external\espeak_ng\copy_espeak-ng\espeak-ng\share\espeak-ng-data\voices\!v\f3
C:\git\gemmamonster-2026.4-unified-20260911\bazel-out\x64_windows-opt\bin\external\espeak_ng\copy_espeak-ng\espeak-ng\share\espeak-ng-data\voices\!v\f4
C:\git\gemmamonster-2026.4-unified-20260911\bazel-out\x64_windows-opt\bin\external\espeak_ng\copy_espeak-ng\espeak-ng\share\espeak-ng-data\voices\!v\f5
C:\git\gemmamonster-2026.4-unified-20260911\bazel-out\x64_windows-opt\bin\external\espeak_ng\copy_espeak-ng\espeak-ng\share\espeak-ng-data\voices\!v\fast
C:\git\gemmamonster-2026.4-unified-20260911\bazel-out\x64_windows-opt\bin\external\espeak_ng\copy_espeak-ng\espeak-ng\share\espeak-ng-data\voices\!v\Gene
C:\git\gemmamonster-2026.4-unified-20260911\bazel-out\x64_windows-opt\bin\external\espeak_ng\copy_espeak-ng\espeak-ng\share\espeak-ng-data\voices\!v\Gene2
C:\git\gemmamonster-2026.4-unified-20260911\bazel-out\x64_windows-opt\bin\external\espeak_ng\copy_espeak-ng\espeak-ng\share\espeak-ng-data\voices\!v\grandma
C:\git\gemmamonster-2026.4-unified-20260911\bazel-out\x64_windows-opt\bin\external\espeak_ng\copy_espeak-ng\espeak-ng\share\espeak-ng-data\voices\!v\grandpa
C:\git\gemmamonster-2026.4-unified-20260911\bazel-out\x64_windows-opt\bin\external\espeak_ng\copy_espeak-ng\espeak-ng\share\espeak-ng-data\voices\!v\gustave
C:\git\gemmamonster-2026.4-unified-20260911\bazel-out\x64_windows-opt\bin\external\espeak_ng\copy_espeak-ng\espeak-ng\share\espeak-ng-data\voices\!v\Henrique
C:\git\gemmamonster-2026.4-unified-20260911\bazel-out\x64_windows-opt\bin\external\espeak_ng\copy_espeak-ng\espeak-ng\share\espeak-ng-data\voices\!v\Hugo
C:\git\gemmamonster-2026.4-unified-20260911\bazel-out\x64_windows-opt\bin\external\espeak_ng\copy_espeak-ng\espeak-ng\share\espeak-ng-data\voices\!v\ian
C:\git\gemmamonster-2026.4-unified-20260911\bazel-out\x64_windows-opt\bin\external\espeak_ng\copy_espeak-ng\espeak-ng\share\espeak-ng-data\voices\!v\iven
C:\git\gemmamonster-2026.4-unified-20260911\bazel-out\x64_windows-opt\bin\external\espeak_ng\copy_espeak-ng\espeak-ng\share\espeak-ng-data\voices\!v\iven2
C:\git\gemmamonster-2026.4-unified-20260911\bazel-out\x64_windows-opt\bin\external\espeak_ng\copy_espeak-ng\espeak-ng\share\espeak-ng-data\voices\!v\iven3
C:\git\gemmamonster-2026.4-unified-20260911\bazel-out\x64_windows-opt\bin\external\espeak_ng\copy_espeak-ng\espeak-ng\share\espeak-ng-data\voices\!v\iven4
C:\git\gemmamonster-2026.4-unified-20260911\bazel-out\x64_windows-opt\bin\external\espeak_ng\copy_espeak-ng\espeak-ng\share\espeak-ng-data\voices\!v\Jacky
C:\git\gemmamonster-2026.4-unified-20260911\bazel-out\x64_windows-opt\bin\external\espeak_ng\copy_espeak-ng\espeak-ng\share\espeak-ng-data\voices\!v\john
C:\git\gemmamonster-2026.4-unified-20260911\bazel-out\x64_windows-opt\bin\external\espeak_ng\copy_espeak-ng\espeak-ng\share\espeak-ng-data\voices\!v\kaukovalta
C:\git\gemmamonster-2026.4-unified-20260911\bazel-out\x64_windows-opt\bin\external\espeak_ng\copy_espeak-ng\espeak-ng\share\espeak-ng-data\voices\!v\klatt
C:\git\gemmamonster-2026.4-unified-20260911\bazel-out\x64_windows-opt\bin\external\espeak_ng\copy_espeak-ng\espeak-ng\share\espeak-ng-data\voices\!v\klatt2
C:\git\gemmamonster-2026.4-unified-20260911\bazel-out\x64_windows-opt\bin\external\espeak_ng\copy_espeak-ng\espeak-ng\share\espeak-ng-data\voices\!v\klatt3
C:\git\gemmamonster-2026.4-unified-20260911\bazel-out\x64_windows-opt\bin\external\espeak_ng\copy_espeak-ng\espeak-ng\share\espeak-ng-data\voices\!v\klatt4
C:\git\gemmamonster-2026.4-unified-20260911\bazel-out\x64_windows-opt\bin\external\espeak_ng\copy_espeak-ng\espeak-ng\share\espeak-ng-data\voices\!v\klatt5
C:\git\gemmamonster-2026.4-unified-20260911\bazel-out\x64_windows-opt\bin\external\espeak_ng\copy_espeak-ng\espeak-ng\share\espeak-ng-data\voices\!v\klatt6
C:\git\gemmamonster-2026.4-unified-20260911\bazel-out\x64_windows-opt\bin\external\espeak_ng\copy_espeak-ng\espeak-ng\share\espeak-ng-data\voices\!v\Lee
C:\git\gemmamonster-2026.4-unified-20260911\bazel-out\x64_windows-opt\bin\external\espeak_ng\copy_espeak-ng\espeak-ng\share\espeak-ng-data\voices\!v\linda
C:\git\gemmamonster-2026.4-unified-20260911\bazel-out\x64_windows-opt\bin\external\espeak_ng\copy_espeak-ng\espeak-ng\share\espeak-ng-data\voices\!v\m1
C:\git\gemmamonster-2026.4-unified-20260911\bazel-out\x64_windows-opt\bin\external\espeak_ng\copy_espeak-ng\espeak-ng\share\espeak-ng-data\voices\!v\m2
C:\git\gemmamonster-2026.4-unified-20260911\bazel-out\x64_windows-opt\bin\external\espeak_ng\copy_espeak-ng\espeak-ng\share\espeak-ng-data\voices\!v\m3
C:\git\gemmamonster-2026.4-unified-20260911\bazel-out\x64_windows-opt\bin\external\espeak_ng\copy_espeak-ng\espeak-ng\share\espeak-ng-data\voices\!v\m4
C:\git\gemmamonster-2026.4-unified-20260911\bazel-out\x64_windows-opt\bin\external\espeak_ng\copy_espeak-ng\espeak-ng\share\espeak-ng-data\voices\!v\m5
C:\git\gemmamonster-2026.4-unified-20260911\bazel-out\x64_windows-opt\bin\external\espeak_ng\copy_espeak-ng\espeak-ng\share\espeak-ng-data\voices\!v\m6
C:\git\gemmamonster-2026.4-unified-20260911\bazel-out\x64_windows-opt\bin\external\espeak_ng\copy_espeak-ng\espeak-ng\share\espeak-ng-data\voices\!v\m7
C:\git\gemmamonster-2026.4-unified-20260911\bazel-out\x64_windows-opt\bin\external\espeak_ng\copy_espeak-ng\espeak-ng\share\espeak-ng-data\voices\!v\m8
C:\git\gemmamonster-2026.4-unified-20260911\bazel-out\x64_windows-opt\bin\external\espeak_ng\copy_espeak-ng\espeak-ng\share\espeak-ng-data\voices\!v\marcelo
C:\git\gemmamonster-2026.4-unified-20260911\bazel-out\x64_windows-opt\bin\external\espeak_ng\copy_espeak-ng\espeak-ng\share\espeak-ng-data\voices\!v\Marco
C:\git\gemmamonster-2026.4-unified-20260911\bazel-out\x64_windows-opt\bin\external\espeak_ng\copy_espeak-ng\espeak-ng\share\espeak-ng-data\voices\!v\Mario
C:\git\gemmamonster-2026.4-unified-20260911\bazel-out\x64_windows-opt\bin\external\espeak_ng\copy_espeak-ng\espeak-ng\share\espeak-ng-data\voices\!v\max
C:\git\gemmamonster-2026.4-unified-20260911\bazel-out\x64_windows-opt\bin\external\espeak_ng\copy_espeak-ng\espeak-ng\share\espeak-ng-data\voices\!v\Michael
C:\git\gemmamonster-2026.4-unified-20260911\bazel-out\x64_windows-opt\bin\external\espeak_ng\copy_espeak-ng\espeak-ng\share\espeak-ng-data\voices\!v\michel
C:\git\gemmamonster-2026.4-unified-20260911\bazel-out\x64_windows-opt\bin\external\espeak_ng\copy_espeak-ng\espeak-ng\share\espeak-ng-data\voices\!v\miguel
C:\git\gemmamonster-2026.4-unified-20260911\bazel-out\x64_windows-opt\bin\external\espeak_ng\copy_espeak-ng\espeak-ng\share\espeak-ng-data\voices\!v\Mike
C:\git\gemmamonster-2026.4-unified-20260911\bazel-out\x64_windows-opt\bin\external\espeak_ng\copy_espeak-ng\espeak-ng\share\espeak-ng-data\voices\!v\mike2
C:\git\gemmamonster-2026.4-unified-20260911\bazel-out\x64_windows-opt\bin\external\espeak_ng\copy_espeak-ng\espeak-ng\share\espeak-ng-data\voices\!v\Mr serious
C:\git\gemmamonster-2026.4-unified-20260911\bazel-out\x64_windows-opt\bin\external\espeak_ng\copy_espeak-ng\espeak-ng\share\espeak-ng-data\voices\!v\Nguyen
C:\git\gemmamonster-2026.4-unified-20260911\bazel-out\x64_windows-opt\bin\external\espeak_ng\copy_espeak-ng\espeak-ng\share\espeak-ng-data\voices\!v\norbert
C:\git\gemmamonster-2026.4-unified-20260911\bazel-out\x64_windows-opt\bin\external\espeak_ng\copy_espeak-ng\espeak-ng\share\espeak-ng-data\voices\!v\pablo
C:\git\gemmamonster-2026.4-unified-20260911\bazel-out\x64_windows-opt\bin\external\espeak_ng\copy_espeak-ng\espeak-ng\share\espeak-ng-data\voices\!v\paul
C:\git\gemmamonster-2026.4-unified-20260911\bazel-out\x64_windows-opt\bin\external\espeak_ng\copy_espeak-ng\espeak-ng\share\espeak-ng-data\voices\!v\pedro
C:\git\gemmamonster-2026.4-unified-20260911\bazel-out\x64_windows-opt\bin\external\espeak_ng\copy_espeak-ng\espeak-ng\share\espeak-ng-data\voices\!v\quincy
C:\git\gemmamonster-2026.4-unified-20260911\bazel-out\x64_windows-opt\bin\external\espeak_ng\copy_espeak-ng\espeak-ng\share\espeak-ng-data\voices\!v\Reed
C:\git\gemmamonster-2026.4-unified-20260911\bazel-out\x64_windows-opt\bin\external\espeak_ng\copy_espeak-ng\espeak-ng\share\espeak-ng-data\voices\!v\RicishayMax
C:\git\gemmamonster-2026.4-unified-20260911\bazel-out\x64_windows-opt\bin\external\espeak_ng\copy_espeak-ng\espeak-ng\share\espeak-ng-data\voices\!v\RicishayMax2
C:\git\gemmamonster-2026.4-unified-20260911\bazel-out\x64_windows-opt\bin\external\espeak_ng\copy_espeak-ng\espeak-ng\share\espeak-ng-data\voices\!v\RicishayMax3
C:\git\gemmamonster-2026.4-unified-20260911\bazel-out\x64_windows-opt\bin\external\espeak_ng\copy_espeak-ng\espeak-ng\share\espeak-ng-data\voices\!v\rob
C:\git\gemmamonster-2026.4-unified-20260911\bazel-out\x64_windows-opt\bin\external\espeak_ng\copy_espeak-ng\espeak-ng\share\espeak-ng-data\voices\!v\robert
C:\git\gemmamonster-2026.4-unified-20260911\bazel-out\x64_windows-opt\bin\external\espeak_ng\copy_espeak-ng\espeak-ng\share\espeak-ng-data\voices\!v\robosoft
C:\git\gemmamonster-2026.4-unified-20260911\bazel-out\x64_windows-opt\bin\external\espeak_ng\copy_espeak-ng\espeak-ng\share\espeak-ng-data\voices\!v\robosoft2
C:\git\gemmamonster-2026.4-unified-20260911\bazel-out\x64_windows-opt\bin\external\espeak_ng\copy_espeak-ng\espeak-ng\share\espeak-ng-data\voices\!v\robosoft3
C:\git\gemmamonster-2026.4-unified-20260911\bazel-out\x64_windows-opt\bin\external\espeak_ng\copy_espeak-ng\espeak-ng\share\espeak-ng-data\voices\!v\robosoft4
C:\git\gemmamonster-2026.4-unified-20260911\bazel-out\x64_windows-opt\bin\external\espeak_ng\copy_espeak-ng\espeak-ng\share\espeak-ng-data\voices\!v\robosoft5
C:\git\gemmamonster-2026.4-unified-20260911\bazel-out\x64_windows-opt\bin\external\espeak_ng\copy_espeak-ng\espeak-ng\share\espeak-ng-data\voices\!v\robosoft6
C:\git\gemmamonster-2026.4-unified-20260911\bazel-out\x64_windows-opt\bin\external\espeak_ng\copy_espeak-ng\espeak-ng\share\espeak-ng-data\voices\!v\robosoft7
C:\git\gemmamonster-2026.4-unified-20260911\bazel-out\x64_windows-opt\bin\external\espeak_ng\copy_espeak-ng\espeak-ng\share\espeak-ng-data\voices\!v\robosoft8
C:\git\gemmamonster-2026.4-unified-20260911\bazel-out\x64_windows-opt\bin\external\espeak_ng\copy_espeak-ng\espeak-ng\share\espeak-ng-data\voices\!v\sandro
C:\git\gemmamonster-2026.4-unified-20260911\bazel-out\x64_windows-opt\bin\external\espeak_ng\copy_espeak-ng\espeak-ng\share\espeak-ng-data\voices\!v\shelby
C:\git\gemmamonster-2026.4-unified-20260911\bazel-out\x64_windows-opt\bin\external\espeak_ng\copy_espeak-ng\espeak-ng\share\espeak-ng-data\voices\!v\steph
C:\git\gemmamonster-2026.4-unified-20260911\bazel-out\x64_windows-opt\bin\external\espeak_ng\copy_espeak-ng\espeak-ng\share\espeak-ng-data\voices\!v\steph2
C:\git\gemmamonster-2026.4-unified-20260911\bazel-out\x64_windows-opt\bin\external\espeak_ng\copy_espeak-ng\espeak-ng\share\espeak-ng-data\voices\!v\steph3
C:\git\gemmamonster-2026.4-unified-20260911\bazel-out\x64_windows-opt\bin\external\espeak_ng\copy_espeak-ng\espeak-ng\share\espeak-ng-data\voices\!v\Storm
C:\git\gemmamonster-2026.4-unified-20260911\bazel-out\x64_windows-opt\bin\external\espeak_ng\copy_espeak-ng\espeak-ng\share\espeak-ng-data\voices\!v\travis
C:\git\gemmamonster-2026.4-unified-20260911\bazel-out\x64_windows-opt\bin\external\espeak_ng\copy_espeak-ng\espeak-ng\share\espeak-ng-data\voices\!v\Tweaky
C:\git\gemmamonster-2026.4-unified-20260911\bazel-out\x64_windows-opt\bin\external\espeak_ng\copy_espeak-ng\espeak-ng\share\espeak-ng-data\voices\!v\UniRobot
C:\git\gemmamonster-2026.4-unified-20260911\bazel-out\x64_windows-opt\bin\external\espeak_ng\copy_espeak-ng\espeak-ng\share\espeak-ng-data\voices\!v\victor
C:\git\gemmamonster-2026.4-unified-20260911\bazel-out\x64_windows-opt\bin\external\espeak_ng\copy_espeak-ng\espeak-ng\share\espeak-ng-data\voices\!v\whisper
C:\git\gemmamonster-2026.4-unified-20260911\bazel-out\x64_windows-opt\bin\external\espeak_ng\copy_espeak-ng\espeak-ng\share\espeak-ng-data\voices\!v\whisperf
C:\git\gemmamonster-2026.4-unified-20260911\bazel-out\x64_windows-opt\bin\external\espeak_ng\copy_espeak-ng\espeak-ng\share\espeak-ng-data\voices\!v\zac
365 File(s) copied
C:\git\gemmamonster-2026.4-unified-20260911\bazel-out\x64_windows-opt\bin\external\espeak_ng\espeak-ng\share\espeak-ng-data\af_dict
C:\git\gemmamonster-2026.4-unified-20260911\bazel-out\x64_windows-opt\bin\external\espeak_ng\espeak-ng\share\espeak-ng-data\am_dict
C:\git\gemmamonster-2026.4-unified-20260911\bazel-out\x64_windows-opt\bin\external\espeak_ng\espeak-ng\share\espeak-ng-data\an_dict
C:\git\gemmamonster-2026.4-unified-20260911\bazel-out\x64_windows-opt\bin\external\espeak_ng\espeak-ng\share\espeak-ng-data\ar_dict
C:\git\gemmamonster-2026.4-unified-20260911\bazel-out\x64_windows-opt\bin\external\espeak_ng\espeak-ng\share\espeak-ng-data\as_dict
C:\git\gemmamonster-2026.4-unified-20260911\bazel-out\x64_windows-opt\bin\external\espeak_ng\espeak-ng\share\espeak-ng-data\az_dict
C:\git\gemmamonster-2026.4-unified-20260911\bazel-out\x64_windows-opt\bin\external\espeak_ng\espeak-ng\share\espeak-ng-data\ba_dict
C:\git\gemmamonster-2026.4-unified-20260911\bazel-out\x64_windows-opt\bin\external\espeak_ng\espeak-ng\share\espeak-ng-data\be_dict
C:\git\gemmamonster-2026.4-unified-20260911\bazel-out\x64_windows-opt\bin\external\espeak_ng\espeak-ng\share\espeak-ng-data\bg_dict
C:\git\gemmamonster-2026.4-unified-20260911\bazel-out\x64_windows-opt\bin\external\espeak_ng\espeak-ng\share\espeak-ng-data\bn_dict
C:\git\gemmamonster-2026.4-unified-20260911\bazel-out\x64_windows-opt\bin\external\espeak_ng\espeak-ng\share\espeak-ng-data\bpy_dict
C:\git\gemmamonster-2026.4-unified-20260911\bazel-out\x64_windows-opt\bin\external\espeak_ng\espeak-ng\share\espeak-ng-data\bs_dict
C:\git\gemmamonster-2026.4-unified-20260911\bazel-out\x64_windows-opt\bin\external\espeak_ng\espeak-ng\share\espeak-ng-data\ca_dict
C:\git\gemmamonster-2026.4-unified-20260911\bazel-out\x64_windows-opt\bin\external\espeak_ng\espeak-ng\share\espeak-ng-data\chr_dict
C:\git\gemmamonster-2026.4-unified-20260911\bazel-out\x64_windows-opt\bin\external\espeak_ng\espeak-ng\share\espeak-ng-data\cmn_dict
C:\git\gemmamonster-2026.4-unified-20260911\bazel-out\x64_windows-opt\bin\external\espeak_ng\espeak-ng\share\espeak-ng-data\cs_dict
C:\git\gemmamonster-2026.4-unified-20260911\bazel-out\x64_windows-opt\bin\external\espeak_ng\espeak-ng\share\espeak-ng-data\cv_dict
C:\git\gemmamonster-2026.4-unified-20260911\bazel-out\x64_windows-opt\bin\external\espeak_ng\espeak-ng\share\espeak-ng-data\cy_dict
C:\git\gemmamonster-2026.4-unified-20260911\bazel-out\x64_windows-opt\bin\external\espeak_ng\espeak-ng\share\espeak-ng-data\da_dict
C:\git\gemmamonster-2026.4-unified-20260911\bazel-out\x64_windows-opt\bin\external\espeak_ng\espeak-ng\share\espeak-ng-data\de_dict
C:\git\gemmamonster-2026.4-unified-20260911\bazel-out\x64_windows-opt\bin\external\espeak_ng\espeak-ng\share\espeak-ng-data\el_dict
C:\git\gemmamonster-2026.4-unified-20260911\bazel-out\x64_windows-opt\bin\external\espeak_ng\espeak-ng\share\espeak-ng-data\en_dict
C:\git\gemmamonster-2026.4-unified-20260911\bazel-out\x64_windows-opt\bin\external\espeak_ng\espeak-ng\share\espeak-ng-data\eo_dict
C:\git\gemmamonster-2026.4-unified-20260911\bazel-out\x64_windows-opt\bin\external\espeak_ng\espeak-ng\share\espeak-ng-data\es_dict
C:\git\gemmamonster-2026.4-unified-20260911\bazel-out\x64_windows-opt\bin\external\espeak_ng\espeak-ng\share\espeak-ng-data\et_dict
C:\git\gemmamonster-2026.4-unified-20260911\bazel-out\x64_windows-opt\bin\external\espeak_ng\espeak-ng\share\espeak-ng-data\eu_dict
C:\git\gemmamonster-2026.4-unified-20260911\bazel-out\x64_windows-opt\bin\external\espeak_ng\espeak-ng\share\espeak-ng-data\fa_dict
C:\git\gemmamonster-2026.4-unified-20260911\bazel-out\x64_windows-opt\bin\external\espeak_ng\espeak-ng\share\espeak-ng-data\fi_dict
C:\git\gemmamonster-2026.4-unified-20260911\bazel-out\x64_windows-opt\bin\external\espeak_ng\espeak-ng\share\espeak-ng-data\fr_dict
C:\git\gemmamonster-2026.4-unified-20260911\bazel-out\x64_windows-opt\bin\external\espeak_ng\espeak-ng\share\espeak-ng-data\ga_dict
C:\git\gemmamonster-2026.4-unified-20260911\bazel-out\x64_windows-opt\bin\external\espeak_ng\espeak-ng\share\espeak-ng-data\gd_dict
C:\git\gemmamonster-2026.4-unified-20260911\bazel-out\x64_windows-opt\bin\external\espeak_ng\espeak-ng\share\espeak-ng-data\gn_dict
C:\git\gemmamonster-2026.4-unified-20260911\bazel-out\x64_windows-opt\bin\external\espeak_ng\espeak-ng\share\espeak-ng-data\grc_dict
C:\git\gemmamonster-2026.4-unified-20260911\bazel-out\x64_windows-opt\bin\external\espeak_ng\espeak-ng\share\espeak-ng-data\gu_dict
C:\git\gemmamonster-2026.4-unified-20260911\bazel-out\x64_windows-opt\bin\external\espeak_ng\espeak-ng\share\espeak-ng-data\hak_dict
C:\git\gemmamonster-2026.4-unified-20260911\bazel-out\x64_windows-opt\bin\external\espeak_ng\espeak-ng\share\espeak-ng-data\haw_dict
C:\git\gemmamonster-2026.4-unified-20260911\bazel-out\x64_windows-opt\bin\external\espeak_ng\espeak-ng\share\espeak-ng-data\he_dict
C:\git\gemmamonster-2026.4-unified-20260911\bazel-out\x64_windows-opt\bin\external\espeak_ng\espeak-ng\share\espeak-ng-data\hi_dict
C:\git\gemmamonster-2026.4-unified-20260911\bazel-out\x64_windows-opt\bin\external\espeak_ng\espeak-ng\share\espeak-ng-data\hr_dict
C:\git\gemmamonster-2026.4-unified-20260911\bazel-out\x64_windows-opt\bin\external\espeak_ng\espeak-ng\share\espeak-ng-data\ht_dict
C:\git\gemmamonster-2026.4-unified-20260911\bazel-out\x64_windows-opt\bin\external\espeak_ng\espeak-ng\share\espeak-ng-data\hu_dict
C:\git\gemmamonster-2026.4-unified-20260911\bazel-out\x64_windows-opt\bin\external\espeak_ng\espeak-ng\share\espeak-ng-data\hy_dict
C:\git\gemmamonster-2026.4-unified-20260911\bazel-out\x64_windows-opt\bin\external\espeak_ng\espeak-ng\share\espeak-ng-data\ia_dict
C:\git\gemmamonster-2026.4-unified-20260911\bazel-out\x64_windows-opt\bin\external\espeak_ng\espeak-ng\share\espeak-ng-data\id_dict
C:\git\gemmamonster-2026.4-unified-20260911\bazel-out\x64_windows-opt\bin\external\espeak_ng\espeak-ng\share\espeak-ng-data\intonations
C:\git\gemmamonster-2026.4-unified-20260911\bazel-out\x64_windows-opt\bin\external\espeak_ng\espeak-ng\share\espeak-ng-data\io_dict
C:\git\gemmamonster-2026.4-unified-20260911\bazel-out\x64_windows-opt\bin\external\espeak_ng\espeak-ng\share\espeak-ng-data\is_dict
C:\git\gemmamonster-2026.4-unified-20260911\bazel-out\x64_windows-opt\bin\external\espeak_ng\espeak-ng\share\espeak-ng-data\it_dict
C:\git\gemmamonster-2026.4-unified-20260911\bazel-out\x64_windows-opt\bin\external\espeak_ng\espeak-ng\share\espeak-ng-data\ja_dict
C:\git\gemmamonster-2026.4-unified-20260911\bazel-out\x64_windows-opt\bin\external\espeak_ng\espeak-ng\share\espeak-ng-data\jbo_dict
C:\git\gemmamonster-2026.4-unified-20260911\bazel-out\x64_windows-opt\bin\external\espeak_ng\espeak-ng\share\espeak-ng-data\ka_dict
C:\git\gemmamonster-2026.4-unified-20260911\bazel-out\x64_windows-opt\bin\external\espeak_ng\espeak-ng\share\espeak-ng-data\kk_dict
C:\git\gemmamonster-2026.4-unified-20260911\bazel-out\x64_windows-opt\bin\external\espeak_ng\espeak-ng\share\espeak-ng-data\kl_dict
C:\git\gemmamonster-2026.4-unified-20260911\bazel-out\x64_windows-opt\bin\external\espeak_ng\espeak-ng\share\espeak-ng-data\kn_dict
C:\git\gemmamonster-2026.4-unified-20260911\bazel-out\x64_windows-opt\bin\external\espeak_ng\espeak-ng\share\espeak-ng-data\kok_dict
C:\git\gemmamonster-2026.4-unified-20260911\bazel-out\x64_windows-opt\bin\external\espeak_ng\espeak-ng\share\espeak-ng-data\ko_dict
C:\git\gemmamonster-2026.4-unified-20260911\bazel-out\x64_windows-opt\bin\external\espeak_ng\espeak-ng\share\espeak-ng-data\ku_dict
C:\git\gemmamonster-2026.4-unified-20260911\bazel-out\x64_windows-opt\bin\external\espeak_ng\espeak-ng\share\espeak-ng-data\ky_dict
C:\git\gemmamonster-2026.4-unified-20260911\bazel-out\x64_windows-opt\bin\external\espeak_ng\espeak-ng\share\espeak-ng-data\la_dict
C:\git\gemmamonster-2026.4-unified-20260911\bazel-out\x64_windows-opt\bin\external\espeak_ng\espeak-ng\share\espeak-ng-data\lb_dict
C:\git\gemmamonster-2026.4-unified-20260911\bazel-out\x64_windows-opt\bin\external\espeak_ng\espeak-ng\share\espeak-ng-data\lfn_dict
C:\git\gemmamonster-2026.4-unified-20260911\bazel-out\x64_windows-opt\bin\external\espeak_ng\espeak-ng\share\espeak-ng-data\lt_dict
C:\git\gemmamonster-2026.4-unified-20260911\bazel-out\x64_windows-opt\bin\external\espeak_ng\espeak-ng\share\espeak-ng-data\lv_dict
C:\git\gemmamonster-2026.4-unified-20260911\bazel-out\x64_windows-opt\bin\external\espeak_ng\espeak-ng\share\espeak-ng-data\mi_dict
C:\git\gemmamonster-2026.4-unified-20260911\bazel-out\x64_windows-opt\bin\external\espeak_ng\espeak-ng\share\espeak-ng-data\mk_dict
C:\git\gemmamonster-2026.4-unified-20260911\bazel-out\x64_windows-opt\bin\external\espeak_ng\espeak-ng\share\espeak-ng-data\ml_dict
C:\git\gemmamonster-2026.4-unified-20260911\bazel-out\x64_windows-opt\bin\external\espeak_ng\espeak-ng\share\espeak-ng-data\mr_dict
C:\git\gemmamonster-2026.4-unified-20260911\bazel-out\x64_windows-opt\bin\external\espeak_ng\espeak-ng\share\espeak-ng-data\ms_dict
C:\git\gemmamonster-2026.4-unified-20260911\bazel-out\x64_windows-opt\bin\external\espeak_ng\espeak-ng\share\espeak-ng-data\mto_dict
C:\git\gemmamonster-2026.4-unified-20260911\bazel-out\x64_windows-opt\bin\external\espeak_ng\espeak-ng\share\espeak-ng-data\mt_dict
C:\git\gemmamonster-2026.4-unified-20260911\bazel-out\x64_windows-opt\bin\external\espeak_ng\espeak-ng\share\espeak-ng-data\my_dict
C:\git\gemmamonster-2026.4-unified-20260911\bazel-out\x64_windows-opt\bin\external\espeak_ng\espeak-ng\share\espeak-ng-data\nci_dict
C:\git\gemmamonster-2026.4-unified-20260911\bazel-out\x64_windows-opt\bin\external\espeak_ng\espeak-ng\share\espeak-ng-data\ne_dict
C:\git\gemmamonster-2026.4-unified-20260911\bazel-out\x64_windows-opt\bin\external\espeak_ng\espeak-ng\share\espeak-ng-data\nl_dict
C:\git\gemmamonster-2026.4-unified-20260911\bazel-out\x64_windows-opt\bin\external\espeak_ng\espeak-ng\share\espeak-ng-data\nog_dict
C:\git\gemmamonster-2026.4-unified-20260911\bazel-out\x64_windows-opt\bin\external\espeak_ng\espeak-ng\share\espeak-ng-data\no_dict
C:\git\gemmamonster-2026.4-unified-20260911\bazel-out\x64_windows-opt\bin\external\espeak_ng\espeak-ng\share\espeak-ng-data\om_dict
C:\git\gemmamonster-2026.4-unified-20260911\bazel-out\x64_windows-opt\bin\external\espeak_ng\espeak-ng\share\espeak-ng-data\or_dict
C:\git\gemmamonster-2026.4-unified-20260911\bazel-out\x64_windows-opt\bin\external\espeak_ng\espeak-ng\share\espeak-ng-data\pap_dict
C:\git\gemmamonster-2026.4-unified-20260911\bazel-out\x64_windows-opt\bin\external\espeak_ng\espeak-ng\share\espeak-ng-data\pa_dict
C:\git\gemmamonster-2026.4-unified-20260911\bazel-out\x64_windows-opt\bin\external\espeak_ng\espeak-ng\share\espeak-ng-data\phondata
C:\git\gemmamonster-2026.4-unified-20260911\bazel-out\x64_windows-opt\bin\external\espeak_ng\espeak-ng\share\espeak-ng-data\phondata-manifest
C:\git\gemmamonster-2026.4-unified-20260911\bazel-out\x64_windows-opt\bin\external\espeak_ng\espeak-ng\share\espeak-ng-data\phonindex
C:\git\gemmamonster-2026.4-unified-20260911\bazel-out\x64_windows-opt\bin\external\espeak_ng\espeak-ng\share\espeak-ng-data\phontab
C:\git\gemmamonster-2026.4-unified-20260911\bazel-out\x64_windows-opt\bin\external\espeak_ng\espeak-ng\share\espeak-ng-data\piqd_dict
C:\git\gemmamonster-2026.4-unified-20260911\bazel-out\x64_windows-opt\bin\external\espeak_ng\espeak-ng\share\espeak-ng-data\pl_dict
C:\git\gemmamonster-2026.4-unified-20260911\bazel-out\x64_windows-opt\bin\external\espeak_ng\espeak-ng\share\espeak-ng-data\pt_dict
C:\git\gemmamonster-2026.4-unified-20260911\bazel-out\x64_windows-opt\bin\external\espeak_ng\espeak-ng\share\espeak-ng-data\py_dict
C:\git\gemmamonster-2026.4-unified-20260911\bazel-out\x64_windows-opt\bin\external\espeak_ng\espeak-ng\share\espeak-ng-data\qdb_dict
C:\git\gemmamonster-2026.4-unified-20260911\bazel-out\x64_windows-opt\bin\external\espeak_ng\espeak-ng\share\espeak-ng-data\quc_dict
C:\git\gemmamonster-2026.4-unified-20260911\bazel-out\x64_windows-opt\bin\external\espeak_ng\espeak-ng\share\espeak-ng-data\qu_dict
C:\git\gemmamonster-2026.4-unified-20260911\bazel-out\x64_windows-opt\bin\external\espeak_ng\espeak-ng\share\espeak-ng-data\qya_dict
C:\git\gemmamonster-2026.4-unified-20260911\bazel-out\x64_windows-opt\bin\external\espeak_ng\espeak-ng\share\espeak-ng-data\ro_dict
C:\git\gemmamonster-2026.4-unified-20260911\bazel-out\x64_windows-opt\bin\external\espeak_ng\espeak-ng\share\espeak-ng-data\ru_dict
C:\git\gemmamonster-2026.4-unified-20260911\bazel-out\x64_windows-opt\bin\external\espeak_ng\espeak-ng\share\espeak-ng-data\sd_dict
C:\git\gemmamonster-2026.4-unified-20260911\bazel-out\x64_windows-opt\bin\external\espeak_ng\espeak-ng\share\espeak-ng-data\shn_dict
C:\git\gemmamonster-2026.4-unified-20260911\bazel-out\x64_windows-opt\bin\external\espeak_ng\espeak-ng\share\espeak-ng-data\si_dict
C:\git\gemmamonster-2026.4-unified-20260911\bazel-out\x64_windows-opt\bin\external\espeak_ng\espeak-ng\share\espeak-ng-data\sjn_dict
C:\git\gemmamonster-2026.4-unified-20260911\bazel-out\x64_windows-opt\bin\external\espeak_ng\espeak-ng\share\espeak-ng-data\sk_dict
C:\git\gemmamonster-2026.4-unified-20260911\bazel-out\x64_windows-opt\bin\external\espeak_ng\espeak-ng\share\espeak-ng-data\sl_dict
C:\git\gemmamonster-2026.4-unified-20260911\bazel-out\x64_windows-opt\bin\external\espeak_ng\espeak-ng\share\espeak-ng-data\smj_dict
C:\git\gemmamonster-2026.4-unified-20260911\bazel-out\x64_windows-opt\bin\external\espeak_ng\espeak-ng\share\espeak-ng-data\sq_dict
C:\git\gemmamonster-2026.4-unified-20260911\bazel-out\x64_windows-opt\bin\external\espeak_ng\espeak-ng\share\espeak-ng-data\sr_dict
C:\git\gemmamonster-2026.4-unified-20260911\bazel-out\x64_windows-opt\bin\external\espeak_ng\espeak-ng\share\espeak-ng-data\sv_dict
C:\git\gemmamonster-2026.4-unified-20260911\bazel-out\x64_windows-opt\bin\external\espeak_ng\espeak-ng\share\espeak-ng-data\sw_dict
C:\git\gemmamonster-2026.4-unified-20260911\bazel-out\x64_windows-opt\bin\external\espeak_ng\espeak-ng\share\espeak-ng-data\ta_dict
C:\git\gemmamonster-2026.4-unified-20260911\bazel-out\x64_windows-opt\bin\external\espeak_ng\espeak-ng\share\espeak-ng-data\te_dict
C:\git\gemmamonster-2026.4-unified-20260911\bazel-out\x64_windows-opt\bin\external\espeak_ng\espeak-ng\share\espeak-ng-data\th_dict
C:\git\gemmamonster-2026.4-unified-20260911\bazel-out\x64_windows-opt\bin\external\espeak_ng\espeak-ng\share\espeak-ng-data\ti_dict
C:\git\gemmamonster-2026.4-unified-20260911\bazel-out\x64_windows-opt\bin\external\espeak_ng\espeak-ng\share\espeak-ng-data\tk_dict
C:\git\gemmamonster-2026.4-unified-20260911\bazel-out\x64_windows-opt\bin\external\espeak_ng\espeak-ng\share\espeak-ng-data\tn_dict
C:\git\gemmamonster-2026.4-unified-20260911\bazel-out\x64_windows-opt\bin\external\espeak_ng\espeak-ng\share\espeak-ng-data\tr_dict
C:\git\gemmamonster-2026.4-unified-20260911\bazel-out\x64_windows-opt\bin\external\espeak_ng\espeak-ng\share\espeak-ng-data\tt_dict
C:\git\gemmamonster-2026.4-unified-20260911\bazel-out\x64_windows-opt\bin\external\espeak_ng\espeak-ng\share\espeak-ng-data\ug_dict
C:\git\gemmamonster-2026.4-unified-20260911\bazel-out\x64_windows-opt\bin\external\espeak_ng\espeak-ng\share\espeak-ng-data\uk_dict
C:\git\gemmamonster-2026.4-unified-20260911\bazel-out\x64_windows-opt\bin\external\espeak_ng\espeak-ng\share\espeak-ng-data\ur_dict
C:\git\gemmamonster-2026.4-unified-20260911\bazel-out\x64_windows-opt\bin\external\espeak_ng\espeak-ng\share\espeak-ng-data\uz_dict
C:\git\gemmamonster-2026.4-unified-20260911\bazel-out\x64_windows-opt\bin\external\espeak_ng\espeak-ng\share\espeak-ng-data\vi_dict
C:\git\gemmamonster-2026.4-unified-20260911\bazel-out\x64_windows-opt\bin\external\espeak_ng\espeak-ng\share\espeak-ng-data\yue_dict
C:\git\gemmamonster-2026.4-unified-20260911\bazel-out\x64_windows-opt\bin\external\espeak_ng\espeak-ng\share\espeak-ng-data\lang\eu
C:\git\gemmamonster-2026.4-unified-20260911\bazel-out\x64_windows-opt\bin\external\espeak_ng\espeak-ng\share\espeak-ng-data\lang\ko
C:\git\gemmamonster-2026.4-unified-20260911\bazel-out\x64_windows-opt\bin\external\espeak_ng\espeak-ng\share\espeak-ng-data\lang\qu
C:\git\gemmamonster-2026.4-unified-20260911\bazel-out\x64_windows-opt\bin\external\espeak_ng\espeak-ng\share\espeak-ng-data\lang\aav\vi
C:\git\gemmamonster-2026.4-unified-20260911\bazel-out\x64_windows-opt\bin\external\espeak_ng\espeak-ng\share\espeak-ng-data\lang\aav\vi-VN-x-central
C:\git\gemmamonster-2026.4-unified-20260911\bazel-out\x64_windows-opt\bin\external\espeak_ng\espeak-ng\share\espeak-ng-data\lang\aav\vi-VN-x-south
C:\git\gemmamonster-2026.4-unified-20260911\bazel-out\x64_windows-opt\bin\external\espeak_ng\espeak-ng\share\espeak-ng-data\lang\art\eo
C:\git\gemmamonster-2026.4-unified-20260911\bazel-out\x64_windows-opt\bin\external\espeak_ng\espeak-ng\share\espeak-ng-data\lang\art\ia
C:\git\gemmamonster-2026.4-unified-20260911\bazel-out\x64_windows-opt\bin\external\espeak_ng\espeak-ng\share\espeak-ng-data\lang\art\io
C:\git\gemmamonster-2026.4-unified-20260911\bazel-out\x64_windows-opt\bin\external\espeak_ng\espeak-ng\share\espeak-ng-data\lang\art\jbo
C:\git\gemmamonster-2026.4-unified-20260911\bazel-out\x64_windows-opt\bin\external\espeak_ng\espeak-ng\share\espeak-ng-data\lang\art\lfn
C:\git\gemmamonster-2026.4-unified-20260911\bazel-out\x64_windows-opt\bin\external\espeak_ng\espeak-ng\share\espeak-ng-data\lang\art\piqd
C:\git\gemmamonster-2026.4-unified-20260911\bazel-out\x64_windows-opt\bin\external\espeak_ng\espeak-ng\share\espeak-ng-data\lang\art\py
C:\git\gemmamonster-2026.4-unified-20260911\bazel-out\x64_windows-opt\bin\external\espeak_ng\espeak-ng\share\espeak-ng-data\lang\art\qdb
C:\git\gemmamonster-2026.4-unified-20260911\bazel-out\x64_windows-opt\bin\external\espeak_ng\espeak-ng\share\espeak-ng-data\lang\art\qya
C:\git\gemmamonster-2026.4-unified-20260911\bazel-out\x64_windows-opt\bin\external\espeak_ng\espeak-ng\share\espeak-ng-data\lang\art\sjn
C:\git\gemmamonster-2026.4-unified-20260911\bazel-out\x64_windows-opt\bin\external\espeak_ng\espeak-ng\share\espeak-ng-data\lang\art\xex
C:\git\gemmamonster-2026.4-unified-20260911\bazel-out\x64_windows-opt\bin\external\espeak_ng\espeak-ng\share\espeak-ng-data\lang\azc\nci
C:\git\gemmamonster-2026.4-unified-20260911\bazel-out\x64_windows-opt\bin\external\espeak_ng\espeak-ng\share\espeak-ng-data\lang\bat\lt
C:\git\gemmamonster-2026.4-unified-20260911\bazel-out\x64_windows-opt\bin\external\espeak_ng\espeak-ng\share\espeak-ng-data\lang\bat\ltg
C:\git\gemmamonster-2026.4-unified-20260911\bazel-out\x64_windows-opt\bin\external\espeak_ng\espeak-ng\share\espeak-ng-data\lang\bat\lv
C:\git\gemmamonster-2026.4-unified-20260911\bazel-out\x64_windows-opt\bin\external\espeak_ng\espeak-ng\share\espeak-ng-data\lang\bnt\sw
C:\git\gemmamonster-2026.4-unified-20260911\bazel-out\x64_windows-opt\bin\external\espeak_ng\espeak-ng\share\espeak-ng-data\lang\bnt\tn
C:\git\gemmamonster-2026.4-unified-20260911\bazel-out\x64_windows-opt\bin\external\espeak_ng\espeak-ng\share\espeak-ng-data\lang\ccs\ka
C:\git\gemmamonster-2026.4-unified-20260911\bazel-out\x64_windows-opt\bin\external\espeak_ng\espeak-ng\share\espeak-ng-data\lang\cel\cy
C:\git\gemmamonster-2026.4-unified-20260911\bazel-out\x64_windows-opt\bin\external\espeak_ng\espeak-ng\share\espeak-ng-data\lang\cel\ga
C:\git\gemmamonster-2026.4-unified-20260911\bazel-out\x64_windows-opt\bin\external\espeak_ng\espeak-ng\share\espeak-ng-data\lang\cel\gd
C:\git\gemmamonster-2026.4-unified-20260911\bazel-out\x64_windows-opt\bin\external\espeak_ng\espeak-ng\share\espeak-ng-data\lang\cus\om
C:\git\gemmamonster-2026.4-unified-20260911\bazel-out\x64_windows-opt\bin\external\espeak_ng\espeak-ng\share\espeak-ng-data\lang\dra\kn
C:\git\gemmamonster-2026.4-unified-20260911\bazel-out\x64_windows-opt\bin\external\espeak_ng\espeak-ng\share\espeak-ng-data\lang\dra\ml
C:\git\gemmamonster-2026.4-unified-20260911\bazel-out\x64_windows-opt\bin\external\espeak_ng\espeak-ng\share\espeak-ng-data\lang\dra\ta
C:\git\gemmamonster-2026.4-unified-20260911\bazel-out\x64_windows-opt\bin\external\espeak_ng\espeak-ng\share\espeak-ng-data\lang\dra\te
C:\git\gemmamonster-2026.4-unified-20260911\bazel-out\x64_windows-opt\bin\external\espeak_ng\espeak-ng\share\espeak-ng-data\lang\esx\kl
C:\git\gemmamonster-2026.4-unified-20260911\bazel-out\x64_windows-opt\bin\external\espeak_ng\espeak-ng\share\espeak-ng-data\lang\gmq\da
C:\git\gemmamonster-2026.4-unified-20260911\bazel-out\x64_windows-opt\bin\external\espeak_ng\espeak-ng\share\espeak-ng-data\lang\gmq\fo
C:\git\gemmamonster-2026.4-unified-20260911\bazel-out\x64_windows-opt\bin\external\espeak_ng\espeak-ng\share\espeak-ng-data\lang\gmq\is
C:\git\gemmamonster-2026.4-unified-20260911\bazel-out\x64_windows-opt\bin\external\espeak_ng\espeak-ng\share\espeak-ng-data\lang\gmq\nb
C:\git\gemmamonster-2026.4-unified-20260911\bazel-out\x64_windows-opt\bin\external\espeak_ng\espeak-ng\share\espeak-ng-data\lang\gmq\sv
C:\git\gemmamonster-2026.4-unified-20260911\bazel-out\x64_windows-opt\bin\external\espeak_ng\espeak-ng\share\espeak-ng-data\lang\gmw\af
C:\git\gemmamonster-2026.4-unified-20260911\bazel-out\x64_windows-opt\bin\external\espeak_ng\espeak-ng\share\espeak-ng-data\lang\gmw\de
C:\git\gemmamonster-2026.4-unified-20260911\bazel-out\x64_windows-opt\bin\external\espeak_ng\espeak-ng\share\espeak-ng-data\lang\gmw\en
C:\git\gemmamonster-2026.4-unified-20260911\bazel-out\x64_windows-opt\bin\external\espeak_ng\espeak-ng\share\espeak-ng-data\lang\gmw\en-029
C:\git\gemmamonster-2026.4-unified-20260911\bazel-out\x64_windows-opt\bin\external\espeak_ng\espeak-ng\share\espeak-ng-data\lang\gmw\en-GB-scotland
C:\git\gemmamonster-2026.4-unified-20260911\bazel-out\x64_windows-opt\bin\external\espeak_ng\espeak-ng\share\espeak-ng-data\lang\gmw\en-GB-x-gbclan
C:\git\gemmamonster-2026.4-unified-20260911\bazel-out\x64_windows-opt\bin\external\espeak_ng\espeak-ng\share\espeak-ng-data\lang\gmw\en-GB-x-gbcwmd
C:\git\gemmamonster-2026.4-unified-20260911\bazel-out\x64_windows-opt\bin\external\espeak_ng\espeak-ng\share\espeak-ng-data\lang\gmw\en-GB-x-rp
C:\git\gemmamonster-2026.4-unified-20260911\bazel-out\x64_windows-opt\bin\external\espeak_ng\espeak-ng\share\espeak-ng-data\lang\gmw\en-Shaw
C:\git\gemmamonster-2026.4-unified-20260911\bazel-out\x64_windows-opt\bin\external\espeak_ng\espeak-ng\share\espeak-ng-data\lang\gmw\en-US
C:\git\gemmamonster-2026.4-unified-20260911\bazel-out\x64_windows-opt\bin\external\espeak_ng\espeak-ng\share\espeak-ng-data\lang\gmw\en-US-nyc
C:\git\gemmamonster-2026.4-unified-20260911\bazel-out\x64_windows-opt\bin\external\espeak_ng\espeak-ng\share\espeak-ng-data\lang\gmw\lb
C:\git\gemmamonster-2026.4-unified-20260911\bazel-out\x64_windows-opt\bin\external\espeak_ng\espeak-ng\share\espeak-ng-data\lang\gmw\nl
C:\git\gemmamonster-2026.4-unified-20260911\bazel-out\x64_windows-opt\bin\external\espeak_ng\espeak-ng\share\espeak-ng-data\lang\grk\el
C:\git\gemmamonster-2026.4-unified-20260911\bazel-out\x64_windows-opt\bin\external\espeak_ng\espeak-ng\share\espeak-ng-data\lang\grk\grc
C:\git\gemmamonster-2026.4-unified-20260911\bazel-out\x64_windows-opt\bin\external\espeak_ng\espeak-ng\share\espeak-ng-data\lang\inc\as
C:\git\gemmamonster-2026.4-unified-20260911\bazel-out\x64_windows-opt\bin\external\espeak_ng\espeak-ng\share\espeak-ng-data\lang\inc\bn
C:\git\gemmamonster-2026.4-unified-20260911\bazel-out\x64_windows-opt\bin\external\espeak_ng\espeak-ng\share\espeak-ng-data\lang\inc\bpy
C:\git\gemmamonster-2026.4-unified-20260911\bazel-out\x64_windows-opt\bin\external\espeak_ng\espeak-ng\share\espeak-ng-data\lang\inc\gu
C:\git\gemmamonster-2026.4-unified-20260911\bazel-out\x64_windows-opt\bin\external\espeak_ng\espeak-ng\share\espeak-ng-data\lang\inc\hi
C:\git\gemmamonster-2026.4-unified-20260911\bazel-out\x64_windows-opt\bin\external\espeak_ng\espeak-ng\share\espeak-ng-data\lang\inc\kok
C:\git\gemmamonster-2026.4-unified-20260911\bazel-out\x64_windows-opt\bin\external\espeak_ng\espeak-ng\share\espeak-ng-data\lang\inc\mr
C:\git\gemmamonster-2026.4-unified-20260911\bazel-out\x64_windows-opt\bin\external\espeak_ng\espeak-ng\share\espeak-ng-data\lang\inc\ne
C:\git\gemmamonster-2026.4-unified-20260911\bazel-out\x64_windows-opt\bin\external\espeak_ng\espeak-ng\share\espeak-ng-data\lang\inc\or
C:\git\gemmamonster-2026.4-unified-20260911\bazel-out\x64_windows-opt\bin\external\espeak_ng\espeak-ng\share\espeak-ng-data\lang\inc\pa
C:\git\gemmamonster-2026.4-unified-20260911\bazel-out\x64_windows-opt\bin\external\espeak_ng\espeak-ng\share\espeak-ng-data\lang\inc\sd
C:\git\gemmamonster-2026.4-unified-20260911\bazel-out\x64_windows-opt\bin\external\espeak_ng\espeak-ng\share\espeak-ng-data\lang\inc\si
C:\git\gemmamonster-2026.4-unified-20260911\bazel-out\x64_windows-opt\bin\external\espeak_ng\espeak-ng\share\espeak-ng-data\lang\inc\ur
C:\git\gemmamonster-2026.4-unified-20260911\bazel-out\x64_windows-opt\bin\external\espeak_ng\espeak-ng\share\espeak-ng-data\lang\ine\hy
C:\git\gemmamonster-2026.4-unified-20260911\bazel-out\x64_windows-opt\bin\external\espeak_ng\espeak-ng\share\espeak-ng-data\lang\ine\hyw
C:\git\gemmamonster-2026.4-unified-20260911\bazel-out\x64_windows-opt\bin\external\espeak_ng\espeak-ng\share\espeak-ng-data\lang\ine\sq
C:\git\gemmamonster-2026.4-unified-20260911\bazel-out\x64_windows-opt\bin\external\espeak_ng\espeak-ng\share\espeak-ng-data\lang\ira\fa
C:\git\gemmamonster-2026.4-unified-20260911\bazel-out\x64_windows-opt\bin\external\espeak_ng\espeak-ng\share\espeak-ng-data\lang\ira\fa-Latn
C:\git\gemmamonster-2026.4-unified-20260911\bazel-out\x64_windows-opt\bin\external\espeak_ng\espeak-ng\share\espeak-ng-data\lang\ira\ku
C:\git\gemmamonster-2026.4-unified-20260911\bazel-out\x64_windows-opt\bin\external\espeak_ng\espeak-ng\share\espeak-ng-data\lang\ira\ps
C:\git\gemmamonster-2026.4-unified-20260911\bazel-out\x64_windows-opt\bin\external\espeak_ng\espeak-ng\share\espeak-ng-data\lang\iro\chr
C:\git\gemmamonster-2026.4-unified-20260911\bazel-out\x64_windows-opt\bin\external\espeak_ng\espeak-ng\share\espeak-ng-data\lang\itc\la
C:\git\gemmamonster-2026.4-unified-20260911\bazel-out\x64_windows-opt\bin\external\espeak_ng\espeak-ng\share\espeak-ng-data\lang\jpx\ja
C:\git\gemmamonster-2026.4-unified-20260911\bazel-out\x64_windows-opt\bin\external\espeak_ng\espeak-ng\share\espeak-ng-data\lang\map\haw
C:\git\gemmamonster-2026.4-unified-20260911\bazel-out\x64_windows-opt\bin\external\espeak_ng\espeak-ng\share\espeak-ng-data\lang\miz\mto
C:\git\gemmamonster-2026.4-unified-20260911\bazel-out\x64_windows-opt\bin\external\espeak_ng\espeak-ng\share\espeak-ng-data\lang\myn\quc
C:\git\gemmamonster-2026.4-unified-20260911\bazel-out\x64_windows-opt\bin\external\espeak_ng\espeak-ng\share\espeak-ng-data\lang\poz\id
C:\git\gemmamonster-2026.4-unified-20260911\bazel-out\x64_windows-opt\bin\external\espeak_ng\espeak-ng\share\espeak-ng-data\lang\poz\mi
C:\git\gemmamonster-2026.4-unified-20260911\bazel-out\x64_windows-opt\bin\external\espeak_ng\espeak-ng\share\espeak-ng-data\lang\poz\ms
C:\git\gemmamonster-2026.4-unified-20260911\bazel-out\x64_windows-opt\bin\external\espeak_ng\espeak-ng\share\espeak-ng-data\lang\roa\an
C:\git\gemmamonster-2026.4-unified-20260911\bazel-out\x64_windows-opt\bin\external\espeak_ng\espeak-ng\share\espeak-ng-data\lang\roa\ca
C:\git\gemmamonster-2026.4-unified-20260911\bazel-out\x64_windows-opt\bin\external\espeak_ng\espeak-ng\share\espeak-ng-data\lang\roa\ca-ba
C:\git\gemmamonster-2026.4-unified-20260911\bazel-out\x64_windows-opt\bin\external\espeak_ng\espeak-ng\share\espeak-ng-data\lang\roa\ca-nw
C:\git\gemmamonster-2026.4-unified-20260911\bazel-out\x64_windows-opt\bin\external\espeak_ng\espeak-ng\share\espeak-ng-data\lang\roa\ca-va
C:\git\gemmamonster-2026.4-unified-20260911\bazel-out\x64_windows-opt\bin\external\espeak_ng\espeak-ng\share\espeak-ng-data\lang\roa\es
C:\git\gemmamonster-2026.4-unified-20260911\bazel-out\x64_windows-opt\bin\external\espeak_ng\espeak-ng\share\espeak-ng-data\lang\roa\es-419
C:\git\gemmamonster-2026.4-unified-20260911\bazel-out\x64_windows-opt\bin\external\espeak_ng\espeak-ng\share\espeak-ng-data\lang\roa\fr
C:\git\gemmamonster-2026.4-unified-20260911\bazel-out\x64_windows-opt\bin\external\espeak_ng\espeak-ng\share\espeak-ng-data\lang\roa\fr-BE
C:\git\gemmamonster-2026.4-unified-20260911\bazel-out\x64_windows-opt\bin\external\espeak_ng\espeak-ng\share\espeak-ng-data\lang\roa\fr-CH
C:\git\gemmamonster-2026.4-unified-20260911\bazel-out\x64_windows-opt\bin\external\espeak_ng\espeak-ng\share\espeak-ng-data\lang\roa\ht
C:\git\gemmamonster-2026.4-unified-20260911\bazel-out\x64_windows-opt\bin\external\espeak_ng\espeak-ng\share\espeak-ng-data\lang\roa\it
C:\git\gemmamonster-2026.4-unified-20260911\bazel-out\x64_windows-opt\bin\external\espeak_ng\espeak-ng\share\espeak-ng-data\lang\roa\pap
C:\git\gemmamonster-2026.4-unified-20260911\bazel-out\x64_windows-opt\bin\external\espeak_ng\espeak-ng\share\espeak-ng-data\lang\roa\pt
C:\git\gemmamonster-2026.4-unified-20260911\bazel-out\x64_windows-opt\bin\external\espeak_ng\espeak-ng\share\espeak-ng-data\lang\roa\pt-BR
C:\git\gemmamonster-2026.4-unified-20260911\bazel-out\x64_windows-opt\bin\external\espeak_ng\espeak-ng\share\espeak-ng-data\lang\roa\ro
C:\git\gemmamonster-2026.4-unified-20260911\bazel-out\x64_windows-opt\bin\external\espeak_ng\espeak-ng\share\espeak-ng-data\lang\sai\gn
C:\git\gemmamonster-2026.4-unified-20260911\bazel-out\x64_windows-opt\bin\external\espeak_ng\espeak-ng\share\espeak-ng-data\lang\sem\am
C:\git\gemmamonster-2026.4-unified-20260911\bazel-out\x64_windows-opt\bin\external\espeak_ng\espeak-ng\share\espeak-ng-data\lang\sem\ar
C:\git\gemmamonster-2026.4-unified-20260911\bazel-out\x64_windows-opt\bin\external\espeak_ng\espeak-ng\share\espeak-ng-data\lang\sem\he
C:\git\gemmamonster-2026.4-unified-20260911\bazel-out\x64_windows-opt\bin\external\espeak_ng\espeak-ng\share\espeak-ng-data\lang\sem\mt
C:\git\gemmamonster-2026.4-unified-20260911\bazel-out\x64_windows-opt\bin\external\espeak_ng\espeak-ng\share\espeak-ng-data\lang\sem\ti
C:\git\gemmamonster-2026.4-unified-20260911\bazel-out\x64_windows-opt\bin\external\espeak_ng\espeak-ng\share\espeak-ng-data\lang\sit\cmn
C:\git\gemmamonster-2026.4-unified-20260911\bazel-out\x64_windows-opt\bin\external\espeak_ng\espeak-ng\share\espeak-ng-data\lang\sit\cmn-Latn-pinyin
C:\git\gemmamonster-2026.4-unified-20260911\bazel-out\x64_windows-opt\bin\external\espeak_ng\espeak-ng\share\espeak-ng-data\lang\sit\hak
C:\git\gemmamonster-2026.4-unified-20260911\bazel-out\x64_windows-opt\bin\external\espeak_ng\espeak-ng\share\espeak-ng-data\lang\sit\my
C:\git\gemmamonster-2026.4-unified-20260911\bazel-out\x64_windows-opt\bin\external\espeak_ng\espeak-ng\share\espeak-ng-data\lang\sit\yue
C:\git\gemmamonster-2026.4-unified-20260911\bazel-out\x64_windows-opt\bin\external\espeak_ng\espeak-ng\share\espeak-ng-data\lang\sit\yue-Latn-jyutping
C:\git\gemmamonster-2026.4-unified-20260911\bazel-out\x64_windows-opt\bin\external\espeak_ng\espeak-ng\share\espeak-ng-data\lang\tai\shn
C:\git\gemmamonster-2026.4-unified-20260911\bazel-out\x64_windows-opt\bin\external\espeak_ng\espeak-ng\share\espeak-ng-data\lang\tai\th
C:\git\gemmamonster-2026.4-unified-20260911\bazel-out\x64_windows-opt\bin\external\espeak_ng\espeak-ng\share\espeak-ng-data\lang\trk\az
C:\git\gemmamonster-2026.4-unified-20260911\bazel-out\x64_windows-opt\bin\external\espeak_ng\espeak-ng\share\espeak-ng-data\lang\trk\ba
C:\git\gemmamonster-2026.4-unified-20260911\bazel-out\x64_windows-opt\bin\external\espeak_ng\espeak-ng\share\espeak-ng-data\lang\trk\cv
C:\git\gemmamonster-2026.4-unified-20260911\bazel-out\x64_windows-opt\bin\external\espeak_ng\espeak-ng\share\espeak-ng-data\lang\trk\kaa
C:\git\gemmamonster-2026.4-unified-20260911\bazel-out\x64_windows-opt\bin\external\espeak_ng\espeak-ng\share\espeak-ng-data\lang\trk\kk
C:\git\gemmamonster-2026.4-unified-20260911\bazel-out\x64_windows-opt\bin\external\espeak_ng\espeak-ng\share\espeak-ng-data\lang\trk\ky
C:\git\gemmamonster-2026.4-unified-20260911\bazel-out\x64_windows-opt\bin\external\espeak_ng\espeak-ng\share\espeak-ng-data\lang\trk\nog
C:\git\gemmamonster-2026.4-unified-20260911\bazel-out\x64_windows-opt\bin\external\espeak_ng\espeak-ng\share\espeak-ng-data\lang\trk\tk
C:\git\gemmamonster-2026.4-unified-20260911\bazel-out\x64_windows-opt\bin\external\espeak_ng\espeak-ng\share\espeak-ng-data\lang\trk\tr
C:\git\gemmamonster-2026.4-unified-20260911\bazel-out\x64_windows-opt\bin\external\espeak_ng\espeak-ng\share\espeak-ng-data\lang\trk\tt
C:\git\gemmamonster-2026.4-unified-20260911\bazel-out\x64_windows-opt\bin\external\espeak_ng\espeak-ng\share\espeak-ng-data\lang\trk\ug
C:\git\gemmamonster-2026.4-unified-20260911\bazel-out\x64_windows-opt\bin\external\espeak_ng\espeak-ng\share\espeak-ng-data\lang\trk\uz
C:\git\gemmamonster-2026.4-unified-20260911\bazel-out\x64_windows-opt\bin\external\espeak_ng\espeak-ng\share\espeak-ng-data\lang\urj\et
C:\git\gemmamonster-2026.4-unified-20260911\bazel-out\x64_windows-opt\bin\external\espeak_ng\espeak-ng\share\espeak-ng-data\lang\urj\fi
C:\git\gemmamonster-2026.4-unified-20260911\bazel-out\x64_windows-opt\bin\external\espeak_ng\espeak-ng\share\espeak-ng-data\lang\urj\hu
C:\git\gemmamonster-2026.4-unified-20260911\bazel-out\x64_windows-opt\bin\external\espeak_ng\espeak-ng\share\espeak-ng-data\lang\urj\smj
C:\git\gemmamonster-2026.4-unified-20260911\bazel-out\x64_windows-opt\bin\external\espeak_ng\espeak-ng\share\espeak-ng-data\lang\zle\be
C:\git\gemmamonster-2026.4-unified-20260911\bazel-out\x64_windows-opt\bin\external\espeak_ng\espeak-ng\share\espeak-ng-data\lang\zle\ru
C:\git\gemmamonster-2026.4-unified-20260911\bazel-out\x64_windows-opt\bin\external\espeak_ng\espeak-ng\share\espeak-ng-data\lang\zle\ru-cl
C:\git\gemmamonster-2026.4-unified-20260911\bazel-out\x64_windows-opt\bin\external\espeak_ng\espeak-ng\share\espeak-ng-data\lang\zle\ru-LV
C:\git\gemmamonster-2026.4-unified-20260911\bazel-out\x64_windows-opt\bin\external\espeak_ng\espeak-ng\share\espeak-ng-data\lang\zle\uk
C:\git\gemmamonster-2026.4-unified-20260911\bazel-out\x64_windows-opt\bin\external\espeak_ng\espeak-ng\share\espeak-ng-data\lang\zls\bg
C:\git\gemmamonster-2026.4-unified-20260911\bazel-out\x64_windows-opt\bin\external\espeak_ng\espeak-ng\share\espeak-ng-data\lang\zls\bs
C:\git\gemmamonster-2026.4-unified-20260911\bazel-out\x64_windows-opt\bin\external\espeak_ng\espeak-ng\share\espeak-ng-data\lang\zls\hr
C:\git\gemmamonster-2026.4-unified-20260911\bazel-out\x64_windows-opt\bin\external\espeak_ng\espeak-ng\share\espeak-ng-data\lang\zls\mk
C:\git\gemmamonster-2026.4-unified-20260911\bazel-out\x64_windows-opt\bin\external\espeak_ng\espeak-ng\share\espeak-ng-data\lang\zls\sl
C:\git\gemmamonster-2026.4-unified-20260911\bazel-out\x64_windows-opt\bin\external\espeak_ng\espeak-ng\share\espeak-ng-data\lang\zls\sr
C:\git\gemmamonster-2026.4-unified-20260911\bazel-out\x64_windows-opt\bin\external\espeak_ng\espeak-ng\share\espeak-ng-data\lang\zlw\cs
C:\git\gemmamonster-2026.4-unified-20260911\bazel-out\x64_windows-opt\bin\external\espeak_ng\espeak-ng\share\espeak-ng-data\lang\zlw\pl
C:\git\gemmamonster-2026.4-unified-20260911\bazel-out\x64_windows-opt\bin\external\espeak_ng\espeak-ng\share\espeak-ng-data\lang\zlw\sk
C:\git\gemmamonster-2026.4-unified-20260911\bazel-out\x64_windows-opt\bin\external\espeak_ng\espeak-ng\share\espeak-ng-data\voices\!v\adam
C:\git\gemmamonster-2026.4-unified-20260911\bazel-out\x64_windows-opt\bin\external\espeak_ng\espeak-ng\share\espeak-ng-data\voices\!v\Alex
C:\git\gemmamonster-2026.4-unified-20260911\bazel-out\x64_windows-opt\bin\external\espeak_ng\espeak-ng\share\espeak-ng-data\voices\!v\Alicia
C:\git\gemmamonster-2026.4-unified-20260911\bazel-out\x64_windows-opt\bin\external\espeak_ng\espeak-ng\share\espeak-ng-data\voices\!v\Andrea
C:\git\gemmamonster-2026.4-unified-20260911\bazel-out\x64_windows-opt\bin\external\espeak_ng\espeak-ng\share\espeak-ng-data\voices\!v\Andy
C:\git\gemmamonster-2026.4-unified-20260911\bazel-out\x64_windows-opt\bin\external\espeak_ng\espeak-ng\share\espeak-ng-data\voices\!v\anika
C:\git\gemmamonster-2026.4-unified-20260911\bazel-out\x64_windows-opt\bin\external\espeak_ng\espeak-ng\share\espeak-ng-data\voices\!v\anikaRobot
C:\git\gemmamonster-2026.4-unified-20260911\bazel-out\x64_windows-opt\bin\external\espeak_ng\espeak-ng\share\espeak-ng-data\voices\!v\Annie
C:\git\gemmamonster-2026.4-unified-20260911\bazel-out\x64_windows-opt\bin\external\espeak_ng\espeak-ng\share\espeak-ng-data\voices\!v\announcer
C:\git\gemmamonster-2026.4-unified-20260911\bazel-out\x64_windows-opt\bin\external\espeak_ng\espeak-ng\share\espeak-ng-data\voices\!v\antonio
C:\git\gemmamonster-2026.4-unified-20260911\bazel-out\x64_windows-opt\bin\external\espeak_ng\espeak-ng\share\espeak-ng-data\voices\!v\AnxiousAndy
C:\git\gemmamonster-2026.4-unified-20260911\bazel-out\x64_windows-opt\bin\external\espeak_ng\espeak-ng\share\espeak-ng-data\voices\!v\aunty
C:\git\gemmamonster-2026.4-unified-20260911\bazel-out\x64_windows-opt\bin\external\espeak_ng\espeak-ng\share\espeak-ng-data\voices\!v\belinda
C:\git\gemmamonster-2026.4-unified-20260911\bazel-out\x64_windows-opt\bin\external\espeak_ng\espeak-ng\share\espeak-ng-data\voices\!v\benjamin
C:\git\gemmamonster-2026.4-unified-20260911\bazel-out\x64_windows-opt\bin\external\espeak_ng\espeak-ng\share\espeak-ng-data\voices\!v\boris
C:\git\gemmamonster-2026.4-unified-20260911\bazel-out\x64_windows-opt\bin\external\espeak_ng\espeak-ng\share\espeak-ng-data\voices\!v\caleb
C:\git\gemmamonster-2026.4-unified-20260911\bazel-out\x64_windows-opt\bin\external\espeak_ng\espeak-ng\share\espeak-ng-data\voices\!v\croak
C:\git\gemmamonster-2026.4-unified-20260911\bazel-out\x64_windows-opt\bin\external\espeak_ng\espeak-ng\share\espeak-ng-data\voices\!v\david
C:\git\gemmamonster-2026.4-unified-20260911\bazel-out\x64_windows-opt\bin\external\espeak_ng\espeak-ng\share\espeak-ng-data\voices\!v\Demonic
C:\git\gemmamonster-2026.4-unified-20260911\bazel-out\x64_windows-opt\bin\external\espeak_ng\espeak-ng\share\espeak-ng-data\voices\!v\Denis
C:\git\gemmamonster-2026.4-unified-20260911\bazel-out\x64_windows-opt\bin\external\espeak_ng\espeak-ng\share\espeak-ng-data\voices\!v\Diogo
C:\git\gemmamonster-2026.4-unified-20260911\bazel-out\x64_windows-opt\bin\external\espeak_ng\espeak-ng\share\espeak-ng-data\voices\!v\ed
C:\git\gemmamonster-2026.4-unified-20260911\bazel-out\x64_windows-opt\bin\external\espeak_ng\espeak-ng\share\espeak-ng-data\voices\!v\edward
C:\git\gemmamonster-2026.4-unified-20260911\bazel-out\x64_windows-opt\bin\external\espeak_ng\espeak-ng\share\espeak-ng-data\voices\!v\edward2
C:\git\gemmamonster-2026.4-unified-20260911\bazel-out\x64_windows-opt\bin\external\espeak_ng\espeak-ng\share\espeak-ng-data\voices\!v\f1
C:\git\gemmamonster-2026.4-unified-20260911\bazel-out\x64_windows-opt\bin\external\espeak_ng\espeak-ng\share\espeak-ng-data\voices\!v\f2
C:\git\gemmamonster-2026.4-unified-20260911\bazel-out\x64_windows-opt\bin\external\espeak_ng\espeak-ng\share\espeak-ng-data\voices\!v\f3
C:\git\gemmamonster-2026.4-unified-20260911\bazel-out\x64_windows-opt\bin\external\espeak_ng\espeak-ng\share\espeak-ng-data\voices\!v\f4
C:\git\gemmamonster-2026.4-unified-20260911\bazel-out\x64_windows-opt\bin\external\espeak_ng\espeak-ng\share\espeak-ng-data\voices\!v\f5
C:\git\gemmamonster-2026.4-unified-20260911\bazel-out\x64_windows-opt\bin\external\espeak_ng\espeak-ng\share\espeak-ng-data\voices\!v\fast
C:\git\gemmamonster-2026.4-unified-20260911\bazel-out\x64_windows-opt\bin\external\espeak_ng\espeak-ng\share\espeak-ng-data\voices\!v\Gene
C:\git\gemmamonster-2026.4-unified-20260911\bazel-out\x64_windows-opt\bin\external\espeak_ng\espeak-ng\share\espeak-ng-data\voices\!v\Gene2
C:\git\gemmamonster-2026.4-unified-20260911\bazel-out\x64_windows-opt\bin\external\espeak_ng\espeak-ng\share\espeak-ng-data\voices\!v\grandma
C:\git\gemmamonster-2026.4-unified-20260911\bazel-out\x64_windows-opt\bin\external\espeak_ng\espeak-ng\share\espeak-ng-data\voices\!v\grandpa
C:\git\gemmamonster-2026.4-unified-20260911\bazel-out\x64_windows-opt\bin\external\espeak_ng\espeak-ng\share\espeak-ng-data\voices\!v\gustave
C:\git\gemmamonster-2026.4-unified-20260911\bazel-out\x64_windows-opt\bin\external\espeak_ng\espeak-ng\share\espeak-ng-data\voices\!v\Henrique
C:\git\gemmamonster-2026.4-unified-20260911\bazel-out\x64_windows-opt\bin\external\espeak_ng\espeak-ng\share\espeak-ng-data\voices\!v\Hugo
C:\git\gemmamonster-2026.4-unified-20260911\bazel-out\x64_windows-opt\bin\external\espeak_ng\espeak-ng\share\espeak-ng-data\voices\!v\ian
C:\git\gemmamonster-2026.4-unified-20260911\bazel-out\x64_windows-opt\bin\external\espeak_ng\espeak-ng\share\espeak-ng-data\voices\!v\iven
C:\git\gemmamonster-2026.4-unified-20260911\bazel-out\x64_windows-opt\bin\external\espeak_ng\espeak-ng\share\espeak-ng-data\voices\!v\iven2
C:\git\gemmamonster-2026.4-unified-20260911\bazel-out\x64_windows-opt\bin\external\espeak_ng\espeak-ng\share\espeak-ng-data\voices\!v\iven3
C:\git\gemmamonster-2026.4-unified-20260911\bazel-out\x64_windows-opt\bin\external\espeak_ng\espeak-ng\share\espeak-ng-data\voices\!v\iven4
C:\git\gemmamonster-2026.4-unified-20260911\bazel-out\x64_windows-opt\bin\external\espeak_ng\espeak-ng\share\espeak-ng-data\voices\!v\Jacky
C:\git\gemmamonster-2026.4-unified-20260911\bazel-out\x64_windows-opt\bin\external\espeak_ng\espeak-ng\share\espeak-ng-data\voices\!v\john
C:\git\gemmamonster-2026.4-unified-20260911\bazel-out\x64_windows-opt\bin\external\espeak_ng\espeak-ng\share\espeak-ng-data\voices\!v\kaukovalta
C:\git\gemmamonster-2026.4-unified-20260911\bazel-out\x64_windows-opt\bin\external\espeak_ng\espeak-ng\share\espeak-ng-data\voices\!v\klatt
C:\git\gemmamonster-2026.4-unified-20260911\bazel-out\x64_windows-opt\bin\external\espeak_ng\espeak-ng\share\espeak-ng-data\voices\!v\klatt2
C:\git\gemmamonster-2026.4-unified-20260911\bazel-out\x64_windows-opt\bin\external\espeak_ng\espeak-ng\share\espeak-ng-data\voices\!v\klatt3
C:\git\gemmamonster-2026.4-unified-20260911\bazel-out\x64_windows-opt\bin\external\espeak_ng\espeak-ng\share\espeak-ng-data\voices\!v\klatt4
C:\git\gemmamonster-2026.4-unified-20260911\bazel-out\x64_windows-opt\bin\external\espeak_ng\espeak-ng\share\espeak-ng-data\voices\!v\klatt5
C:\git\gemmamonster-2026.4-unified-20260911\bazel-out\x64_windows-opt\bin\external\espeak_ng\espeak-ng\share\espeak-ng-data\voices\!v\klatt6
C:\git\gemmamonster-2026.4-unified-20260911\bazel-out\x64_windows-opt\bin\external\espeak_ng\espeak-ng\share\espeak-ng-data\voices\!v\Lee
C:\git\gemmamonster-2026.4-unified-20260911\bazel-out\x64_windows-opt\bin\external\espeak_ng\espeak-ng\share\espeak-ng-data\voices\!v\linda
C:\git\gemmamonster-2026.4-unified-20260911\bazel-out\x64_windows-opt\bin\external\espeak_ng\espeak-ng\share\espeak-ng-data\voices\!v\m1
C:\git\gemmamonster-2026.4-unified-20260911\bazel-out\x64_windows-opt\bin\external\espeak_ng\espeak-ng\share\espeak-ng-data\voices\!v\m2
C:\git\gemmamonster-2026.4-unified-20260911\bazel-out\x64_windows-opt\bin\external\espeak_ng\espeak-ng\share\espeak-ng-data\voices\!v\m3
C:\git\gemmamonster-2026.4-unified-20260911\bazel-out\x64_windows-opt\bin\external\espeak_ng\espeak-ng\share\espeak-ng-data\voices\!v\m4
C:\git\gemmamonster-2026.4-unified-20260911\bazel-out\x64_windows-opt\bin\external\espeak_ng\espeak-ng\share\espeak-ng-data\voices\!v\m5
C:\git\gemmamonster-2026.4-unified-20260911\bazel-out\x64_windows-opt\bin\external\espeak_ng\espeak-ng\share\espeak-ng-data\voices\!v\m6
C:\git\gemmamonster-2026.4-unified-20260911\bazel-out\x64_windows-opt\bin\external\espeak_ng\espeak-ng\share\espeak-ng-data\voices\!v\m7
C:\git\gemmamonster-2026.4-unified-20260911\bazel-out\x64_windows-opt\bin\external\espeak_ng\espeak-ng\share\espeak-ng-data\voices\!v\m8
C:\git\gemmamonster-2026.4-unified-20260911\bazel-out\x64_windows-opt\bin\external\espeak_ng\espeak-ng\share\espeak-ng-data\voices\!v\marcelo
C:\git\gemmamonster-2026.4-unified-20260911\bazel-out\x64_windows-opt\bin\external\espeak_ng\espeak-ng\share\espeak-ng-data\voices\!v\Marco
C:\git\gemmamonster-2026.4-unified-20260911\bazel-out\x64_windows-opt\bin\external\espeak_ng\espeak-ng\share\espeak-ng-data\voices\!v\Mario
C:\git\gemmamonster-2026.4-unified-20260911\bazel-out\x64_windows-opt\bin\external\espeak_ng\espeak-ng\share\espeak-ng-data\voices\!v\max
C:\git\gemmamonster-2026.4-unified-20260911\bazel-out\x64_windows-opt\bin\external\espeak_ng\espeak-ng\share\espeak-ng-data\voices\!v\Michael
C:\git\gemmamonster-2026.4-unified-20260911\bazel-out\x64_windows-opt\bin\external\espeak_ng\espeak-ng\share\espeak-ng-data\voices\!v\michel
C:\git\gemmamonster-2026.4-unified-20260911\bazel-out\x64_windows-opt\bin\external\espeak_ng\espeak-ng\share\espeak-ng-data\voices\!v\miguel
C:\git\gemmamonster-2026.4-unified-20260911\bazel-out\x64_windows-opt\bin\external\espeak_ng\espeak-ng\share\espeak-ng-data\voices\!v\Mike
C:\git\gemmamonster-2026.4-unified-20260911\bazel-out\x64_windows-opt\bin\external\espeak_ng\espeak-ng\share\espeak-ng-data\voices\!v\mike2
C:\git\gemmamonster-2026.4-unified-20260911\bazel-out\x64_windows-opt\bin\external\espeak_ng\espeak-ng\share\espeak-ng-data\voices\!v\Mr serious
C:\git\gemmamonster-2026.4-unified-20260911\bazel-out\x64_windows-opt\bin\external\espeak_ng\espeak-ng\share\espeak-ng-data\voices\!v\Nguyen
C:\git\gemmamonster-2026.4-unified-20260911\bazel-out\x64_windows-opt\bin\external\espeak_ng\espeak-ng\share\espeak-ng-data\voices\!v\norbert
C:\git\gemmamonster-2026.4-unified-20260911\bazel-out\x64_windows-opt\bin\external\espeak_ng\espeak-ng\share\espeak-ng-data\voices\!v\pablo
C:\git\gemmamonster-2026.4-unified-20260911\bazel-out\x64_windows-opt\bin\external\espeak_ng\espeak-ng\share\espeak-ng-data\voices\!v\paul
C:\git\gemmamonster-2026.4-unified-20260911\bazel-out\x64_windows-opt\bin\external\espeak_ng\espeak-ng\share\espeak-ng-data\voices\!v\pedro
C:\git\gemmamonster-2026.4-unified-20260911\bazel-out\x64_windows-opt\bin\external\espeak_ng\espeak-ng\share\espeak-ng-data\voices\!v\quincy
C:\git\gemmamonster-2026.4-unified-20260911\bazel-out\x64_windows-opt\bin\external\espeak_ng\espeak-ng\share\espeak-ng-data\voices\!v\Reed
C:\git\gemmamonster-2026.4-unified-20260911\bazel-out\x64_windows-opt\bin\external\espeak_ng\espeak-ng\share\espeak-ng-data\voices\!v\RicishayMax
C:\git\gemmamonster-2026.4-unified-20260911\bazel-out\x64_windows-opt\bin\external\espeak_ng\espeak-ng\share\espeak-ng-data\voices\!v\RicishayMax2
C:\git\gemmamonster-2026.4-unified-20260911\bazel-out\x64_windows-opt\bin\external\espeak_ng\espeak-ng\share\espeak-ng-data\voices\!v\RicishayMax3
C:\git\gemmamonster-2026.4-unified-20260911\bazel-out\x64_windows-opt\bin\external\espeak_ng\espeak-ng\share\espeak-ng-data\voices\!v\rob
C:\git\gemmamonster-2026.4-unified-20260911\bazel-out\x64_windows-opt\bin\external\espeak_ng\espeak-ng\share\espeak-ng-data\voices\!v\robert
C:\git\gemmamonster-2026.4-unified-20260911\bazel-out\x64_windows-opt\bin\external\espeak_ng\espeak-ng\share\espeak-ng-data\voices\!v\robosoft
C:\git\gemmamonster-2026.4-unified-20260911\bazel-out\x64_windows-opt\bin\external\espeak_ng\espeak-ng\share\espeak-ng-data\voices\!v\robosoft2
C:\git\gemmamonster-2026.4-unified-20260911\bazel-out\x64_windows-opt\bin\external\espeak_ng\espeak-ng\share\espeak-ng-data\voices\!v\robosoft3
C:\git\gemmamonster-2026.4-unified-20260911\bazel-out\x64_windows-opt\bin\external\espeak_ng\espeak-ng\share\espeak-ng-data\voices\!v\robosoft4
C:\git\gemmamonster-2026.4-unified-20260911\bazel-out\x64_windows-opt\bin\external\espeak_ng\espeak-ng\share\espeak-ng-data\voices\!v\robosoft5
C:\git\gemmamonster-2026.4-unified-20260911\bazel-out\x64_windows-opt\bin\external\espeak_ng\espeak-ng\share\espeak-ng-data\voices\!v\robosoft6
C:\git\gemmamonster-2026.4-unified-20260911\bazel-out\x64_windows-opt\bin\external\espeak_ng\espeak-ng\share\espeak-ng-data\voices\!v\robosoft7
C:\git\gemmamonster-2026.4-unified-20260911\bazel-out\x64_windows-opt\bin\external\espeak_ng\espeak-ng\share\espeak-ng-data\voices\!v\robosoft8
C:\git\gemmamonster-2026.4-unified-20260911\bazel-out\x64_windows-opt\bin\external\espeak_ng\espeak-ng\share\espeak-ng-data\voices\!v\sandro
C:\git\gemmamonster-2026.4-unified-20260911\bazel-out\x64_windows-opt\bin\external\espeak_ng\espeak-ng\share\espeak-ng-data\voices\!v\shelby
C:\git\gemmamonster-2026.4-unified-20260911\bazel-out\x64_windows-opt\bin\external\espeak_ng\espeak-ng\share\espeak-ng-data\voices\!v\steph
C:\git\gemmamonster-2026.4-unified-20260911\bazel-out\x64_windows-opt\bin\external\espeak_ng\espeak-ng\share\espeak-ng-data\voices\!v\steph2
C:\git\gemmamonster-2026.4-unified-20260911\bazel-out\x64_windows-opt\bin\external\espeak_ng\espeak-ng\share\espeak-ng-data\voices\!v\steph3
C:\git\gemmamonster-2026.4-unified-20260911\bazel-out\x64_windows-opt\bin\external\espeak_ng\espeak-ng\share\espeak-ng-data\voices\!v\Storm
C:\git\gemmamonster-2026.4-unified-20260911\bazel-out\x64_windows-opt\bin\external\espeak_ng\espeak-ng\share\espeak-ng-data\voices\!v\travis
C:\git\gemmamonster-2026.4-unified-20260911\bazel-out\x64_windows-opt\bin\external\espeak_ng\espeak-ng\share\espeak-ng-data\voices\!v\Tweaky
C:\git\gemmamonster-2026.4-unified-20260911\bazel-out\x64_windows-opt\bin\external\espeak_ng\espeak-ng\share\espeak-ng-data\voices\!v\UniRobot
C:\git\gemmamonster-2026.4-unified-20260911\bazel-out\x64_windows-opt\bin\external\espeak_ng\espeak-ng\share\espeak-ng-data\voices\!v\victor
C:\git\gemmamonster-2026.4-unified-20260911\bazel-out\x64_windows-opt\bin\external\espeak_ng\espeak-ng\share\espeak-ng-data\voices\!v\whisper
C:\git\gemmamonster-2026.4-unified-20260911\bazel-out\x64_windows-opt\bin\external\espeak_ng\espeak-ng\share\espeak-ng-data\voices\!v\whisperf
C:\git\gemmamonster-2026.4-unified-20260911\bazel-out\x64_windows-opt\bin\external\espeak_ng\espeak-ng\share\espeak-ng-data\voices\!v\zac
365 File(s) copied
C:\git\gemmamonster-2026.4-unified-20260911\bazel-out\x64_windows-opt\bin\external\espeak_ng\espeak-ng.build_tmpdir\espeak-ng-data\af_dict
C:\git\gemmamonster-2026.4-unified-20260911\bazel-out\x64_windows-opt\bin\external\espeak_ng\espeak-ng.build_tmpdir\espeak-ng-data\am_dict
C:\git\gemmamonster-2026.4-unified-20260911\bazel-out\x64_windows-opt\bin\external\espeak_ng\espeak-ng.build_tmpdir\espeak-ng-data\an_dict
C:\git\gemmamonster-2026.4-unified-20260911\bazel-out\x64_windows-opt\bin\external\espeak_ng\espeak-ng.build_tmpdir\espeak-ng-data\ar_dict
C:\git\gemmamonster-2026.4-unified-20260911\bazel-out\x64_windows-opt\bin\external\espeak_ng\espeak-ng.build_tmpdir\espeak-ng-data\as_dict
C:\git\gemmamonster-2026.4-unified-20260911\bazel-out\x64_windows-opt\bin\external\espeak_ng\espeak-ng.build_tmpdir\espeak-ng-data\az_dict
C:\git\gemmamonster-2026.4-unified-20260911\bazel-out\x64_windows-opt\bin\external\espeak_ng\espeak-ng.build_tmpdir\espeak-ng-data\ba_dict
C:\git\gemmamonster-2026.4-unified-20260911\bazel-out\x64_windows-opt\bin\external\espeak_ng\espeak-ng.build_tmpdir\espeak-ng-data\be_dict
C:\git\gemmamonster-2026.4-unified-20260911\bazel-out\x64_windows-opt\bin\external\espeak_ng\espeak-ng.build_tmpdir\espeak-ng-data\bg_dict
C:\git\gemmamonster-2026.4-unified-20260911\bazel-out\x64_windows-opt\bin\external\espeak_ng\espeak-ng.build_tmpdir\espeak-ng-data\bn_dict
C:\git\gemmamonster-2026.4-unified-20260911\bazel-out\x64_windows-opt\bin\external\espeak_ng\espeak-ng.build_tmpdir\espeak-ng-data\bpy_dict
C:\git\gemmamonster-2026.4-unified-20260911\bazel-out\x64_windows-opt\bin\external\espeak_ng\espeak-ng.build_tmpdir\espeak-ng-data\bs_dict
C:\git\gemmamonster-2026.4-unified-20260911\bazel-out\x64_windows-opt\bin\external\espeak_ng\espeak-ng.build_tmpdir\espeak-ng-data\ca_dict
C:\git\gemmamonster-2026.4-unified-20260911\bazel-out\x64_windows-opt\bin\external\espeak_ng\espeak-ng.build_tmpdir\espeak-ng-data\chr_dict
C:\git\gemmamonster-2026.4-unified-20260911\bazel-out\x64_windows-opt\bin\external\espeak_ng\espeak-ng.build_tmpdir\espeak-ng-data\cmn_dict
C:\git\gemmamonster-2026.4-unified-20260911\bazel-out\x64_windows-opt\bin\external\espeak_ng\espeak-ng.build_tmpdir\espeak-ng-data\cs_dict
C:\git\gemmamonster-2026.4-unified-20260911\bazel-out\x64_windows-opt\bin\external\espeak_ng\espeak-ng.build_tmpdir\espeak-ng-data\cv_dict
C:\git\gemmamonster-2026.4-unified-20260911\bazel-out\x64_windows-opt\bin\external\espeak_ng\espeak-ng.build_tmpdir\espeak-ng-data\cy_dict
C:\git\gemmamonster-2026.4-unified-20260911\bazel-out\x64_windows-opt\bin\external\espeak_ng\espeak-ng.build_tmpdir\espeak-ng-data\da_dict
C:\git\gemmamonster-2026.4-unified-20260911\bazel-out\x64_windows-opt\bin\external\espeak_ng\espeak-ng.build_tmpdir\espeak-ng-data\de_dict
C:\git\gemmamonster-2026.4-unified-20260911\bazel-out\x64_windows-opt\bin\external\espeak_ng\espeak-ng.build_tmpdir\espeak-ng-data\el_dict
C:\git\gemmamonster-2026.4-unified-20260911\bazel-out\x64_windows-opt\bin\external\espeak_ng\espeak-ng.build_tmpdir\espeak-ng-data\en_dict
C:\git\gemmamonster-2026.4-unified-20260911\bazel-out\x64_windows-opt\bin\external\espeak_ng\espeak-ng.build_tmpdir\espeak-ng-data\eo_dict
C:\git\gemmamonster-2026.4-unified-20260911\bazel-out\x64_windows-opt\bin\external\espeak_ng\espeak-ng.build_tmpdir\espeak-ng-data\es_dict
C:\git\gemmamonster-2026.4-unified-20260911\bazel-out\x64_windows-opt\bin\external\espeak_ng\espeak-ng.build_tmpdir\espeak-ng-data\et_dict
C:\git\gemmamonster-2026.4-unified-20260911\bazel-out\x64_windows-opt\bin\external\espeak_ng\espeak-ng.build_tmpdir\espeak-ng-data\eu_dict
C:\git\gemmamonster-2026.4-unified-20260911\bazel-out\x64_windows-opt\bin\external\espeak_ng\espeak-ng.build_tmpdir\espeak-ng-data\fa_dict
C:\git\gemmamonster-2026.4-unified-20260911\bazel-out\x64_windows-opt\bin\external\espeak_ng\espeak-ng.build_tmpdir\espeak-ng-data\fi_dict
C:\git\gemmamonster-2026.4-unified-20260911\bazel-out\x64_windows-opt\bin\external\espeak_ng\espeak-ng.build_tmpdir\espeak-ng-data\fr_dict
C:\git\gemmamonster-2026.4-unified-20260911\bazel-out\x64_windows-opt\bin\external\espeak_ng\espeak-ng.build_tmpdir\espeak-ng-data\ga_dict
C:\git\gemmamonster-2026.4-unified-20260911\bazel-out\x64_windows-opt\bin\external\espeak_ng\espeak-ng.build_tmpdir\espeak-ng-data\gd_dict
C:\git\gemmamonster-2026.4-unified-20260911\bazel-out\x64_windows-opt\bin\external\espeak_ng\espeak-ng.build_tmpdir\espeak-ng-data\gn_dict
C:\git\gemmamonster-2026.4-unified-20260911\bazel-out\x64_windows-opt\bin\external\espeak_ng\espeak-ng.build_tmpdir\espeak-ng-data\grc_dict
C:\git\gemmamonster-2026.4-unified-20260911\bazel-out\x64_windows-opt\bin\external\espeak_ng\espeak-ng.build_tmpdir\espeak-ng-data\gu_dict
C:\git\gemmamonster-2026.4-unified-20260911\bazel-out\x64_windows-opt\bin\external\espeak_ng\espeak-ng.build_tmpdir\espeak-ng-data\hak_dict
C:\git\gemmamonster-2026.4-unified-20260911\bazel-out\x64_windows-opt\bin\external\espeak_ng\espeak-ng.build_tmpdir\espeak-ng-data\haw_dict
C:\git\gemmamonster-2026.4-unified-20260911\bazel-out\x64_windows-opt\bin\external\espeak_ng\espeak-ng.build_tmpdir\espeak-ng-data\he_dict
C:\git\gemmamonster-2026.4-unified-20260911\bazel-out\x64_windows-opt\bin\external\espeak_ng\espeak-ng.build_tmpdir\espeak-ng-data\hi_dict
C:\git\gemmamonster-2026.4-unified-20260911\bazel-out\x64_windows-opt\bin\external\espeak_ng\espeak-ng.build_tmpdir\espeak-ng-data\hr_dict
C:\git\gemmamonster-2026.4-unified-20260911\bazel-out\x64_windows-opt\bin\external\espeak_ng\espeak-ng.build_tmpdir\espeak-ng-data\ht_dict
C:\git\gemmamonster-2026.4-unified-20260911\bazel-out\x64_windows-opt\bin\external\espeak_ng\espeak-ng.build_tmpdir\espeak-ng-data\hu_dict
C:\git\gemmamonster-2026.4-unified-20260911\bazel-out\x64_windows-opt\bin\external\espeak_ng\espeak-ng.build_tmpdir\espeak-ng-data\hy_dict
C:\git\gemmamonster-2026.4-unified-20260911\bazel-out\x64_windows-opt\bin\external\espeak_ng\espeak-ng.build_tmpdir\espeak-ng-data\ia_dict
C:\git\gemmamonster-2026.4-unified-20260911\bazel-out\x64_windows-opt\bin\external\espeak_ng\espeak-ng.build_tmpdir\espeak-ng-data\id_dict
C:\git\gemmamonster-2026.4-unified-20260911\bazel-out\x64_windows-opt\bin\external\espeak_ng\espeak-ng.build_tmpdir\espeak-ng-data\intonations
C:\git\gemmamonster-2026.4-unified-20260911\bazel-out\x64_windows-opt\bin\external\espeak_ng\espeak-ng.build_tmpdir\espeak-ng-data\io_dict
C:\git\gemmamonster-2026.4-unified-20260911\bazel-out\x64_windows-opt\bin\external\espeak_ng\espeak-ng.build_tmpdir\espeak-ng-data\is_dict
C:\git\gemmamonster-2026.4-unified-20260911\bazel-out\x64_windows-opt\bin\external\espeak_ng\espeak-ng.build_tmpdir\espeak-ng-data\it_dict
C:\git\gemmamonster-2026.4-unified-20260911\bazel-out\x64_windows-opt\bin\external\espeak_ng\espeak-ng.build_tmpdir\espeak-ng-data\ja_dict
C:\git\gemmamonster-2026.4-unified-20260911\bazel-out\x64_windows-opt\bin\external\espeak_ng\espeak-ng.build_tmpdir\espeak-ng-data\jbo_dict
C:\git\gemmamonster-2026.4-unified-20260911\bazel-out\x64_windows-opt\bin\external\espeak_ng\espeak-ng.build_tmpdir\espeak-ng-data\ka_dict
C:\git\gemmamonster-2026.4-unified-20260911\bazel-out\x64_windows-opt\bin\external\espeak_ng\espeak-ng.build_tmpdir\espeak-ng-data\kk_dict
C:\git\gemmamonster-2026.4-unified-20260911\bazel-out\x64_windows-opt\bin\external\espeak_ng\espeak-ng.build_tmpdir\espeak-ng-data\kl_dict
C:\git\gemmamonster-2026.4-unified-20260911\bazel-out\x64_windows-opt\bin\external\espeak_ng\espeak-ng.build_tmpdir\espeak-ng-data\kn_dict
C:\git\gemmamonster-2026.4-unified-20260911\bazel-out\x64_windows-opt\bin\external\espeak_ng\espeak-ng.build_tmpdir\espeak-ng-data\kok_dict
C:\git\gemmamonster-2026.4-unified-20260911\bazel-out\x64_windows-opt\bin\external\espeak_ng\espeak-ng.build_tmpdir\espeak-ng-data\ko_dict
C:\git\gemmamonster-2026.4-unified-20260911\bazel-out\x64_windows-opt\bin\external\espeak_ng\espeak-ng.build_tmpdir\espeak-ng-data\ku_dict
C:\git\gemmamonster-2026.4-unified-20260911\bazel-out\x64_windows-opt\bin\external\espeak_ng\espeak-ng.build_tmpdir\espeak-ng-data\ky_dict
C:\git\gemmamonster-2026.4-unified-20260911\bazel-out\x64_windows-opt\bin\external\espeak_ng\espeak-ng.build_tmpdir\espeak-ng-data\la_dict
C:\git\gemmamonster-2026.4-unified-20260911\bazel-out\x64_windows-opt\bin\external\espeak_ng\espeak-ng.build_tmpdir\espeak-ng-data\lb_dict
C:\git\gemmamonster-2026.4-unified-20260911\bazel-out\x64_windows-opt\bin\external\espeak_ng\espeak-ng.build_tmpdir\espeak-ng-data\lfn_dict
C:\git\gemmamonster-2026.4-unified-20260911\bazel-out\x64_windows-opt\bin\external\espeak_ng\espeak-ng.build_tmpdir\espeak-ng-data\lt_dict
C:\git\gemmamonster-2026.4-unified-20260911\bazel-out\x64_windows-opt\bin\external\espeak_ng\espeak-ng.build_tmpdir\espeak-ng-data\lv_dict
C:\git\gemmamonster-2026.4-unified-20260911\bazel-out\x64_windows-opt\bin\external\espeak_ng\espeak-ng.build_tmpdir\espeak-ng-data\mi_dict
C:\git\gemmamonster-2026.4-unified-20260911\bazel-out\x64_windows-opt\bin\external\espeak_ng\espeak-ng.build_tmpdir\espeak-ng-data\mk_dict
C:\git\gemmamonster-2026.4-unified-20260911\bazel-out\x64_windows-opt\bin\external\espeak_ng\espeak-ng.build_tmpdir\espeak-ng-data\ml_dict
C:\git\gemmamonster-2026.4-unified-20260911\bazel-out\x64_windows-opt\bin\external\espeak_ng\espeak-ng.build_tmpdir\espeak-ng-data\mr_dict
C:\git\gemmamonster-2026.4-unified-20260911\bazel-out\x64_windows-opt\bin\external\espeak_ng\espeak-ng.build_tmpdir\espeak-ng-data\ms_dict
C:\git\gemmamonster-2026.4-unified-20260911\bazel-out\x64_windows-opt\bin\external\espeak_ng\espeak-ng.build_tmpdir\espeak-ng-data\mto_dict
C:\git\gemmamonster-2026.4-unified-20260911\bazel-out\x64_windows-opt\bin\external\espeak_ng\espeak-ng.build_tmpdir\espeak-ng-data\mt_dict
C:\git\gemmamonster-2026.4-unified-20260911\bazel-out\x64_windows-opt\bin\external\espeak_ng\espeak-ng.build_tmpdir\espeak-ng-data\my_dict
C:\git\gemmamonster-2026.4-unified-20260911\bazel-out\x64_windows-opt\bin\external\espeak_ng\espeak-ng.build_tmpdir\espeak-ng-data\nci_dict
C:\git\gemmamonster-2026.4-unified-20260911\bazel-out\x64_windows-opt\bin\external\espeak_ng\espeak-ng.build_tmpdir\espeak-ng-data\ne_dict
C:\git\gemmamonster-2026.4-unified-20260911\bazel-out\x64_windows-opt\bin\external\espeak_ng\espeak-ng.build_tmpdir\espeak-ng-data\nl_dict
C:\git\gemmamonster-2026.4-unified-20260911\bazel-out\x64_windows-opt\bin\external\espeak_ng\espeak-ng.build_tmpdir\espeak-ng-data\nog_dict
C:\git\gemmamonster-2026.4-unified-20260911\bazel-out\x64_windows-opt\bin\external\espeak_ng\espeak-ng.build_tmpdir\espeak-ng-data\no_dict
C:\git\gemmamonster-2026.4-unified-20260911\bazel-out\x64_windows-opt\bin\external\espeak_ng\espeak-ng.build_tmpdir\espeak-ng-data\om_dict
C:\git\gemmamonster-2026.4-unified-20260911\bazel-out\x64_windows-opt\bin\external\espeak_ng\espeak-ng.build_tmpdir\espeak-ng-data\or_dict
C:\git\gemmamonster-2026.4-unified-20260911\bazel-out\x64_windows-opt\bin\external\espeak_ng\espeak-ng.build_tmpdir\espeak-ng-data\pap_dict
C:\git\gemmamonster-2026.4-unified-20260911\bazel-out\x64_windows-opt\bin\external\espeak_ng\espeak-ng.build_tmpdir\espeak-ng-data\pa_dict
C:\git\gemmamonster-2026.4-unified-20260911\bazel-out\x64_windows-opt\bin\external\espeak_ng\espeak-ng.build_tmpdir\espeak-ng-data\phondata
C:\git\gemmamonster-2026.4-unified-20260911\bazel-out\x64_windows-opt\bin\external\espeak_ng\espeak-ng.build_tmpdir\espeak-ng-data\phondata-manifest
C:\git\gemmamonster-2026.4-unified-20260911\bazel-out\x64_windows-opt\bin\external\espeak_ng\espeak-ng.build_tmpdir\espeak-ng-data\phonindex
C:\git\gemmamonster-2026.4-unified-20260911\bazel-out\x64_windows-opt\bin\external\espeak_ng\espeak-ng.build_tmpdir\espeak-ng-data\phontab
C:\git\gemmamonster-2026.4-unified-20260911\bazel-out\x64_windows-opt\bin\external\espeak_ng\espeak-ng.build_tmpdir\espeak-ng-data\piqd_dict
C:\git\gemmamonster-2026.4-unified-20260911\bazel-out\x64_windows-opt\bin\external\espeak_ng\espeak-ng.build_tmpdir\espeak-ng-data\pl_dict
C:\git\gemmamonster-2026.4-unified-20260911\bazel-out\x64_windows-opt\bin\external\espeak_ng\espeak-ng.build_tmpdir\espeak-ng-data\pt_dict
C:\git\gemmamonster-2026.4-unified-20260911\bazel-out\x64_windows-opt\bin\external\espeak_ng\espeak-ng.build_tmpdir\espeak-ng-data\py_dict
C:\git\gemmamonster-2026.4-unified-20260911\bazel-out\x64_windows-opt\bin\external\espeak_ng\espeak-ng.build_tmpdir\espeak-ng-data\qdb_dict
C:\git\gemmamonster-2026.4-unified-20260911\bazel-out\x64_windows-opt\bin\external\espeak_ng\espeak-ng.build_tmpdir\espeak-ng-data\quc_dict
C:\git\gemmamonster-2026.4-unified-20260911\bazel-out\x64_windows-opt\bin\external\espeak_ng\espeak-ng.build_tmpdir\espeak-ng-data\qu_dict
C:\git\gemmamonster-2026.4-unified-20260911\bazel-out\x64_windows-opt\bin\external\espeak_ng\espeak-ng.build_tmpdir\espeak-ng-data\qya_dict
C:\git\gemmamonster-2026.4-unified-20260911\bazel-out\x64_windows-opt\bin\external\espeak_ng\espeak-ng.build_tmpdir\espeak-ng-data\ro_dict
C:\git\gemmamonster-2026.4-unified-20260911\bazel-out\x64_windows-opt\bin\external\espeak_ng\espeak-ng.build_tmpdir\espeak-ng-data\ru_dict
C:\git\gemmamonster-2026.4-unified-20260911\bazel-out\x64_windows-opt\bin\external\espeak_ng\espeak-ng.build_tmpdir\espeak-ng-data\sd_dict
C:\git\gemmamonster-2026.4-unified-20260911\bazel-out\x64_windows-opt\bin\external\espeak_ng\espeak-ng.build_tmpdir\espeak-ng-data\shn_dict
C:\git\gemmamonster-2026.4-unified-20260911\bazel-out\x64_windows-opt\bin\external\espeak_ng\espeak-ng.build_tmpdir\espeak-ng-data\si_dict
C:\git\gemmamonster-2026.4-unified-20260911\bazel-out\x64_windows-opt\bin\external\espeak_ng\espeak-ng.build_tmpdir\espeak-ng-data\sjn_dict
C:\git\gemmamonster-2026.4-unified-20260911\bazel-out\x64_windows-opt\bin\external\espeak_ng\espeak-ng.build_tmpdir\espeak-ng-data\sk_dict
C:\git\gemmamonster-2026.4-unified-20260911\bazel-out\x64_windows-opt\bin\external\espeak_ng\espeak-ng.build_tmpdir\espeak-ng-data\sl_dict
C:\git\gemmamonster-2026.4-unified-20260911\bazel-out\x64_windows-opt\bin\external\espeak_ng\espeak-ng.build_tmpdir\espeak-ng-data\smj_dict
C:\git\gemmamonster-2026.4-unified-20260911\bazel-out\x64_windows-opt\bin\external\espeak_ng\espeak-ng.build_tmpdir\espeak-ng-data\sq_dict
C:\git\gemmamonster-2026.4-unified-20260911\bazel-out\x64_windows-opt\bin\external\espeak_ng\espeak-ng.build_tmpdir\espeak-ng-data\sr_dict
C:\git\gemmamonster-2026.4-unified-20260911\bazel-out\x64_windows-opt\bin\external\espeak_ng\espeak-ng.build_tmpdir\espeak-ng-data\sv_dict
C:\git\gemmamonster-2026.4-unified-20260911\bazel-out\x64_windows-opt\bin\external\espeak_ng\espeak-ng.build_tmpdir\espeak-ng-data\sw_dict
C:\git\gemmamonster-2026.4-unified-20260911\bazel-out\x64_windows-opt\bin\external\espeak_ng\espeak-ng.build_tmpdir\espeak-ng-data\ta_dict
C:\git\gemmamonster-2026.4-unified-20260911\bazel-out\x64_windows-opt\bin\external\espeak_ng\espeak-ng.build_tmpdir\espeak-ng-data\te_dict
C:\git\gemmamonster-2026.4-unified-20260911\bazel-out\x64_windows-opt\bin\external\espeak_ng\espeak-ng.build_tmpdir\espeak-ng-data\th_dict
C:\git\gemmamonster-2026.4-unified-20260911\bazel-out\x64_windows-opt\bin\external\espeak_ng\espeak-ng.build_tmpdir\espeak-ng-data\ti_dict
C:\git\gemmamonster-2026.4-unified-20260911\bazel-out\x64_windows-opt\bin\external\espeak_ng\espeak-ng.build_tmpdir\espeak-ng-data\tk_dict
C:\git\gemmamonster-2026.4-unified-20260911\bazel-out\x64_windows-opt\bin\external\espeak_ng\espeak-ng.build_tmpdir\espeak-ng-data\tn_dict
C:\git\gemmamonster-2026.4-unified-20260911\bazel-out\x64_windows-opt\bin\external\espeak_ng\espeak-ng.build_tmpdir\espeak-ng-data\tr_dict
C:\git\gemmamonster-2026.4-unified-20260911\bazel-out\x64_windows-opt\bin\external\espeak_ng\espeak-ng.build_tmpdir\espeak-ng-data\tt_dict
C:\git\gemmamonster-2026.4-unified-20260911\bazel-out\x64_windows-opt\bin\external\espeak_ng\espeak-ng.build_tmpdir\espeak-ng-data\ug_dict
C:\git\gemmamonster-2026.4-unified-20260911\bazel-out\x64_windows-opt\bin\external\espeak_ng\espeak-ng.build_tmpdir\espeak-ng-data\uk_dict
C:\git\gemmamonster-2026.4-unified-20260911\bazel-out\x64_windows-opt\bin\external\espeak_ng\espeak-ng.build_tmpdir\espeak-ng-data\ur_dict
C:\git\gemmamonster-2026.4-unified-20260911\bazel-out\x64_windows-opt\bin\external\espeak_ng\espeak-ng.build_tmpdir\espeak-ng-data\uz_dict
C:\git\gemmamonster-2026.4-unified-20260911\bazel-out\x64_windows-opt\bin\external\espeak_ng\espeak-ng.build_tmpdir\espeak-ng-data\vi_dict
C:\git\gemmamonster-2026.4-unified-20260911\bazel-out\x64_windows-opt\bin\external\espeak_ng\espeak-ng.build_tmpdir\espeak-ng-data\yue_dict
C:\git\gemmamonster-2026.4-unified-20260911\bazel-out\x64_windows-opt\bin\external\espeak_ng\espeak-ng.build_tmpdir\espeak-ng-data\lang\eu
C:\git\gemmamonster-2026.4-unified-20260911\bazel-out\x64_windows-opt\bin\external\espeak_ng\espeak-ng.build_tmpdir\espeak-ng-data\lang\ko
C:\git\gemmamonster-2026.4-unified-20260911\bazel-out\x64_windows-opt\bin\external\espeak_ng\espeak-ng.build_tmpdir\espeak-ng-data\lang\qu
C:\git\gemmamonster-2026.4-unified-20260911\bazel-out\x64_windows-opt\bin\external\espeak_ng\espeak-ng.build_tmpdir\espeak-ng-data\lang\aav\vi
C:\git\gemmamonster-2026.4-unified-20260911\bazel-out\x64_windows-opt\bin\external\espeak_ng\espeak-ng.build_tmpdir\espeak-ng-data\lang\aav\vi-VN-x-central
C:\git\gemmamonster-2026.4-unified-20260911\bazel-out\x64_windows-opt\bin\external\espeak_ng\espeak-ng.build_tmpdir\espeak-ng-data\lang\aav\vi-VN-x-south
C:\git\gemmamonster-2026.4-unified-20260911\bazel-out\x64_windows-opt\bin\external\espeak_ng\espeak-ng.build_tmpdir\espeak-ng-data\lang\art\eo
C:\git\gemmamonster-2026.4-unified-20260911\bazel-out\x64_windows-opt\bin\external\espeak_ng\espeak-ng.build_tmpdir\espeak-ng-data\lang\art\ia
C:\git\gemmamonster-2026.4-unified-20260911\bazel-out\x64_windows-opt\bin\external\espeak_ng\espeak-ng.build_tmpdir\espeak-ng-data\lang\art\io
C:\git\gemmamonster-2026.4-unified-20260911\bazel-out\x64_windows-opt\bin\external\espeak_ng\espeak-ng.build_tmpdir\espeak-ng-data\lang\art\jbo
C:\git\gemmamonster-2026.4-unified-20260911\bazel-out\x64_windows-opt\bin\external\espeak_ng\espeak-ng.build_tmpdir\espeak-ng-data\lang\art\lfn
C:\git\gemmamonster-2026.4-unified-20260911\bazel-out\x64_windows-opt\bin\external\espeak_ng\espeak-ng.build_tmpdir\espeak-ng-data\lang\art\piqd
C:\git\gemmamonster-2026.4-unified-20260911\bazel-out\x64_windows-opt\bin\external\espeak_ng\espeak-ng.build_tmpdir\espeak-ng-data\lang\art\py
C:\git\gemmamonster-2026.4-unified-20260911\bazel-out\x64_windows-opt\bin\external\espeak_ng\espeak-ng.build_tmpdir\espeak-ng-data\lang\art\qdb
C:\git\gemmamonster-2026.4-unified-20260911\bazel-out\x64_windows-opt\bin\external\espeak_ng\espeak-ng.build_tmpdir\espeak-ng-data\lang\art\qya
C:\git\gemmamonster-2026.4-unified-20260911\bazel-out\x64_windows-opt\bin\external\espeak_ng\espeak-ng.build_tmpdir\espeak-ng-data\lang\art\sjn
C:\git\gemmamonster-2026.4-unified-20260911\bazel-out\x64_windows-opt\bin\external\espeak_ng\espeak-ng.build_tmpdir\espeak-ng-data\lang\art\xex
C:\git\gemmamonster-2026.4-unified-20260911\bazel-out\x64_windows-opt\bin\external\espeak_ng\espeak-ng.build_tmpdir\espeak-ng-data\lang\azc\nci
C:\git\gemmamonster-2026.4-unified-20260911\bazel-out\x64_windows-opt\bin\external\espeak_ng\espeak-ng.build_tmpdir\espeak-ng-data\lang\bat\lt
C:\git\gemmamonster-2026.4-unified-20260911\bazel-out\x64_windows-opt\bin\external\espeak_ng\espeak-ng.build_tmpdir\espeak-ng-data\lang\bat\ltg
C:\git\gemmamonster-2026.4-unified-20260911\bazel-out\x64_windows-opt\bin\external\espeak_ng\espeak-ng.build_tmpdir\espeak-ng-data\lang\bat\lv
C:\git\gemmamonster-2026.4-unified-20260911\bazel-out\x64_windows-opt\bin\external\espeak_ng\espeak-ng.build_tmpdir\espeak-ng-data\lang\bnt\sw
C:\git\gemmamonster-2026.4-unified-20260911\bazel-out\x64_windows-opt\bin\external\espeak_ng\espeak-ng.build_tmpdir\espeak-ng-data\lang\bnt\tn
C:\git\gemmamonster-2026.4-unified-20260911\bazel-out\x64_windows-opt\bin\external\espeak_ng\espeak-ng.build_tmpdir\espeak-ng-data\lang\ccs\ka
C:\git\gemmamonster-2026.4-unified-20260911\bazel-out\x64_windows-opt\bin\external\espeak_ng\espeak-ng.build_tmpdir\espeak-ng-data\lang\cel\cy
C:\git\gemmamonster-2026.4-unified-20260911\bazel-out\x64_windows-opt\bin\external\espeak_ng\espeak-ng.build_tmpdir\espeak-ng-data\lang\cel\ga
C:\git\gemmamonster-2026.4-unified-20260911\bazel-out\x64_windows-opt\bin\external\espeak_ng\espeak-ng.build_tmpdir\espeak-ng-data\lang\cel\gd
C:\git\gemmamonster-2026.4-unified-20260911\bazel-out\x64_windows-opt\bin\external\espeak_ng\espeak-ng.build_tmpdir\espeak-ng-data\lang\cus\om
C:\git\gemmamonster-2026.4-unified-20260911\bazel-out\x64_windows-opt\bin\external\espeak_ng\espeak-ng.build_tmpdir\espeak-ng-data\lang\dra\kn
C:\git\gemmamonster-2026.4-unified-20260911\bazel-out\x64_windows-opt\bin\external\espeak_ng\espeak-ng.build_tmpdir\espeak-ng-data\lang\dra\ml
C:\git\gemmamonster-2026.4-unified-20260911\bazel-out\x64_windows-opt\bin\external\espeak_ng\espeak-ng.build_tmpdir\espeak-ng-data\lang\dra\ta
C:\git\gemmamonster-2026.4-unified-20260911\bazel-out\x64_windows-opt\bin\external\espeak_ng\espeak-ng.build_tmpdir\espeak-ng-data\lang\dra\te
C:\git\gemmamonster-2026.4-unified-20260911\bazel-out\x64_windows-opt\bin\external\espeak_ng\espeak-ng.build_tmpdir\espeak-ng-data\lang\esx\kl
C:\git\gemmamonster-2026.4-unified-20260911\bazel-out\x64_windows-opt\bin\external\espeak_ng\espeak-ng.build_tmpdir\espeak-ng-data\lang\gmq\da
C:\git\gemmamonster-2026.4-unified-20260911\bazel-out\x64_windows-opt\bin\external\espeak_ng\espeak-ng.build_tmpdir\espeak-ng-data\lang\gmq\fo
C:\git\gemmamonster-2026.4-unified-20260911\bazel-out\x64_windows-opt\bin\external\espeak_ng\espeak-ng.build_tmpdir\espeak-ng-data\lang\gmq\is
C:\git\gemmamonster-2026.4-unified-20260911\bazel-out\x64_windows-opt\bin\external\espeak_ng\espeak-ng.build_tmpdir\espeak-ng-data\lang\gmq\nb
C:\git\gemmamonster-2026.4-unified-20260911\bazel-out\x64_windows-opt\bin\external\espeak_ng\espeak-ng.build_tmpdir\espeak-ng-data\lang\gmq\sv
C:\git\gemmamonster-2026.4-unified-20260911\bazel-out\x64_windows-opt\bin\external\espeak_ng\espeak-ng.build_tmpdir\espeak-ng-data\lang\gmw\af
C:\git\gemmamonster-2026.4-unified-20260911\bazel-out\x64_windows-opt\bin\external\espeak_ng\espeak-ng.build_tmpdir\espeak-ng-data\lang\gmw\de
C:\git\gemmamonster-2026.4-unified-20260911\bazel-out\x64_windows-opt\bin\external\espeak_ng\espeak-ng.build_tmpdir\espeak-ng-data\lang\gmw\en
C:\git\gemmamonster-2026.4-unified-20260911\bazel-out\x64_windows-opt\bin\external\espeak_ng\espeak-ng.build_tmpdir\espeak-ng-data\lang\gmw\en-029
C:\git\gemmamonster-2026.4-unified-20260911\bazel-out\x64_windows-opt\bin\external\espeak_ng\espeak-ng.build_tmpdir\espeak-ng-data\lang\gmw\en-GB-scotland
C:\git\gemmamonster-2026.4-unified-20260911\bazel-out\x64_windows-opt\bin\external\espeak_ng\espeak-ng.build_tmpdir\espeak-ng-data\lang\gmw\en-GB-x-gbclan
C:\git\gemmamonster-2026.4-unified-20260911\bazel-out\x64_windows-opt\bin\external\espeak_ng\espeak-ng.build_tmpdir\espeak-ng-data\lang\gmw\en-GB-x-gbcwmd
C:\git\gemmamonster-2026.4-unified-20260911\bazel-out\x64_windows-opt\bin\external\espeak_ng\espeak-ng.build_tmpdir\espeak-ng-data\lang\gmw\en-GB-x-rp
C:\git\gemmamonster-2026.4-unified-20260911\bazel-out\x64_windows-opt\bin\external\espeak_ng\espeak-ng.build_tmpdir\espeak-ng-data\lang\gmw\en-Shaw
C:\git\gemmamonster-2026.4-unified-20260911\bazel-out\x64_windows-opt\bin\external\espeak_ng\espeak-ng.build_tmpdir\espeak-ng-data\lang\gmw\en-US
C:\git\gemmamonster-2026.4-unified-20260911\bazel-out\x64_windows-opt\bin\external\espeak_ng\espeak-ng.build_tmpdir\espeak-ng-data\lang\gmw\en-US-nyc
C:\git\gemmamonster-2026.4-unified-20260911\bazel-out\x64_windows-opt\bin\external\espeak_ng\espeak-ng.build_tmpdir\espeak-ng-data\lang\gmw\lb
C:\git\gemmamonster-2026.4-unified-20260911\bazel-out\x64_windows-opt\bin\external\espeak_ng\espeak-ng.build_tmpdir\espeak-ng-data\lang\gmw\nl
C:\git\gemmamonster-2026.4-unified-20260911\bazel-out\x64_windows-opt\bin\external\espeak_ng\espeak-ng.build_tmpdir\espeak-ng-data\lang\grk\el
C:\git\gemmamonster-2026.4-unified-20260911\bazel-out\x64_windows-opt\bin\external\espeak_ng\espeak-ng.build_tmpdir\espeak-ng-data\lang\grk\grc
C:\git\gemmamonster-2026.4-unified-20260911\bazel-out\x64_windows-opt\bin\external\espeak_ng\espeak-ng.build_tmpdir\espeak-ng-data\lang\inc\as
C:\git\gemmamonster-2026.4-unified-20260911\bazel-out\x64_windows-opt\bin\external\espeak_ng\espeak-ng.build_tmpdir\espeak-ng-data\lang\inc\bn
C:\git\gemmamonster-2026.4-unified-20260911\bazel-out\x64_windows-opt\bin\external\espeak_ng\espeak-ng.build_tmpdir\espeak-ng-data\lang\inc\bpy
C:\git\gemmamonster-2026.4-unified-20260911\bazel-out\x64_windows-opt\bin\external\espeak_ng\espeak-ng.build_tmpdir\espeak-ng-data\lang\inc\gu
C:\git\gemmamonster-2026.4-unified-20260911\bazel-out\x64_windows-opt\bin\external\espeak_ng\espeak-ng.build_tmpdir\espeak-ng-data\lang\inc\hi
C:\git\gemmamonster-2026.4-unified-20260911\bazel-out\x64_windows-opt\bin\external\espeak_ng\espeak-ng.build_tmpdir\espeak-ng-data\lang\inc\kok
C:\git\gemmamonster-2026.4-unified-20260911\bazel-out\x64_windows-opt\bin\external\espeak_ng\espeak-ng.build_tmpdir\espeak-ng-data\lang\inc\mr
C:\git\gemmamonster-2026.4-unified-20260911\bazel-out\x64_windows-opt\bin\external\espeak_ng\espeak-ng.build_tmpdir\espeak-ng-data\lang\inc\ne
C:\git\gemmamonster-2026.4-unified-20260911\bazel-out\x64_windows-opt\bin\external\espeak_ng\espeak-ng.build_tmpdir\espeak-ng-data\lang\inc\or
C:\git\gemmamonster-2026.4-unified-20260911\bazel-out\x64_windows-opt\bin\external\espeak_ng\espeak-ng.build_tmpdir\espeak-ng-data\lang\inc\pa
C:\git\gemmamonster-2026.4-unified-20260911\bazel-out\x64_windows-opt\bin\external\espeak_ng\espeak-ng.build_tmpdir\espeak-ng-data\lang\inc\sd
C:\git\gemmamonster-2026.4-unified-20260911\bazel-out\x64_windows-opt\bin\external\espeak_ng\espeak-ng.build_tmpdir\espeak-ng-data\lang\inc\si
C:\git\gemmamonster-2026.4-unified-20260911\bazel-out\x64_windows-opt\bin\external\espeak_ng\espeak-ng.build_tmpdir\espeak-ng-data\lang\inc\ur
C:\git\gemmamonster-2026.4-unified-20260911\bazel-out\x64_windows-opt\bin\external\espeak_ng\espeak-ng.build_tmpdir\espeak-ng-data\lang\ine\hy
C:\git\gemmamonster-2026.4-unified-20260911\bazel-out\x64_windows-opt\bin\external\espeak_ng\espeak-ng.build_tmpdir\espeak-ng-data\lang\ine\hyw
C:\git\gemmamonster-2026.4-unified-20260911\bazel-out\x64_windows-opt\bin\external\espeak_ng\espeak-ng.build_tmpdir\espeak-ng-data\lang\ine\sq
C:\git\gemmamonster-2026.4-unified-20260911\bazel-out\x64_windows-opt\bin\external\espeak_ng\espeak-ng.build_tmpdir\espeak-ng-data\lang\ira\fa
C:\git\gemmamonster-2026.4-unified-20260911\bazel-out\x64_windows-opt\bin\external\espeak_ng\espeak-ng.build_tmpdir\espeak-ng-data\lang\ira\fa-Latn
C:\git\gemmamonster-2026.4-unified-20260911\bazel-out\x64_windows-opt\bin\external\espeak_ng\espeak-ng.build_tmpdir\espeak-ng-data\lang\ira\ku
C:\git\gemmamonster-2026.4-unified-20260911\bazel-out\x64_windows-opt\bin\external\espeak_ng\espeak-ng.build_tmpdir\espeak-ng-data\lang\ira\ps
C:\git\gemmamonster-2026.4-unified-20260911\bazel-out\x64_windows-opt\bin\external\espeak_ng\espeak-ng.build_tmpdir\espeak-ng-data\lang\iro\chr
C:\git\gemmamonster-2026.4-unified-20260911\bazel-out\x64_windows-opt\bin\external\espeak_ng\espeak-ng.build_tmpdir\espeak-ng-data\lang\itc\la
C:\git\gemmamonster-2026.4-unified-20260911\bazel-out\x64_windows-opt\bin\external\espeak_ng\espeak-ng.build_tmpdir\espeak-ng-data\lang\jpx\ja
C:\git\gemmamonster-2026.4-unified-20260911\bazel-out\x64_windows-opt\bin\external\espeak_ng\espeak-ng.build_tmpdir\espeak-ng-data\lang\map\haw
C:\git\gemmamonster-2026.4-unified-20260911\bazel-out\x64_windows-opt\bin\external\espeak_ng\espeak-ng.build_tmpdir\espeak-ng-data\lang\miz\mto
C:\git\gemmamonster-2026.4-unified-20260911\bazel-out\x64_windows-opt\bin\external\espeak_ng\espeak-ng.build_tmpdir\espeak-ng-data\lang\myn\quc
C:\git\gemmamonster-2026.4-unified-20260911\bazel-out\x64_windows-opt\bin\external\espeak_ng\espeak-ng.build_tmpdir\espeak-ng-data\lang\poz\id
C:\git\gemmamonster-2026.4-unified-20260911\bazel-out\x64_windows-opt\bin\external\espeak_ng\espeak-ng.build_tmpdir\espeak-ng-data\lang\poz\mi
C:\git\gemmamonster-2026.4-unified-20260911\bazel-out\x64_windows-opt\bin\external\espeak_ng\espeak-ng.build_tmpdir\espeak-ng-data\lang\poz\ms
C:\git\gemmamonster-2026.4-unified-20260911\bazel-out\x64_windows-opt\bin\external\espeak_ng\espeak-ng.build_tmpdir\espeak-ng-data\lang\roa\an
C:\git\gemmamonster-2026.4-unified-20260911\bazel-out\x64_windows-opt\bin\external\espeak_ng\espeak-ng.build_tmpdir\espeak-ng-data\lang\roa\ca
C:\git\gemmamonster-2026.4-unified-20260911\bazel-out\x64_windows-opt\bin\external\espeak_ng\espeak-ng.build_tmpdir\espeak-ng-data\lang\roa\ca-ba
C:\git\gemmamonster-2026.4-unified-20260911\bazel-out\x64_windows-opt\bin\external\espeak_ng\espeak-ng.build_tmpdir\espeak-ng-data\lang\roa\ca-nw
C:\git\gemmamonster-2026.4-unified-20260911\bazel-out\x64_windows-opt\bin\external\espeak_ng\espeak-ng.build_tmpdir\espeak-ng-data\lang\roa\ca-va
C:\git\gemmamonster-2026.4-unified-20260911\bazel-out\x64_windows-opt\bin\external\espeak_ng\espeak-ng.build_tmpdir\espeak-ng-data\lang\roa\es
C:\git\gemmamonster-2026.4-unified-20260911\bazel-out\x64_windows-opt\bin\external\espeak_ng\espeak-ng.build_tmpdir\espeak-ng-data\lang\roa\es-419
C:\git\gemmamonster-2026.4-unified-20260911\bazel-out\x64_windows-opt\bin\external\espeak_ng\espeak-ng.build_tmpdir\espeak-ng-data\lang\roa\fr
C:\git\gemmamonster-2026.4-unified-20260911\bazel-out\x64_windows-opt\bin\external\espeak_ng\espeak-ng.build_tmpdir\espeak-ng-data\lang\roa\fr-BE
C:\git\gemmamonster-2026.4-unified-20260911\bazel-out\x64_windows-opt\bin\external\espeak_ng\espeak-ng.build_tmpdir\espeak-ng-data\lang\roa\fr-CH
C:\git\gemmamonster-2026.4-unified-20260911\bazel-out\x64_windows-opt\bin\external\espeak_ng\espeak-ng.build_tmpdir\espeak-ng-data\lang\roa\ht
C:\git\gemmamonster-2026.4-unified-20260911\bazel-out\x64_windows-opt\bin\external\espeak_ng\espeak-ng.build_tmpdir\espeak-ng-data\lang\roa\it
C:\git\gemmamonster-2026.4-unified-20260911\bazel-out\x64_windows-opt\bin\external\espeak_ng\espeak-ng.build_tmpdir\espeak-ng-data\lang\roa\pap
C:\git\gemmamonster-2026.4-unified-20260911\bazel-out\x64_windows-opt\bin\external\espeak_ng\espeak-ng.build_tmpdir\espeak-ng-data\lang\roa\pt
C:\git\gemmamonster-2026.4-unified-20260911\bazel-out\x64_windows-opt\bin\external\espeak_ng\espeak-ng.build_tmpdir\espeak-ng-data\lang\roa\pt-BR
C:\git\gemmamonster-2026.4-unified-20260911\bazel-out\x64_windows-opt\bin\external\espeak_ng\espeak-ng.build_tmpdir\espeak-ng-data\lang\roa\ro
C:\git\gemmamonster-2026.4-unified-20260911\bazel-out\x64_windows-opt\bin\external\espeak_ng\espeak-ng.build_tmpdir\espeak-ng-data\lang\sai\gn
C:\git\gemmamonster-2026.4-unified-20260911\bazel-out\x64_windows-opt\bin\external\espeak_ng\espeak-ng.build_tmpdir\espeak-ng-data\lang\sem\am
C:\git\gemmamonster-2026.4-unified-20260911\bazel-out\x64_windows-opt\bin\external\espeak_ng\espeak-ng.build_tmpdir\espeak-ng-data\lang\sem\ar
C:\git\gemmamonster-2026.4-unified-20260911\bazel-out\x64_windows-opt\bin\external\espeak_ng\espeak-ng.build_tmpdir\espeak-ng-data\lang\sem\he
C:\git\gemmamonster-2026.4-unified-20260911\bazel-out\x64_windows-opt\bin\external\espeak_ng\espeak-ng.build_tmpdir\espeak-ng-data\lang\sem\mt
C:\git\gemmamonster-2026.4-unified-20260911\bazel-out\x64_windows-opt\bin\external\espeak_ng\espeak-ng.build_tmpdir\espeak-ng-data\lang\sem\ti
C:\git\gemmamonster-2026.4-unified-20260911\bazel-out\x64_windows-opt\bin\external\espeak_ng\espeak-ng.build_tmpdir\espeak-ng-data\lang\sit\cmn
C:\git\gemmamonster-2026.4-unified-20260911\bazel-out\x64_windows-opt\bin\external\espeak_ng\espeak-ng.build_tmpdir\espeak-ng-data\lang\sit\cmn-Latn-pinyin
C:\git\gemmamonster-2026.4-unified-20260911\bazel-out\x64_windows-opt\bin\external\espeak_ng\espeak-ng.build_tmpdir\espeak-ng-data\lang\sit\hak
C:\git\gemmamonster-2026.4-unified-20260911\bazel-out\x64_windows-opt\bin\external\espeak_ng\espeak-ng.build_tmpdir\espeak-ng-data\lang\sit\my
C:\git\gemmamonster-2026.4-unified-20260911\bazel-out\x64_windows-opt\bin\external\espeak_ng\espeak-ng.build_tmpdir\espeak-ng-data\lang\sit\yue
C:\git\gemmamonster-2026.4-unified-20260911\bazel-out\x64_windows-opt\bin\external\espeak_ng\espeak-ng.build_tmpdir\espeak-ng-data\lang\sit\yue-Latn-jyutping
C:\git\gemmamonster-2026.4-unified-20260911\bazel-out\x64_windows-opt\bin\external\espeak_ng\espeak-ng.build_tmpdir\espeak-ng-data\lang\tai\shn
C:\git\gemmamonster-2026.4-unified-20260911\bazel-out\x64_windows-opt\bin\external\espeak_ng\espeak-ng.build_tmpdir\espeak-ng-data\lang\tai\th
C:\git\gemmamonster-2026.4-unified-20260911\bazel-out\x64_windows-opt\bin\external\espeak_ng\espeak-ng.build_tmpdir\espeak-ng-data\lang\trk\az
C:\git\gemmamonster-2026.4-unified-20260911\bazel-out\x64_windows-opt\bin\external\espeak_ng\espeak-ng.build_tmpdir\espeak-ng-data\lang\trk\ba
C:\git\gemmamonster-2026.4-unified-20260911\bazel-out\x64_windows-opt\bin\external\espeak_ng\espeak-ng.build_tmpdir\espeak-ng-data\lang\trk\cv
C:\git\gemmamonster-2026.4-unified-20260911\bazel-out\x64_windows-opt\bin\external\espeak_ng\espeak-ng.build_tmpdir\espeak-ng-data\lang\trk\kaa
C:\git\gemmamonster-2026.4-unified-20260911\bazel-out\x64_windows-opt\bin\external\espeak_ng\espeak-ng.build_tmpdir\espeak-ng-data\lang\trk\kk
C:\git\gemmamonster-2026.4-unified-20260911\bazel-out\x64_windows-opt\bin\external\espeak_ng\espeak-ng.build_tmpdir\espeak-ng-data\lang\trk\ky
C:\git\gemmamonster-2026.4-unified-20260911\bazel-out\x64_windows-opt\bin\external\espeak_ng\espeak-ng.build_tmpdir\espeak-ng-data\lang\trk\nog
C:\git\gemmamonster-2026.4-unified-20260911\bazel-out\x64_windows-opt\bin\external\espeak_ng\espeak-ng.build_tmpdir\espeak-ng-data\lang\trk\tk
C:\git\gemmamonster-2026.4-unified-20260911\bazel-out\x64_windows-opt\bin\external\espeak_ng\espeak-ng.build_tmpdir\espeak-ng-data\lang\trk\tr
C:\git\gemmamonster-2026.4-unified-20260911\bazel-out\x64_windows-opt\bin\external\espeak_ng\espeak-ng.build_tmpdir\espeak-ng-data\lang\trk\tt
C:\git\gemmamonster-2026.4-unified-20260911\bazel-out\x64_windows-opt\bin\external\espeak_ng\espeak-ng.build_tmpdir\espeak-ng-data\lang\trk\ug
C:\git\gemmamonster-2026.4-unified-20260911\bazel-out\x64_windows-opt\bin\external\espeak_ng\espeak-ng.build_tmpdir\espeak-ng-data\lang\trk\uz
C:\git\gemmamonster-2026.4-unified-20260911\bazel-out\x64_windows-opt\bin\external\espeak_ng\espeak-ng.build_tmpdir\espeak-ng-data\lang\urj\et
C:\git\gemmamonster-2026.4-unified-20260911\bazel-out\x64_windows-opt\bin\external\espeak_ng\espeak-ng.build_tmpdir\espeak-ng-data\lang\urj\fi
C:\git\gemmamonster-2026.4-unified-20260911\bazel-out\x64_windows-opt\bin\external\espeak_ng\espeak-ng.build_tmpdir\espeak-ng-data\lang\urj\hu
C:\git\gemmamonster-2026.4-unified-20260911\bazel-out\x64_windows-opt\bin\external\espeak_ng\espeak-ng.build_tmpdir\espeak-ng-data\lang\urj\smj
C:\git\gemmamonster-2026.4-unified-20260911\bazel-out\x64_windows-opt\bin\external\espeak_ng\espeak-ng.build_tmpdir\espeak-ng-data\lang\zle\be
C:\git\gemmamonster-2026.4-unified-20260911\bazel-out\x64_windows-opt\bin\external\espeak_ng\espeak-ng.build_tmpdir\espeak-ng-data\lang\zle\ru
C:\git\gemmamonster-2026.4-unified-20260911\bazel-out\x64_windows-opt\bin\external\espeak_ng\espeak-ng.build_tmpdir\espeak-ng-data\lang\zle\ru-cl
C:\git\gemmamonster-2026.4-unified-20260911\bazel-out\x64_windows-opt\bin\external\espeak_ng\espeak-ng.build_tmpdir\espeak-ng-data\lang\zle\ru-LV
C:\git\gemmamonster-2026.4-unified-20260911\bazel-out\x64_windows-opt\bin\external\espeak_ng\espeak-ng.build_tmpdir\espeak-ng-data\lang\zle\uk
C:\git\gemmamonster-2026.4-unified-20260911\bazel-out\x64_windows-opt\bin\external\espeak_ng\espeak-ng.build_tmpdir\espeak-ng-data\lang\zls\bg
C:\git\gemmamonster-2026.4-unified-20260911\bazel-out\x64_windows-opt\bin\external\espeak_ng\espeak-ng.build_tmpdir\espeak-ng-data\lang\zls\bs
C:\git\gemmamonster-2026.4-unified-20260911\bazel-out\x64_windows-opt\bin\external\espeak_ng\espeak-ng.build_tmpdir\espeak-ng-data\lang\zls\hr
C:\git\gemmamonster-2026.4-unified-20260911\bazel-out\x64_windows-opt\bin\external\espeak_ng\espeak-ng.build_tmpdir\espeak-ng-data\lang\zls\mk
C:\git\gemmamonster-2026.4-unified-20260911\bazel-out\x64_windows-opt\bin\external\espeak_ng\espeak-ng.build_tmpdir\espeak-ng-data\lang\zls\sl
C:\git\gemmamonster-2026.4-unified-20260911\bazel-out\x64_windows-opt\bin\external\espeak_ng\espeak-ng.build_tmpdir\espeak-ng-data\lang\zls\sr
C:\git\gemmamonster-2026.4-unified-20260911\bazel-out\x64_windows-opt\bin\external\espeak_ng\espeak-ng.build_tmpdir\espeak-ng-data\lang\zlw\cs
C:\git\gemmamonster-2026.4-unified-20260911\bazel-out\x64_windows-opt\bin\external\espeak_ng\espeak-ng.build_tmpdir\espeak-ng-data\lang\zlw\pl
C:\git\gemmamonster-2026.4-unified-20260911\bazel-out\x64_windows-opt\bin\external\espeak_ng\espeak-ng.build_tmpdir\espeak-ng-data\lang\zlw\sk
C:\git\gemmamonster-2026.4-unified-20260911\bazel-out\x64_windows-opt\bin\external\espeak_ng\espeak-ng.build_tmpdir\espeak-ng-data\voices\!v\adam
C:\git\gemmamonster-2026.4-unified-20260911\bazel-out\x64_windows-opt\bin\external\espeak_ng\espeak-ng.build_tmpdir\espeak-ng-data\voices\!v\Alex
C:\git\gemmamonster-2026.4-unified-20260911\bazel-out\x64_windows-opt\bin\external\espeak_ng\espeak-ng.build_tmpdir\espeak-ng-data\voices\!v\Alicia
C:\git\gemmamonster-2026.4-unified-20260911\bazel-out\x64_windows-opt\bin\external\espeak_ng\espeak-ng.build_tmpdir\espeak-ng-data\voices\!v\Andrea
C:\git\gemmamonster-2026.4-unified-20260911\bazel-out\x64_windows-opt\bin\external\espeak_ng\espeak-ng.build_tmpdir\espeak-ng-data\voices\!v\Andy
C:\git\gemmamonster-2026.4-unified-20260911\bazel-out\x64_windows-opt\bin\external\espeak_ng\espeak-ng.build_tmpdir\espeak-ng-data\voices\!v\anika
C:\git\gemmamonster-2026.4-unified-20260911\bazel-out\x64_windows-opt\bin\external\espeak_ng\espeak-ng.build_tmpdir\espeak-ng-data\voices\!v\anikaRobot
C:\git\gemmamonster-2026.4-unified-20260911\bazel-out\x64_windows-opt\bin\external\espeak_ng\espeak-ng.build_tmpdir\espeak-ng-data\voices\!v\Annie
C:\git\gemmamonster-2026.4-unified-20260911\bazel-out\x64_windows-opt\bin\external\espeak_ng\espeak-ng.build_tmpdir\espeak-ng-data\voices\!v\announcer
C:\git\gemmamonster-2026.4-unified-20260911\bazel-out\x64_windows-opt\bin\external\espeak_ng\espeak-ng.build_tmpdir\espeak-ng-data\voices\!v\antonio
C:\git\gemmamonster-2026.4-unified-20260911\bazel-out\x64_windows-opt\bin\external\espeak_ng\espeak-ng.build_tmpdir\espeak-ng-data\voices\!v\AnxiousAndy
C:\git\gemmamonster-2026.4-unified-20260911\bazel-out\x64_windows-opt\bin\external\espeak_ng\espeak-ng.build_tmpdir\espeak-ng-data\voices\!v\aunty
C:\git\gemmamonster-2026.4-unified-20260911\bazel-out\x64_windows-opt\bin\external\espeak_ng\espeak-ng.build_tmpdir\espeak-ng-data\voices\!v\belinda
C:\git\gemmamonster-2026.4-unified-20260911\bazel-out\x64_windows-opt\bin\external\espeak_ng\espeak-ng.build_tmpdir\espeak-ng-data\voices\!v\benjamin
C:\git\gemmamonster-2026.4-unified-20260911\bazel-out\x64_windows-opt\bin\external\espeak_ng\espeak-ng.build_tmpdir\espeak-ng-data\voices\!v\boris
C:\git\gemmamonster-2026.4-unified-20260911\bazel-out\x64_windows-opt\bin\external\espeak_ng\espeak-ng.build_tmpdir\espeak-ng-data\voices\!v\caleb
C:\git\gemmamonster-2026.4-unified-20260911\bazel-out\x64_windows-opt\bin\external\espeak_ng\espeak-ng.build_tmpdir\espeak-ng-data\voices\!v\croak
C:\git\gemmamonster-2026.4-unified-20260911\bazel-out\x64_windows-opt\bin\external\espeak_ng\espeak-ng.build_tmpdir\espeak-ng-data\voices\!v\david
C:\git\gemmamonster-2026.4-unified-20260911\bazel-out\x64_windows-opt\bin\external\espeak_ng\espeak-ng.build_tmpdir\espeak-ng-data\voices\!v\Demonic
C:\git\gemmamonster-2026.4-unified-20260911\bazel-out\x64_windows-opt\bin\external\espeak_ng\espeak-ng.build_tmpdir\espeak-ng-data\voices\!v\Denis
C:\git\gemmamonster-2026.4-unified-20260911\bazel-out\x64_windows-opt\bin\external\espeak_ng\espeak-ng.build_tmpdir\espeak-ng-data\voices\!v\Diogo
C:\git\gemmamonster-2026.4-unified-20260911\bazel-out\x64_windows-opt\bin\external\espeak_ng\espeak-ng.build_tmpdir\espeak-ng-data\voices\!v\ed
C:\git\gemmamonster-2026.4-unified-20260911\bazel-out\x64_windows-opt\bin\external\espeak_ng\espeak-ng.build_tmpdir\espeak-ng-data\voices\!v\edward
C:\git\gemmamonster-2026.4-unified-20260911\bazel-out\x64_windows-opt\bin\external\espeak_ng\espeak-ng.build_tmpdir\espeak-ng-data\voices\!v\edward2
C:\git\gemmamonster-2026.4-unified-20260911\bazel-out\x64_windows-opt\bin\external\espeak_ng\espeak-ng.build_tmpdir\espeak-ng-data\voices\!v\f1
C:\git\gemmamonster-2026.4-unified-20260911\bazel-out\x64_windows-opt\bin\external\espeak_ng\espeak-ng.build_tmpdir\espeak-ng-data\voices\!v\f2
C:\git\gemmamonster-2026.4-unified-20260911\bazel-out\x64_windows-opt\bin\external\espeak_ng\espeak-ng.build_tmpdir\espeak-ng-data\voices\!v\f3
C:\git\gemmamonster-2026.4-unified-20260911\bazel-out\x64_windows-opt\bin\external\espeak_ng\espeak-ng.build_tmpdir\espeak-ng-data\voices\!v\f4
C:\git\gemmamonster-2026.4-unified-20260911\bazel-out\x64_windows-opt\bin\external\espeak_ng\espeak-ng.build_tmpdir\espeak-ng-data\voices\!v\f5
C:\git\gemmamonster-2026.4-unified-20260911\bazel-out\x64_windows-opt\bin\external\espeak_ng\espeak-ng.build_tmpdir\espeak-ng-data\voices\!v\fast
C:\git\gemmamonster-2026.4-unified-20260911\bazel-out\x64_windows-opt\bin\external\espeak_ng\espeak-ng.build_tmpdir\espeak-ng-data\voices\!v\Gene
C:\git\gemmamonster-2026.4-unified-20260911\bazel-out\x64_windows-opt\bin\external\espeak_ng\espeak-ng.build_tmpdir\espeak-ng-data\voices\!v\Gene2
C:\git\gemmamonster-2026.4-unified-20260911\bazel-out\x64_windows-opt\bin\external\espeak_ng\espeak-ng.build_tmpdir\espeak-ng-data\voices\!v\grandma
C:\git\gemmamonster-2026.4-unified-20260911\bazel-out\x64_windows-opt\bin\external\espeak_ng\espeak-ng.build_tmpdir\espeak-ng-data\voices\!v\grandpa
C:\git\gemmamonster-2026.4-unified-20260911\bazel-out\x64_windows-opt\bin\external\espeak_ng\espeak-ng.build_tmpdir\espeak-ng-data\voices\!v\gustave
C:\git\gemmamonster-2026.4-unified-20260911\bazel-out\x64_windows-opt\bin\external\espeak_ng\espeak-ng.build_tmpdir\espeak-ng-data\voices\!v\Henrique
C:\git\gemmamonster-2026.4-unified-20260911\bazel-out\x64_windows-opt\bin\external\espeak_ng\espeak-ng.build_tmpdir\espeak-ng-data\voices\!v\Hugo
C:\git\gemmamonster-2026.4-unified-20260911\bazel-out\x64_windows-opt\bin\external\espeak_ng\espeak-ng.build_tmpdir\espeak-ng-data\voices\!v\ian
C:\git\gemmamonster-2026.4-unified-20260911\bazel-out\x64_windows-opt\bin\external\espeak_ng\espeak-ng.build_tmpdir\espeak-ng-data\voices\!v\iven
C:\git\gemmamonster-2026.4-unified-20260911\bazel-out\x64_windows-opt\bin\external\espeak_ng\espeak-ng.build_tmpdir\espeak-ng-data\voices\!v\iven2
C:\git\gemmamonster-2026.4-unified-20260911\bazel-out\x64_windows-opt\bin\external\espeak_ng\espeak-ng.build_tmpdir\espeak-ng-data\voices\!v\iven3
C:\git\gemmamonster-2026.4-unified-20260911\bazel-out\x64_windows-opt\bin\external\espeak_ng\espeak-ng.build_tmpdir\espeak-ng-data\voices\!v\iven4
C:\git\gemmamonster-2026.4-unified-20260911\bazel-out\x64_windows-opt\bin\external\espeak_ng\espeak-ng.build_tmpdir\espeak-ng-data\voices\!v\Jacky
C:\git\gemmamonster-2026.4-unified-20260911\bazel-out\x64_windows-opt\bin\external\espeak_ng\espeak-ng.build_tmpdir\espeak-ng-data\voices\!v\john
C:\git\gemmamonster-2026.4-unified-20260911\bazel-out\x64_windows-opt\bin\external\espeak_ng\espeak-ng.build_tmpdir\espeak-ng-data\voices\!v\kaukovalta
C:\git\gemmamonster-2026.4-unified-20260911\bazel-out\x64_windows-opt\bin\external\espeak_ng\espeak-ng.build_tmpdir\espeak-ng-data\voices\!v\klatt
C:\git\gemmamonster-2026.4-unified-20260911\bazel-out\x64_windows-opt\bin\external\espeak_ng\espeak-ng.build_tmpdir\espeak-ng-data\voices\!v\klatt2
C:\git\gemmamonster-2026.4-unified-20260911\bazel-out\x64_windows-opt\bin\external\espeak_ng\espeak-ng.build_tmpdir\espeak-ng-data\voices\!v\klatt3
C:\git\gemmamonster-2026.4-unified-20260911\bazel-out\x64_windows-opt\bin\external\espeak_ng\espeak-ng.build_tmpdir\espeak-ng-data\voices\!v\klatt4
C:\git\gemmamonster-2026.4-unified-20260911\bazel-out\x64_windows-opt\bin\external\espeak_ng\espeak-ng.build_tmpdir\espeak-ng-data\voices\!v\klatt5
C:\git\gemmamonster-2026.4-unified-20260911\bazel-out\x64_windows-opt\bin\external\espeak_ng\espeak-ng.build_tmpdir\espeak-ng-data\voices\!v\klatt6
C:\git\gemmamonster-2026.4-unified-20260911\bazel-out\x64_windows-opt\bin\external\espeak_ng\espeak-ng.build_tmpdir\espeak-ng-data\voices\!v\Lee
C:\git\gemmamonster-2026.4-unified-20260911\bazel-out\x64_windows-opt\bin\external\espeak_ng\espeak-ng.build_tmpdir\espeak-ng-data\voices\!v\linda
C:\git\gemmamonster-2026.4-unified-20260911\bazel-out\x64_windows-opt\bin\external\espeak_ng\espeak-ng.build_tmpdir\espeak-ng-data\voices\!v\m1
C:\git\gemmamonster-2026.4-unified-20260911\bazel-out\x64_windows-opt\bin\external\espeak_ng\espeak-ng.build_tmpdir\espeak-ng-data\voices\!v\m2
C:\git\gemmamonster-2026.4-unified-20260911\bazel-out\x64_windows-opt\bin\external\espeak_ng\espeak-ng.build_tmpdir\espeak-ng-data\voices\!v\m3
C:\git\gemmamonster-2026.4-unified-20260911\bazel-out\x64_windows-opt\bin\external\espeak_ng\espeak-ng.build_tmpdir\espeak-ng-data\voices\!v\m4
C:\git\gemmamonster-2026.4-unified-20260911\bazel-out\x64_windows-opt\bin\external\espeak_ng\espeak-ng.build_tmpdir\espeak-ng-data\voices\!v\m5
C:\git\gemmamonster-2026.4-unified-20260911\bazel-out\x64_windows-opt\bin\external\espeak_ng\espeak-ng.build_tmpdir\espeak-ng-data\voices\!v\m6
C:\git\gemmamonster-2026.4-unified-20260911\bazel-out\x64_windows-opt\bin\external\espeak_ng\espeak-ng.build_tmpdir\espeak-ng-data\voices\!v\m7
C:\git\gemmamonster-2026.4-unified-20260911\bazel-out\x64_windows-opt\bin\external\espeak_ng\espeak-ng.build_tmpdir\espeak-ng-data\voices\!v\m8
C:\git\gemmamonster-2026.4-unified-20260911\bazel-out\x64_windows-opt\bin\external\espeak_ng\espeak-ng.build_tmpdir\espeak-ng-data\voices\!v\marcelo
C:\git\gemmamonster-2026.4-unified-20260911\bazel-out\x64_windows-opt\bin\external\espeak_ng\espeak-ng.build_tmpdir\espeak-ng-data\voices\!v\Marco
C:\git\gemmamonster-2026.4-unified-20260911\bazel-out\x64_windows-opt\bin\external\espeak_ng\espeak-ng.build_tmpdir\espeak-ng-data\voices\!v\Mario
C:\git\gemmamonster-2026.4-unified-20260911\bazel-out\x64_windows-opt\bin\external\espeak_ng\espeak-ng.build_tmpdir\espeak-ng-data\voices\!v\max
C:\git\gemmamonster-2026.4-unified-20260911\bazel-out\x64_windows-opt\bin\external\espeak_ng\espeak-ng.build_tmpdir\espeak-ng-data\voices\!v\Michael
C:\git\gemmamonster-2026.4-unified-20260911\bazel-out\x64_windows-opt\bin\external\espeak_ng\espeak-ng.build_tmpdir\espeak-ng-data\voices\!v\michel
C:\git\gemmamonster-2026.4-unified-20260911\bazel-out\x64_windows-opt\bin\external\espeak_ng\espeak-ng.build_tmpdir\espeak-ng-data\voices\!v\miguel
C:\git\gemmamonster-2026.4-unified-20260911\bazel-out\x64_windows-opt\bin\external\espeak_ng\espeak-ng.build_tmpdir\espeak-ng-data\voices\!v\Mike
C:\git\gemmamonster-2026.4-unified-20260911\bazel-out\x64_windows-opt\bin\external\espeak_ng\espeak-ng.build_tmpdir\espeak-ng-data\voices\!v\mike2
C:\git\gemmamonster-2026.4-unified-20260911\bazel-out\x64_windows-opt\bin\external\espeak_ng\espeak-ng.build_tmpdir\espeak-ng-data\voices\!v\Mr serious
C:\git\gemmamonster-2026.4-unified-20260911\bazel-out\x64_windows-opt\bin\external\espeak_ng\espeak-ng.build_tmpdir\espeak-ng-data\voices\!v\Nguyen
C:\git\gemmamonster-2026.4-unified-20260911\bazel-out\x64_windows-opt\bin\external\espeak_ng\espeak-ng.build_tmpdir\espeak-ng-data\voices\!v\norbert
C:\git\gemmamonster-2026.4-unified-20260911\bazel-out\x64_windows-opt\bin\external\espeak_ng\espeak-ng.build_tmpdir\espeak-ng-data\voices\!v\pablo
C:\git\gemmamonster-2026.4-unified-20260911\bazel-out\x64_windows-opt\bin\external\espeak_ng\espeak-ng.build_tmpdir\espeak-ng-data\voices\!v\paul
C:\git\gemmamonster-2026.4-unified-20260911\bazel-out\x64_windows-opt\bin\external\espeak_ng\espeak-ng.build_tmpdir\espeak-ng-data\voices\!v\pedro
C:\git\gemmamonster-2026.4-unified-20260911\bazel-out\x64_windows-opt\bin\external\espeak_ng\espeak-ng.build_tmpdir\espeak-ng-data\voices\!v\quincy
C:\git\gemmamonster-2026.4-unified-20260911\bazel-out\x64_windows-opt\bin\external\espeak_ng\espeak-ng.build_tmpdir\espeak-ng-data\voices\!v\Reed
C:\git\gemmamonster-2026.4-unified-20260911\bazel-out\x64_windows-opt\bin\external\espeak_ng\espeak-ng.build_tmpdir\espeak-ng-data\voices\!v\RicishayMax
C:\git\gemmamonster-2026.4-unified-20260911\bazel-out\x64_windows-opt\bin\external\espeak_ng\espeak-ng.build_tmpdir\espeak-ng-data\voices\!v\RicishayMax2
C:\git\gemmamonster-2026.4-unified-20260911\bazel-out\x64_windows-opt\bin\external\espeak_ng\espeak-ng.build_tmpdir\espeak-ng-data\voices\!v\RicishayMax3
C:\git\gemmamonster-2026.4-unified-20260911\bazel-out\x64_windows-opt\bin\external\espeak_ng\espeak-ng.build_tmpdir\espeak-ng-data\voices\!v\rob
C:\git\gemmamonster-2026.4-unified-20260911\bazel-out\x64_windows-opt\bin\external\espeak_ng\espeak-ng.build_tmpdir\espeak-ng-data\voices\!v\robert
C:\git\gemmamonster-2026.4-unified-20260911\bazel-out\x64_windows-opt\bin\external\espeak_ng\espeak-ng.build_tmpdir\espeak-ng-data\voices\!v\robosoft
C:\git\gemmamonster-2026.4-unified-20260911\bazel-out\x64_windows-opt\bin\external\espeak_ng\espeak-ng.build_tmpdir\espeak-ng-data\voices\!v\robosoft2
C:\git\gemmamonster-2026.4-unified-20260911\bazel-out\x64_windows-opt\bin\external\espeak_ng\espeak-ng.build_tmpdir\espeak-ng-data\voices\!v\robosoft3
C:\git\gemmamonster-2026.4-unified-20260911\bazel-out\x64_windows-opt\bin\external\espeak_ng\espeak-ng.build_tmpdir\espeak-ng-data\voices\!v\robosoft4
C:\git\gemmamonster-2026.4-unified-20260911\bazel-out\x64_windows-opt\bin\external\espeak_ng\espeak-ng.build_tmpdir\espeak-ng-data\voices\!v\robosoft5
C:\git\gemmamonster-2026.4-unified-20260911\bazel-out\x64_windows-opt\bin\external\espeak_ng\espeak-ng.build_tmpdir\espeak-ng-data\voices\!v\robosoft6
C:\git\gemmamonster-2026.4-unified-20260911\bazel-out\x64_windows-opt\bin\external\espeak_ng\espeak-ng.build_tmpdir\espeak-ng-data\voices\!v\robosoft7
C:\git\gemmamonster-2026.4-unified-20260911\bazel-out\x64_windows-opt\bin\external\espeak_ng\espeak-ng.build_tmpdir\espeak-ng-data\voices\!v\robosoft8
C:\git\gemmamonster-2026.4-unified-20260911\bazel-out\x64_windows-opt\bin\external\espeak_ng\espeak-ng.build_tmpdir\espeak-ng-data\voices\!v\sandro
C:\git\gemmamonster-2026.4-unified-20260911\bazel-out\x64_windows-opt\bin\external\espeak_ng\espeak-ng.build_tmpdir\espeak-ng-data\voices\!v\shelby
C:\git\gemmamonster-2026.4-unified-20260911\bazel-out\x64_windows-opt\bin\external\espeak_ng\espeak-ng.build_tmpdir\espeak-ng-data\voices\!v\steph
C:\git\gemmamonster-2026.4-unified-20260911\bazel-out\x64_windows-opt\bin\external\espeak_ng\espeak-ng.build_tmpdir\espeak-ng-data\voices\!v\steph2
C:\git\gemmamonster-2026.4-unified-20260911\bazel-out\x64_windows-opt\bin\external\espeak_ng\espeak-ng.build_tmpdir\espeak-ng-data\voices\!v\steph3
C:\git\gemmamonster-2026.4-unified-20260911\bazel-out\x64_windows-opt\bin\external\espeak_ng\espeak-ng.build_tmpdir\espeak-ng-data\voices\!v\Storm
C:\git\gemmamonster-2026.4-unified-20260911\bazel-out\x64_windows-opt\bin\external\espeak_ng\espeak-ng.build_tmpdir\espeak-ng-data\voices\!v\travis
C:\git\gemmamonster-2026.4-unified-20260911\bazel-out\x64_windows-opt\bin\external\espeak_ng\espeak-ng.build_tmpdir\espeak-ng-data\voices\!v\Tweaky
C:\git\gemmamonster-2026.4-unified-20260911\bazel-out\x64_windows-opt\bin\external\espeak_ng\espeak-ng.build_tmpdir\espeak-ng-data\voices\!v\UniRobot
C:\git\gemmamonster-2026.4-unified-20260911\bazel-out\x64_windows-opt\bin\external\espeak_ng\espeak-ng.build_tmpdir\espeak-ng-data\voices\!v\victor
C:\git\gemmamonster-2026.4-unified-20260911\bazel-out\x64_windows-opt\bin\external\espeak_ng\espeak-ng.build_tmpdir\espeak-ng-data\voices\!v\whisper
C:\git\gemmamonster-2026.4-unified-20260911\bazel-out\x64_windows-opt\bin\external\espeak_ng\espeak-ng.build_tmpdir\espeak-ng-data\voices\!v\whisperf
C:\git\gemmamonster-2026.4-unified-20260911\bazel-out\x64_windows-opt\bin\external\espeak_ng\espeak-ng.build_tmpdir\espeak-ng-data\voices\!v\zac
365 File(s) copied
C:\git\gemmamonster-2026.4-unified-20260911\setupvars.bat
C:\git\gemmamonster-2026.4-unified-20260911\setupvars.ps1
        2 file(s) copied.
        1 file(s) copied.
C:\opt\opencv_4.14.0\etc\licenses\ade-LICENSE
C:\opt\opencv_4.14.0\etc\licenses\dlpack-LICENSE
C:\opt\opencv_4.14.0\etc\licenses\features2d-LICENSE.AKAZE
C:\opt\opencv_4.14.0\etc\licenses\features2d-LICENSE.KAZE
C:\opt\opencv_4.14.0\etc\licenses\ffmpeg-license.txt
C:\opt\opencv_4.14.0\etc\licenses\ffmpeg-readme.txt
C:\opt\opencv_4.14.0\etc\licenses\flatbuffers-LICENSE.txt
C:\opt\opencv_4.14.0\etc\licenses\ippicv-EULA.rtf
C:\opt\opencv_4.14.0\etc\licenses\ippicv-readme.htm
C:\opt\opencv_4.14.0\etc\licenses\ippicv-third-party-programs.txt
C:\opt\opencv_4.14.0\etc\licenses\ippiw-EULA.rtf
C:\opt\opencv_4.14.0\etc\licenses\ippiw-support.txt
C:\opt\opencv_4.14.0\etc\licenses\ippiw-third-party-programs.txt
C:\opt\opencv_4.14.0\etc\licenses\ittnotify-BSD-3-Clause.txt
C:\opt\opencv_4.14.0\etc\licenses\ittnotify-GPL-2.0-only.txt
C:\opt\opencv_4.14.0\etc\licenses\libjpeg-turbo-LICENSE.md
C:\opt\opencv_4.14.0\etc\licenses\libjpeg-turbo-README.ijg
C:\opt\opencv_4.14.0\etc\licenses\libjpeg-turbo-README.md
C:\opt\opencv_4.14.0\etc\licenses\libopenjp2-LICENSE
C:\opt\opencv_4.14.0\etc\licenses\libopenjp2-README.md
C:\opt\opencv_4.14.0\etc\licenses\libpng-LICENSE
C:\opt\opencv_4.14.0\etc\licenses\libpng-README
C:\opt\opencv_4.14.0\etc\licenses\mscr-chi_table_LICENSE.txt
C:\opt\opencv_4.14.0\etc\licenses\opencl-headers-LICENSE.txt
C:\opt\opencv_4.14.0\etc\licenses\protobuf-LICENSE
C:\opt\opencv_4.14.0\etc\licenses\protobuf-README.md
C:\opt\opencv_4.14.0\etc\licenses\SoftFloat-COPYING.txt
C:\opt\opencv_4.14.0\etc\licenses\zlib-LICENSE
       28 file(s) copied.
        1 file(s) copied.
        1 file(s) copied.
        1 file(s) copied.
C:\git\gemmamonster-2026.4-unified-20260911\release_files\thirdparty-licenses\absl.LICENSE.txt
C:\git\gemmamonster-2026.4-unified-20260911\release_files\thirdparty-licenses\aws-c-common.LICENSE.txt
C:\git\gemmamonster-2026.4-unified-20260911\release_files\thirdparty-licenses\aws-c-event-stream.LICENSE.txt
C:\git\gemmamonster-2026.4-unified-20260911\release_files\thirdparty-licenses\aws-checksums.LICENSE.txt
C:\git\gemmamonster-2026.4-unified-20260911\release_files\thirdparty-licenses\aws-sdk-cpp.LICENSE.txt
C:\git\gemmamonster-2026.4-unified-20260911\release_files\thirdparty-licenses\azure-storage-cpp.LICENSE.txt
C:\git\gemmamonster-2026.4-unified-20260911\release_files\thirdparty-licenses\blingfire.LICENSE.txt
C:\git\gemmamonster-2026.4-unified-20260911\release_files\thirdparty-licenses\boost.LICENSE.txt
C:\git\gemmamonster-2026.4-unified-20260911\release_files\thirdparty-licenses\boringssl.LICENSE.txt
C:\git\gemmamonster-2026.4-unified-20260911\release_files\thirdparty-licenses\cpprestsdk.LICENSE.txt
C:\git\gemmamonster-2026.4-unified-20260911\release_files\thirdparty-licenses\curl.LICENSE.txt
C:\git\gemmamonster-2026.4-unified-20260911\release_files\thirdparty-licenses\cxxopts.LICENSE.txt
C:\git\gemmamonster-2026.4-unified-20260911\release_files\thirdparty-licenses\drogon.LICENSE.txt
C:\git\gemmamonster-2026.4-unified-20260911\release_files\thirdparty-licenses\farmhash.LICENSE.txt
C:\git\gemmamonster-2026.4-unified-20260911\release_files\thirdparty-licenses\fmt.LICENSE.txt
C:\git\gemmamonster-2026.4-unified-20260911\release_files\thirdparty-licenses\fmtlib.LICENSE.txt
C:\git\gemmamonster-2026.4-unified-20260911\release_files\thirdparty-licenses\GENAI-third-party-programs.LICENSE.txt
C:\git\gemmamonster-2026.4-unified-20260911\release_files\thirdparty-licenses\giflib.LICENSE.txt
C:\git\gemmamonster-2026.4-unified-20260911\release_files\thirdparty-licenses\glog-LICENSE.txt
C:\git\gemmamonster-2026.4-unified-20260911\release_files\thirdparty-licenses\google-cloud-cpp.LICENSE.txt
C:\git\gemmamonster-2026.4-unified-20260911\release_files\thirdparty-licenses\googleapis.LICENSE.txt
C:\git\gemmamonster-2026.4-unified-20260911\release_files\thirdparty-licenses\grpcs.LICENSE.txt
C:\git\gemmamonster-2026.4-unified-20260911\release_files\thirdparty-licenses\highwayhash.LICENSE.txt
C:\git\gemmamonster-2026.4-unified-20260911\release_files\thirdparty-licenses\hwloc.LICENSE.txt
C:\git\gemmamonster-2026.4-unified-20260911\release_files\thirdparty-licenses\icu.LICENSE.txt
C:\git\gemmamonster-2026.4-unified-20260911\release_files\thirdparty-licenses\libevent.LICENSE.txt
C:\git\gemmamonster-2026.4-unified-20260911\release_files\thirdparty-licenses\libgt2.LICENSE.txt
C:\git\gemmamonster-2026.4-unified-20260911\release_files\thirdparty-licenses\libjpeg-turbo.LICENSE.txt
C:\git\gemmamonster-2026.4-unified-20260911\release_files\thirdparty-licenses\libuuid.LICENSE.txt
C:\git\gemmamonster-2026.4-unified-20260911\release_files\thirdparty-licenses\libwebp-COPYING.LICENSE.txt
C:\git\gemmamonster-2026.4-unified-20260911\release_files\thirdparty-licenses\libxml2.LICENSE.txt
C:\git\gemmamonster-2026.4-unified-20260911\release_files\thirdparty-licenses\minitrace.LICENSE.txt
C:\git\gemmamonster-2026.4-unified-20260911\release_files\thirdparty-licenses\mkl_dnn.LICENSE.txt
C:\git\gemmamonster-2026.4-unified-20260911\release_files\thirdparty-licenses\ngsolve.LICENSE.txt
C:\git\gemmamonster-2026.4-unified-20260911\release_files\thirdparty-licenses\nsync.LICENSE.txt
C:\git\gemmamonster-2026.4-unified-20260911\release_files\thirdparty-licenses\opencv.LICENSE.txt
C:\git\gemmamonster-2026.4-unified-20260911\release_files\thirdparty-licenses\openvino.LICENSE.txt
C:\git\gemmamonster-2026.4-unified-20260911\release_files\thirdparty-licenses\prometheus-cpp.LICENSE.txt
C:\git\gemmamonster-2026.4-unified-20260911\release_files\thirdparty-licenses\protobuf.LICENSE.txt
C:\git\gemmamonster-2026.4-unified-20260911\release_files\thirdparty-licenses\rapidjson.LICENSE.txt
C:\git\gemmamonster-2026.4-unified-20260911\release_files\thirdparty-licenses\re2.LICENSE.txt
C:\git\gemmamonster-2026.4-unified-20260911\release_files\thirdparty-licenses\snappy.LICENSE.txt
C:\git\gemmamonster-2026.4-unified-20260911\release_files\thirdparty-licenses\spdlog.LICENSE.txt
C:\git\gemmamonster-2026.4-unified-20260911\release_files\thirdparty-licenses\stbi.LICENSE.txt
C:\git\gemmamonster-2026.4-unified-20260911\release_files\thirdparty-licenses\TBB-LICENSE
C:\git\gemmamonster-2026.4-unified-20260911\release_files\thirdparty-licenses\tensorflow-serving.LICENSE.txt
C:\git\gemmamonster-2026.4-unified-20260911\release_files\thirdparty-licenses\tensorflow.LICENSE.txt
C:\git\gemmamonster-2026.4-unified-20260911\release_files\thirdparty-licenses\triton-inference-server.LICENSE.txt
C:\git\gemmamonster-2026.4-unified-20260911\release_files\thirdparty-licenses\winReg-LICENSE.txt
C:\git\gemmamonster-2026.4-unified-20260911\release_files\thirdparty-licenses\zlib.LICENSE.txt
       50 file(s) copied.
        1 file(s) copied.
Adding curl licenses from curl-8.21.0_7-win64-mingw...
        1 file(s) copied.
        1 file(s) copied.
        1 file(s) copied.
        1 file(s) copied.
        1 file(s) copied.
        1 file(s) copied.
        1 file(s) copied.
        1 file(s) copied.
        1 file(s) copied.
        1 file(s) copied.
        1 file(s) copied.
"OpenVINO Model Server Environment Initialized"
OpenVINO Model Server 2026.4.0.908d66956
OpenVINO backend 2026.4.0-22955-227c33757d1-releases/2026/4
OpenVINO GenAI backend 2026.4.0.0-3407-7ea2546852a
Bazel build flags: --config=win_mp_on_py_on
OpenVINO Model Server
Usage:
  C:\gemmamonster-artifacts\candidates\2026.4\908d6695-maintainer-rc2-rc2-product-20260913T223554Z\ovms\ovms.exe [OPTION...]

  -h, --help                    Show this help message and exit
      --version                 Show binary version
      --port PORT               gRPC server port (default: 0)
      --grpc_bind_address GRPC_BIND_ADDRESS
                                Network interface address to bind to for 
                                the gRPC API (default: 0.0.0.0)
      --rest_port REST_PORT     REST server port, the REST server will not 
                                be started if rest_port is blank or set to 
                                0 (default: 0)
      --rest_bind_address REST_BIND_ADDRESS
                                Network interface address to bind to for 
                                the REST API (default: 0.0.0.0)
      --grpc_workers GRPC_WORKERS
                                Number of gRPC servers. Default 1. Increase 
                                for multi client, high throughput scenarios 
                                (default: 1)
      --grpc_max_threads GRPC_MAX_THREADS
                                Maximum number of threads which can be used 
                                by the gRPC server. Default value depends 
                                on number of CPUs.
      --grpc_memory_quota GRPC_MEMORY_QUOTA
                                GRPC server buffer memory quota. Default 
                                value set to 2147483648 (2GB).
      --rest_workers REST_WORKERS
                                Number of worker threads in REST server - 
                                has no effect if rest_port is not set. 
                                Default value depends on number of CPUs. 
      --log_level LOG_LEVEL     serving log level - one of TRACE, DEBUG, 
                                INFO, WARNING, ERROR (default: INFO)
      --log_path LOG_PATH       Optional path to the log file
      --verbose_response        When enabled, responses include an extra 
                                "__verbose" object with additional debug 
                                information.
      --disable_input_count_validation
                                When enabled, OVMS allows inference 
                                requests to include additional, 
                                unrecognized inputs beyond the 
                                model/pipeline signature (extra inputs are 
                                ignored). Required inputs must still be 
                                present, and shape/precision validation is 
                                still performed for recognized inputs. 
                                Default: false (extra inputs cause the 
                                request to be rejected).
      --grpc_channel_arguments GRPC_CHANNEL_ARGUMENTS
                                A comma separated list of arguments to be 
                                passed to the gRPC server. (e.g. 
                                grpc.max_connection_age_ms=2000)
      --file_system_poll_wait_seconds FILE_SYSTEM_POLL_WAIT_SECONDS
                                Time interval between config and model 
                                versions changes detection. Default is 1. 
                                Zero or negative value disables changes 
                                monitoring. (default: 1)
      --idle_unload_timeout_seconds IDLE_UNLOAD_TIMEOUT_SECONDS
                                Idle timeout in seconds for model group 
                                unloading. When > 0, models not in the 
                                'permanent' group are loaded on demand and 
                                unloaded after this idle period. Only 
                                effective with config.json multi-model 
                                setup. Default is 0 (disabled). (default: 
                                0)
      --custom_node_resources_cleaner_interval_seconds CUSTOM_NODE_RESOURCES_CLEANER_INTERVAL_SECONDS
                                Time interval between two consecutive 
                                resources cleanup scans. Default is 300. 
                                Zero value disables resources cleaner. 
                                (default: 300)
      --cache_dir CACHE_DIR     Overrides model cache directory. By default 
                                cache files are saved 
                                intoc:\Intel\openvino_cache if the 
                                directory is present. When enabled, first 
                                model load will produce cache files.
      --metrics_enable          Flag enabling metrics endpoint on 
                                rest_port.
      --metrics_list METRICS_LIST
                                Comma separated list of metrics. If unset, 
                                only default metrics will be enabled. 
                                Default metrics: ovms_requests_success, 
                                ovms_requests_fail, ovms_request_time_us, 
                                ovms_streams, ovms_inference_time_us, 
                                ovms_wait_for_infer_req_time_us. When set, 
                                only the listed metrics will be enabled. 
                                Optional metrics: 
                                ovms_infer_req_queue_size, 
                                ovms_infer_req_active. (default: "")
      --cpu_extension CPU_EXTENSION
                                A path to shared library containing custom 
                                CPU layer implementation. Default: empty. 
                                (default: "")
      --allowed_media_domains ALLOWED_MEDIA_DOMAINS
                                Comma separated list of media domains from 
                                which URLs can be used as input for LLMs. 
                                Set to "all" to disable this restriction.
      --allowed_local_media_path ALLOWED_LOCAL_MEDIA_PATH
                                Path to directory that contains multimedia 
                                files that can be used as input for LLMs.
      --allow_credentials       Flag enabling credentials on the API.
      --allowed_origins ALLOWED_ORIGINS
                                Comma separated list of origins that are 
                                allowed to access the API. Default: *. 
                                (default: *)
      --allowed_methods ALLOWED_METHODS
                                Comma separated list of methods that are 
                                allowed to access the API. Default: *. 
                                (default: *)
      --allowed_headers ALLOWED_HEADERS
                                Comma separated list of headers that are 
                                allowed to access the API. Default: *. 
                                (default: *)
      --api_key_file API_KEY    path to the text file containing API key 
                                for authentication for generative 
                                endpoints. If not set, authentication is 
                                disabled. (default: "")

 multi model options:
      --config_path CONFIG_PATH
                                Absolute path to json configuration file

 single model options:
      --model_name MODEL_NAME   Name of the model
      --model_path MODEL_PATH   Folder with AI model versions or with 
                                mediapipe graph
      --batch_size BATCH_SIZE   Resets models batchsize, int value or auto. 
                                This parameter will be ignored if shape is 
                                set
      --shape SHAPE             Resets models shape (model must support 
                                reshaping). If set, batch_size parameter is 
                                ignored
      --layout LAYOUT           Resets model layout. It should be in format 
                                <TARGET_LAYOUT>:<SOURCE_LAYOUT> e.g. 
                                NCHW:NHWC
      --mean MEAN               Resets model mean.
      --scale SCALE             Resets model scale.
      --color_format COLOR_FORMAT
                                Resets model color format. It should be in 
                                format 
                                <TARGET_COLOR_FORMAT>:<SOURCE_COLOR_FORMAT> 
                                e.g. BGR:RGB
      --precision PRECISION     Resets model precision.
      --model_version_policy MODEL_VERSION_POLICY
                                Model version policy
      --nireq NIREQ             Size of inference request queue for model 
                                executions. Recommended to be >= parallel 
                                executions. Default value calculated by 
                                OpenVINO based on available resources. 
                                Request for 0 is treated as request for 
                                default value
      --target_device TARGET_DEVICE
                                Target device to run the inference. 
                                Default: auto-detected based on available 
                                devices. (default: "")
      --plugin_config PLUGIN_CONFIG
                                A dictionary of plugin configuration keys 
                                and their values, eg "{\"NUM_STREAMS\": 
                                \"1\"}". Default number of streams is 
                                optimized to optimal latency with low 
                                concurrency.

 pull hf model options:
      --pull                    Pull model from HF. Uses optional 
                                environment variables: HF_TOKEN - when set 
                                used for authentication, HF_ENDPOINT - when 
                                set replaces huggingface.co for model 
                                download.
      --source_model HF_SOURCE  HF source model path
      --source_loras SOURCE_LORAS
                                LoRA adapters for image generation. Format: 
                                alias1=org1/repo1,alias2=org2/repo2@file.saf
                                etensors,alias3=https://url/file.safetensors
                                ,alias4=/local/path/file.safetensors
      --gguf_filename GGUF_FILENAME
                                Name of the GGUF file
      --overwrite_models        Overwrite the model if it already exists in 
                                the models repository
      --model_repository_path MODEL_REPOSITORY_PATH
                                HF model destination download path 
                                (default: C:\llm\models)
      --weight-format WEIGHT_FORMAT
                                Model precision used in optimum-cli export 
                                with conversion (default: int8)
      --extra_quantization_params EXTRA_QUANTIZATION_PARAMS
                                Model quantization parameters used in 
                                optimum-cli export with conversion for text 
                                generation models

 generative task (applies to: pull hf model, configure, single model) options:
      --task TASK  Specifies the generative task for the local model. It 
                   should be followed by task specific parameters. 
                   Supported tasks: text_generation, embeddings, rerank, 
                   image_generation, text2speech, speech2text. It creates 
                   the pipeline graph in memory based on the provided 
                   task-specific options. If not provided, default task 
                   value is inferred from model config.
      --configure  Create or update graph.pbtxt for the model specified by 
                   --model_path and --task. Does not start the server.

configure mode (create or update graph.pbtxt for a local model):
  ovms --configure --model_path <MODEL_PATH> --task <TASK> [TASK OPTIONS ...]

config management commands:
Usage:
  ovms --add_to_config --config_path <CONFIG_PATH> --model_name <MODEL_NAME> --model_repository_path <MODEL_REPO_PATH> 
  ovms --add_to_config --config_path <CONFIG_PATH> --model_path <MODEL_PATH> --model_name <MODEL_NAME> --group_name <GROUP> 
  ovms --remove_from_config --config_path <CONFIG_PATH> --model_name <MODEL_NAME>

 config management options:
      --list_models             Directive to show available servables in 
                                models repository
      --add_to_config           Directive to add a model to configuration 
                                file. This parameter should be executed 
                                with --model_name, --config_path and either 
                                with --model_path or 
                                --model_repository_path.
      --remove_from_config      Directive to remove a model from 
                                configuration file. This parameter should 
                                be executed with --config_path and 
                                --model_name to specify which model to 
                                remove.
      --model_repository_path MODEL_REPOSITORY_PATH
                                Absolute or relative path from the config 
                                directory to the model repository (default: 
                                C:\llm\models)
      --model_path MODEL_PATH   Absolute or relative path from the config 
                                directory to the model. By default is a 
                                combination of the model_repository_path 
                                and model_name.
      --model_name MODEL_NAME   Name of the model
      --group_name GROUP_NAME   Optional group name for idle model group 
                                management
      --config_path CONFIG_PATH
                                Path to json configuration file (default: 
                                C:\llm\models/config.json)

--task text_generation options
Usage:
  ovms --pull --task text_generation [OPTIONS...]
  ovms --configure --model_path <MODEL_PATH> --task text_generation [OPTIONS...] [OPTION...]

 text generation options:
      --max_num_seqs MAX_NUM_SEQS
                                The maximum number of sequences that can be 
                                processed together. Default 256. (default: 
                                256)
      --pipeline_type PIPELINE_TYPE
                                Type of the pipeline to be used: Choices 
                                LM, LM_CB, VLM, VLM_CB, AUTO. AUTO is used 
                                by default.
      --enable_prefix_caching ENABLE_PREFIX_CACHING
                                This algorithm is used to cache the prompt 
                                tokens. (default: true)
      --max_num_batched_tokens MAX_NUM_BATCHED_TOKENS
                                empty or integer. The maximum number of 
                                tokens that can be batched together.
      --cache_size CACHE_SIZE   KV cache size in GB, default is 0 which 
                                mean dynamic allocation. (default: 0)
      --draft_source_model DRAFT_SOURCE_MODEL
                                HF model name or path to the local folder 
                                with PyTorch or OpenVINO draft model.
      --draft_model_path DRAFT_MODEL_PATH
                                Absolute path to an already-exported 
                                OpenVINO draft model directory (use instead 
                                of --draft_source_model for local models).
      --draft_device DRAFT_DEVICE
                                Device to run the draft model on. Defaults 
                                to the same device as the main model.
      --draft_eagle3_mode       [Deprecated] Draft model strategy is now 
                                auto-detected from model artifacts; this 
                                flag is accepted but ignored.
      --dynamic_split_fuse DYNAMIC_SPLIT_FUSE
                                Dynamic split fuse algorithm enabled. 
                                Default true. (default: true)
      --reasoning_parser REASONING_PARSER
                                Reasoning parser
      --tool_parser TOOL_PARSER
                                Tool parser
      --enable_tool_guided_generation ENABLE_TOOL_GUIDED_GENERATION
                                Enables enforcing tool schema during 
                                generation. Requires setting tool parser. 
                                Default: false. (default: false)
      --cache_interval_multiplier CACHE_INTERVAL_MULTIPLIER
                                Multiplier for the KV cache block interval. 
                                Controls the granularity of cache 
                                allocation. Default: unset.

 plugin config options:
      --max_prompt_len MAX_PROMPT_LEN
                                Sets NPU specific property for maximum 
                                number of tokens in the prompt.
      --kv_cache_precision KV_CACHE_PRECISION
                                u8 or empty (model default). Reduced kv 
                                cache precision to u8 lowers the cache size 
                                consumption. (default: "")
      --model_distribution_policy MODEL_DISTRIBUTION_POLICY
                                TENSOR_PARALLEL, PIPELINE_PARALLEL or empty 
                                (model default). Sets model distribution 
                                policy for inference with multiple 
                                sockets/devices.

--task rerank options
Usage:
  ovms --pull --task rerank [OPTIONS...]
  ovms --configure --model_path <MODEL_PATH> --task rerank [OPTIONS...] [OPTION...]

 rerank options:
      --num_streams NUM_STREAMS
                                The number of parallel execution streams to 
                                use for the model. Use at least 2 on 2 
                                socket CPU systems. (default: 1)
      --max_allowed_chunks MAX_ALLOWED_CHUNKS
                                Maximum allowed chunks. (default: 10000)

--task embeddings options
Usage:
  ovms --pull --task embeddings [OPTIONS...]
  ovms --configure --model_path <MODEL_PATH> --task embeddings [OPTIONS...] [OPTION...]

 embeddings options:
      --num_streams NUM_STREAMS
                                The number of parallel execution streams to 
                                use for the model. Use at least 2 on 2 
                                socket CPU systems. (default: 1)
      --normalize NORMALIZE     Normalize the embeddings. (default: true)
      --truncate truncate       Truncate input when it exceeds model 
                                context length. (default: false)
      --pooling POOLING         Pooling option. One of: CLS, LAST, MEAN. If 
                                omitted, OVMS will detect pooling 
                                automatically.
      --max_length MAX_LENGTH   Maximum input length in tokens. If omitted, 
                                OVMS will detect it from the model's 
                                config.json.

--task image_generation options
Usage:
  ovms --pull --task image_generation [OPTIONS...]
  ovms --configure --model_path <MODEL_PATH> --task image_generation [OPTIONS...] [OPTION...]

 image_generation options:
      --resolution RESOLUTION   Allowed resolutions in a format list of 
                                WxH; W=width H=height - space separated. If 
                                not specified, inherited from model. If one 
                                is specified, the pipeline will be reshaped 
                                to static.
      --max_resolution MAX_RESOLUTION
                                Max allowed resolution in a format of WxH; 
                                W=width H=height. If not specified, 
                                inherited from model.
      --default_resolution DEFAULT_RESOLUTION
                                Default resolution when not specified by 
                                client in a format of WxH; W=width 
                                H=height. If not specified, inherited from 
                                model.
      --num_images_per_prompt NUM_IMAGES_PER_PROMPT
                                Number of images client is allowed to 
                                request. Can only be used when resolution 
                                parameter is specified and static. By 
                                default, inherited from GenAI (1).
      --guidance_scale GUIDANCE_SCALE
                                Guidance scale used for static pipeline 
                                reshape. Can only be used when resolution 
                                parameter is specified and static. By 
                                default, inherited from GenAI (7.5).
      --max_num_images_per_prompt MAX_NUM_IMAGES_PER_PROMPT
                                Max allowed number of images client is 
                                allowed to request for a given prompt.
      --default_num_inference_steps DEFAULT_NUM_INFERENCE_STEPS
                                Default number of inference steps when not 
                                specified by client.
      --max_num_inference_steps MAX_NUM_INFERENCE_STEPS
                                Max allowed number of inference steps 
                                client is allowed to request for a given 
                                prompt.
      --num_streams NUM_STREAMS
                                The number of parallel execution streams to 
                                use for the image generation models. Use at 
                                least 2 on 2 socket CPU systems.

--task text2speech options
Usage:
  ovms --pull --task text2speech [OPTIONS...]
  ovms --configure --model_path <MODEL_PATH> --task text2speech [OPTIONS...] [OPTION...]

 TextToSpeech options:
      --num_streams NUM_STREAMS
                                The number of parallel execution streams to 
                                use for the model. Use at least 2 on 2 
                                socket CPU systems. (default: 1)
      --model_type MODEL_TYPE   Type of the source TTS model: speecht5 
                                (default) or kokoro. (default: speecht5)
      --vocoder VOCODER         The vocoder model to use for text2speech. 
                                For example microsoft/speecht5_hifigan, 
                                used only with export via optimum-cli.

--task speech2text options
Usage:
  ovms --pull --task speech2text [OPTIONS...]
  ovms --configure --model_path <MODEL_PATH> --task speech2text [OPTIONS...] [OPTION...]

 SpeechToText options:
      --num_streams NUM_STREAMS
                                The number of parallel execution streams to 
                                use for the model. Use at least 2 on 2 
                                socket CPU systems. (default: 1)

tar.exe: Write error
